web_scraper_order,web_scraper_start_url,pagination,price,product_name,rating
"1791097291-1","https://shopee.co.th/search?keyword=apple%20watch%20series%2010&page=3","","1,071","สมาร์ทวอทช์จอใหญ่ โทรผ่านบลูทูธ กันน้ํา ติดตามอัตราการเต้นของหัวใจและนอนหลับ นาฬิกาไทย","4.4"
"1791097291-2","https://shopee.co.th/search?keyword=apple%20watch%20series%2010&page=3","","29,900","[Pre-Order] Apple Watch Ultra 4 GPS + Cellular 49mm Titanium Case with Alpine Loop by Studio 7","4.9 คะแนน"
"1791097291-3","https://shopee.co.th/search?keyword=apple%20watch%20series%2010&page=3","","1,539","Xiaomi สมาร์ทวอทช์ Band 10 by Dotlife","4.8"
"1791097291-4","https://shopee.co.th/search?keyword=apple%20watch%20series%2010&page=3","","3,990","[ลดเหลือ 3112] Kieslect AI Smartwatch Elite2 Noir Edition สมาร์ทวอทช์ หน้าจอ LTPO 2.0 มี GPS -12M","5.0"
"1791097291-5","https://shopee.co.th/search?keyword=apple%20watch%20series%2010&page=3","","148","สมาร์ทวอทช์รุ่นเอช9รุ่นล่าสุด2025 สำหรับผู้ชายและผู้หญิงออกกำลังกายนาฬิกาข้อมือรุ่นHD 2.01","5.0"
"1791097291-6","https://shopee.co.th/search?keyword=apple%20watch%20series%2010&page=3","","313","สมาร์ทวอทช์ Watch 8 หน้าปัดจอ AMOLED HD แสดงผล รองรับ NFC วัดอัตราการเต้นของหัวใจ ติดตามกิจกรรมกีฬา","5.0"
"1791097291-7","https://shopee.co.th/search?keyword=apple%20watch%20series%2010&page=3","","16,900","[Pre-Order] Apple Watch Series 12 GPS 46mm Aluminium Case with Sport Band by Studio 7","4.9 คะแนน"
"1791097291-8","https://shopee.co.th/search?keyword=apple%20watch%20series%2010&page=3","","1,084","แค่ สมาร์ทวอท์ชผู้ชายผู้หญิงบลูทูธโทรกันน้ํากีฬาอัตราการเต้นหัวใจการตรวจสอบการนอนหลับสมาร์ทวอทช์","5.0"
"1791097291-9","https://shopee.co.th/search?keyword=apple%20watch%20series%2010&page=3","","21,830","[New Arrival+โค้ดลด160.-] Amazfit Cheetah 2 Ultra 47มม. สมาร์ทวอทช์ GPS AMOLED Sapphire ไทเทเนียม แผนที่ออฟไลน์ HYROX","5.0"
"1791097291-10","https://shopee.co.th/search?keyword=apple%20watch%20series%2010&page=3","","411","Sorf X10 Ultra3 สมาร์ทวอทช์ Smart Watch รองรับภาษาไทย นาฬิกาสมาร์ทวอทช์ สัมผัสได้เต็มจอ นาฬิกาsport นาฬิกากันน้","4.8"
"1791097291-11","https://shopee.co.th/search?keyword=apple%20watch%20series%2010&page=3","","679","สมาร์ทวอทช์กันน้ําสุดทนทาน ของขวัญวันพ่อสุดเพอร์เฟกต์","4.7 คะแนน"
"1791097291-12","https://shopee.co.th/search?keyword=apple%20watch%20series%2010&page=3","","731","สมาร์ทวอทช์กันน้ําไม่มีหน้าจอปี 2026 สําหรับผู้ชาย/ผู้หญิง ตัวติดตามสุขภาพพร้อมวัดอัตราการเต้นของหัวใจ รองรับ Android & iOS","4.5"
"1791097291-13","https://shopee.co.th/search?keyword=apple%20watch%20series%2010&page=3","","401","สมาร์ทวอทช์กันน้ําปี 2026 รองรับการโทรผ่านบลูทูธ ฟังเพลง และมีโหมดกีฬา 100+ โหมด","4.7 คะแนน"
"1791097291-14","https://shopee.co.th/search?keyword=apple%20watch%20series%2010&page=3","","29,900","Apple Watch Ultra 4 GPS + Cellular 49mm Natural Titanium Case with Translucent Grey Ocean Band","4.9 คะแนน"
"1791097291-15","https://shopee.co.th/search?keyword=apple%20watch%20series%2010&page=3","","197","2026 New Series IW10 Watch S10 Pro Smartwatch Series 10 Smart Watch DIY DIAL Call Bluetooth","4.7"
"1791097291-16","https://shopee.co.th/search?keyword=apple%20watch%20series%2010&page=3","","355","สมาร์ทวอทช์หน้าจอเต็ม 1.45 นิ้ว โทรผ่าน BT กันน้ํา ติดตามสุขภาพ SOS กีฬากลางแจ้ง นาฬิกาดิจิทัล","4.7 คะแนน"
"1791097291-17","https://shopee.co.th/search?keyword=apple%20watch%20series%2010&page=3","","1,846","❥ 2025 ใหม่original Series 10 สําหรับappleนาฬิกาผู้ชาย 2.02 นิ้วamoled Hdหน้าจอเสมอจอแสดงผลnfc","5.0 คะแนน"
"1791097291-18","https://shopee.co.th/search?keyword=apple%20watch%20series%2010&page=3","","345","X10 Max สมาร์ทวอทช์ หน้าจอ AMOLED ชาร์จไร้สาย 45MM รองรับภาษาไทย หน้าจอเต็ม โหมดกีฬา กันน้ำ 2.1นิ้ว","4.0"
"1791097291-19","https://shopee.co.th/search?keyword=apple%20watch%20series%2010&page=3","","1,599","H13 Ultra plus ใหม่ล่าสุด2024 หน้าจอAMOLED ขนาด49mm กันน้ำIP68 ความจำ1GB โทรออกรับสายได้ ตั้งรูปหน้าจอได้ Smartwatch","4.9"
"1791097291-20","https://shopee.co.th/search?keyword=apple%20watch%20series%2010&page=3","","449","Huafit S12 Plus สมาร์ทวอทช์ จอใหญ่ 2.04 นิ้ว โทรได้ Bluetooth IP68 กันน้ำ วัดหัวใจ การจัดการฟิตเนส นาฬิกาออกกำลังกาย","4.9"
"1791097291-21","https://shopee.co.th/search?keyword=apple%20watch%20series%2010&page=3","","499","2026 SmartWatch Ip68กันน้ำ การโทรผ่านบลูทูธ โหมดกีฬาหลายโหมด ชายและหญิงสมาร์ทวอทช์ อัตราการเต้นของหัวใจออกซิเจนในเลือด","4.8"
"1791097291-22","https://shopee.co.th/search?keyword=apple%20watch%20series%2010&page=3","","158","สมาร์ทวอทช์, H9 max, ใหม่ล่าสุด, สำหรับผู้ชายและผู้หญิง, นาฬิกาสปอร์ต, หน้าจอสัมผัส HD 2.01"", รับสายและโทรออก, เพลงบลูทู","4.8"
"1791097291-23","https://shopee.co.th/search?keyword=apple%20watch%20series%2010&page=3","","992","สมาร์ทวอทช์ F9 รุ่นใหม่ นาฬิกาอัจฉริยะโทรผ่านบลูทูธ นาฬิกาออกกําลังกาย วัดอัตราการเต้นของหัวใจ เหมาะกับหน้าร้อน","4.9"
"1791097291-24","https://shopee.co.th/search?keyword=apple%20watch%20series%2010&page=3","","207","S10ultra สมาร์ทวอทช์ T900ultra2, s9ultra Bluetooth Call นาฬิกาผู้ชาย","4.7 คะแนน"
"1791097291-25","https://shopee.co.th/search?keyword=apple%20watch%20series%2010&page=3","","569","ล่าสุด X11Max นาฬิกาข้อมือ หน้าจอสวยคมชัด แจ้งเตือนข้อความ โทรออก-รับสาย เชื่อมต่อได้ทุกระบบ","4.9 คะแนน"
"1791097291-26","https://shopee.co.th/search?keyword=apple%20watch%20series%2010&page=3","","1,099","นาฬิกาอัจฉริยะ Kawa Ultimate วัดอัตราการเต้นหัวใจ กันน้ำ วัดแคลลอรี่ (รองรับภาษาไทย) Smart watch","4.8 คะแนน"
"1791097291-27","https://shopee.co.th/search?keyword=apple%20watch%20series%2010&page=3","","1,599","Smart Watch ULTRA 8 PRO 2023 รุ่นใหม่ล่าสุด 49mm หน้าจอเต็มไร้ขอบ","4.0"
"1791097291-28","https://shopee.co.th/search?keyword=apple%20watch%20series%2010&page=3","","29,900","[Pre-Order] Apple Watch Ultra 4 GPS + Cellular 49mm Titanium Case with Trail Loop by Studio 7","4.9 คะแนน"
"1791097291-29","https://shopee.co.th/search?keyword=apple%20watch%20series%2010&page=3","","29,900","Apple Watch Ultra 4 GPS + Cellular 49mm Natural Titanium Case with Desert Alpine Loop","4.9 คะแนน"
"1791097291-30","https://shopee.co.th/search?keyword=apple%20watch%20series%2010&page=3","","389","ใหม่ล่าสุด X29 Pro max สมาร์ทวอทช์ 2024 จอ45mm คู่มือภาษาไทย รับสายได้ แถมสาย3เส้น","4.8"
"1791097291-31","https://shopee.co.th/search?keyword=apple%20watch%20series%2010&page=3","","177","T800 Ultra smartwatch สำหรับผู้ชายและผู้หญิงพร้อมการโทรผ่านบลูทูธหน้าจอ HD ขนาด 1.99 นิ้ว","4.3"
"1791097291-32","https://shopee.co.th/search?keyword=apple%20watch%20series%2010&page=3","","554","สมาร์ทวอทช์สําหรับ ไม่จํากัดเพศ - มาใหม่ 2026 ติดตามกันน้ําโทรบลูทูธ","4.7"
"1791097291-33","https://shopee.co.th/search?keyword=apple%20watch%20series%2010&page=3","","429","สมาร์ทริง 2026 กันน้ํามาตรฐาน IP69K น้ําหนักเบาเพียง 1.7 กรัม มาพร้อมเซ็นเซอร์วัดอัตราการเต้นหัวใจตลอด 24/7","5.0"
"1791097291-34","https://shopee.co.th/search?keyword=apple%20watch%20series%2010&page=3","","347","X11 max new smartwatch นาฬิกาข้อมือสมาร์ทวอทช์ เชื่อมต่อบลูทูธ วัดอัตราการเต้นหัวใจ เหมาะกับการเล่นกีฬา กันน้ำ ของแท้","5.0"
"1791097291-35","https://shopee.co.th/search?keyword=apple%20watch%20series%2010&page=3","","573","[COD] สมาร์ทวอทช์ S11 ULTRA พร้อม GPS, ฟังก์ชั่นติดตามสายเรียกเข้า และวัดอัตราการเต้นของหัวใจ","5.0"
"1791097291-36","https://shopee.co.th/search?keyword=apple%20watch%20series%2010&page=3","","404","สมาร์ทวอทช์ผู้ชายกันน้ําทนทาน ปี 2026 - โทรผ่านบลูทูธและออกกําลังกาย รองรับทั้ง Android และ iOS","5.0"
"1791097291-37","https://shopee.co.th/search?keyword=apple%20watch%20series%2010&page=3","","1,452","ใหม่สําหรับ HUAWE X10 2 in 1 สมาร์ทนาฬิกาพร้อมหูฟัง Smartwatch TWS หูฟังบลูทูธ Heart Rate สุขภาพกีฬานาฬิกาใหม่","5.0"
"1791097291-38","https://shopee.co.th/search?keyword=apple%20watch%20series%2010&page=3","","900","hk10ultra3รุ่นใหม่ล่าสุดปี2025รุ่นอัพเกรดจอ49mmแถม สาย เคส ฟิล์ม","4.9"
"1791097291-39","https://shopee.co.th/search?keyword=apple%20watch%20series%2010&page=3","","29,900","Apple Watch Ultra 4 GPS + Cellular 49mm Black Titanium Case with Burgundy Trail Loop","4.9 คะแนน"
"1791097291-40","https://shopee.co.th/search?keyword=apple%20watch%20series%2010&page=3","","148","นาฬิกาอัจฉริยะ S11 ที่เรียบง่าย นาฬิกาบลูทูธแจ้งข้อความที่สะดวกสบาย","5.0"
"1791097291-41","https://shopee.co.th/search?keyword=apple%20watch%20series%2010&page=3","","489","สมาร์ทวอทช์ F9 ปี 2026 โทรผ่านบลูทูธได้ | นาฬิกาออกกําลังกายและตรวจวัดกิจกรรม | ของขวัญที่ดีที่สุดสําหรับคุณพ่อ","5.0"
"1791097291-42","https://shopee.co.th/search?keyword=apple%20watch%20series%2010&page=3","","150","นาฬิกาข้อมือสมาร์ทวอทช์ H9 หน้าจอสัมผัส HD 2.01 นิ้ว รับสาย รับสาย คุย วัดอัตราการเต้นของหัวใจ","4.5"
"1791097291-43","https://shopee.co.th/search?keyword=apple%20watch%20series%2010&page=3","","46","SmartWatch Y68 D20 บลูทูธ USB นาฬิกาหัวใจ Smart watch สําหรับ Iphone Android","4.7"
"1791097291-44","https://shopee.co.th/search?keyword=apple%20watch%20series%2010&page=3","","8,496","(ผ่อนได้) Garmin Instinct E, 45 mm, Black with Charcoal Band 010-02933-13 ประกันศูนย์ไทย 2 ปี By Aquapro","5.0"
"1791097291-45","https://shopee.co.th/search?keyword=apple%20watch%20series%2010&page=3","","387","🔥🔥SALE!! ลดล้างสต็อก🔥🔥 นาฬิกา Smart Watch 8 Max จอ 45 mm.","5.0"
"1791097291-46","https://shopee.co.th/search?keyword=apple%20watch%20series%2010&page=3","","299","🔥Smart Watch รุ่น Watch 8 ultra สําหรับเล่นกีฬา ฟิตเนส โทรออกโทรเข้าได้ วัดหัวใจ วิ่งนับก้าว🏃‍♂️🧘‍♂️⌚","4.3"
"1791097291-47","https://shopee.co.th/search?keyword=apple%20watch%20series%2010&page=3","","679","สมาร์ทวอทช์กันน้ํา สําหรับกีฬากลางแจ้ง เหมาะเป็นของขวัญวันพ่อ","4.7 คะแนน"
"1791097291-48","https://shopee.co.th/search?keyword=apple%20watch%20series%2010&page=3","","287","สมาร์ทวอทช์ Watch 8 Ultra Series 8 สําหรับผู้ชาย - กันน้ํา, ติดตามสุขภาพ & รองรับ Android","5.0"
"1791097291-49","https://shopee.co.th/search?keyword=apple%20watch%20series%2010&page=3","","322","สมาร์ทวอทช์กีฬาสําหรับผู้ชาย รุ่นใหม่ รองรับชาร์จไร้สาย เชื่อมต่อผ่านบลูทูธ พร้อมฟีเจอร์สั่งงานด้วยเสียง AI และโทรออก","5.0"
"1791097291-50","https://shopee.co.th/search?keyword=apple%20watch%20series%2010&page=3","","709","สมาร์ทวอทช์ผู้ชาย หน้าจอแสดงผลกันน้ํา อัตราการเต้นของหัวใจ การนอนหลับและสุขภาพ สายรัดข้อมือกีฬา","4.5"
"1791097291-51","https://shopee.co.th/search?keyword=apple%20watch%20series%2010&page=3","","674","ซิมการ์ด 4กโทรกล้องนาฬิกาสมาร์ทไฟฉาย นํา ฟิตเนสกลางแจ้งติดตามด้วยอัตราการเต้นหัวใจออกซิเจนในเลือดการตรวจสอบการนอนหลับนาฬิกาสปอร์ตกันน้ําสําหรับผู้","5.0"
"1791097291-52","https://shopee.co.th/search?keyword=apple%20watch%20series%2010&page=3","","1,569","Xiaomi Smart Band 10 นาฬิกาสมาร์ทวอทช์ การวัดออกซิเจนในเลือด หน้าจอ1.72"" 60Hz AMOLED การปรับความสว่างได้อัจฉริยะ","5.0"
"1791097291-53","https://shopee.co.th/search?keyword=apple%20watch%20series%2010&page=3","","599","GOOJODOQ FB058 นาฬิกาสมาร์ทวอทช์ นาฬิกากีฬา ไร้สาย ชาร์จ NFC วัดอัตราการเต้นของหัวใจ หน้าจอสัมผัส","4.9"
"1791097291-54","https://shopee.co.th/search?keyword=apple%20watch%20series%2010&page=3","","226","2025 ใหม่สมาร์ทนาฬิกาอัตราการเต้นของหัวใจ, เลือดตรวจสอบการนอนหลับหน้าจอสัมผัสกันน้ำสำหรับผู้ชายและผู้หญิง",""
"1791097291-55","https://shopee.co.th/search?keyword=apple%20watch%20series%2010&page=3","","489","Aolon Lily R2 สมาร์ทวอทช์ผู้หญิง 1.27 นิ้ว จอเล็ก นาฬิกาวิ่ง กันน้ำ IP67 ภาษาไทย โหมดการออกกำลังกาย 186 โหมด การตรวจจับข้อมูลสุขภาพตลอด 24 ชั่วโมง นาฬิกาทรงกลม โทรด้วยบลูทูธ","4.9"
"1791097291-56","https://shopee.co.th/search?keyword=apple%20watch%20series%2010&page=3","","59","นาฬิกาสมาร์ทวอทช์  Watch 8 Ultra โทรออก-รับสายได้ รับแจ้งเตือนภาษาไทย มีภาษาไทย รองรับ android-IOS สินค้าพร้อมส่งจากไทย","3.7"
"1791097291-57","https://shopee.co.th/search?keyword=apple%20watch%20series%2010&page=3","","263","หน้าจอ สบายใจ ผู้ชายดูสมาร์ทบลูทูธ5.2โทรอัตราการเต้นหัวใจออกซิเจนในเลือดการตรวจสอบความดันโลหิตสมาร์ทวอทช์หลายโหมดกีฬา","5.0"
"1791097291-58","https://shopee.co.th/search?keyword=apple%20watch%20series%2010&page=3","","364","MODOFO WF1Lite นาฬิกาsmartwatch สมาร์ทวอทช์จอ1.83นิ้ว บลูทูธ 5.3 การตรวจสอบสุขภาพ 24 ชั่วโมง","4.9"
"1791097291-59","https://shopee.co.th/search?keyword=apple%20watch%20series%2010&page=3","","428","สายรัดข้อมืออัจฉริยะ วัดอัตราการเต้นของหัวใจและความดันโลหิต กันน้ํา แบตอึด ติดตามกิจกรรมกีฬา หน้าจอแสดงผลแบบใหม่ปี 2026 สมาร์ทวอทช์ไร้หน้าจอ ปี 2027","4.3"
"1791097291-60","https://shopee.co.th/search?keyword=apple%20watch%20series%2010&page=3","","441","Sorf Watch Fit 5 ตรวจวัดอัตราการเต้นหัวใจทั้งวัน หน้าจอ LCD 2.01"" การใช้งานได้นาน 12วัน","4.7"
