web_scraper_order,web_scraper_start_url,pagination,price,product_name,rating_score,historical_sold
"1791081852-1","https://shopee.co.th/search?keyword=huawei%20watch%20ultimate&page=2","","1,990","[10.9 20.00 - 10.12 | ลดสูงสุด 25%] HUAWEI M-Pencil 3rd Generation | ร้านค้าอย่","4.9","ขายแล้ว 8พัน+ ชิ้น"
"1791081852-2","https://shopee.co.th/search?keyword=huawei%20watch%20ultimate&page=2","","1,990","New HUAWEI WATCH Wireless SuperCharger (2nd generation) ที่ชาร์จนาฬิกาแบบไว HUAWEI ของแท้","5.0","ขายแล้ว 34 ชิ้น"
"1791081852-3","https://shopee.co.th/search?keyword=huawei%20watch%20ultimate&page=2","","1,122","No Gaps Luxury Titanium Alloy Strap สําหรับ Huawei Watch GT 5 Pro สร้อยข้อมือโลหะสําหรับนาฬิกา Huawei GT5 Pro Business Band Correa","4.5","ขายแล้ว 53 ชิ้น"
"1791081852-4","https://shopee.co.th/search?keyword=huawei%20watch%20ultimate&page=2","","41","MLIFE - เคส Mi Amazfit GTR 2 / GTR 2e เคสกันรอย สมาร์ทวอทช์ TPU เคสกันกระแทก น้ำหนักเบา งอได้ - TPU Protective Case","4.8","ขายแล้ว 29 ชิ้น"
"1791081852-5","https://shopee.co.th/search?keyword=huawei%20watch%20ultimate&page=2","","89","แท่นชาตตั้งนาฬิกา แบรนด์HUAWEI 11 pro ขนาดเล็ก พาพาง่าย สดวก ในการชาตนาฬิกา","5.0","ขายแล้ว 6 ชิ้น"
"1791081852-6","https://shopee.co.th/search?keyword=huawei%20watch%20ultimate&page=2","","87","ฟิล์มกันรอย GT2 42mm/GT2 46mm/GT2 Pro/GT2 Porsche Design/Huawei Band 4/Honor Band 5/Watch Fit","4.6","ขายแล้ว 262 ชิ้น"
"1791081852-7","https://shopee.co.th/search?keyword=huawei%20watch%20ultimate&page=2","","1,777","Soft & Breathable Quick-Dry Nylon Loop Band – สายรัด Quick Fit สําหรับผู้เบิกทาง Garmin 970 / 965 / 955 / 945 & Quatix 8 (47 มม. / 51 มม., 7 / 7X, 6 – 20 มม. / 22 มม. / 26 มม.","5.0","ขายแล้ว 2 ชิ้น"
"1791081852-8","https://shopee.co.th/search?keyword=huawei%20watch%20ultimate&page=2","","1,225","22 26 มม.ไทเทเนียม Quick Fit สําหรับ Garmin Fenix 5 5XPlus 6 6XPro 7 7X Tactix 7Pro 3 HR สายรัดข้อมือโลหะ Easy Fit นาฬิกาสร้อยข้อมือ","4.8","ขายแล้ว 22 ชิ้น"
"1791081852-9","https://shopee.co.th/search?keyword=huawei%20watch%20ultimate&page=2","","125","กรอบโลหะป้องกันรอยขีดข่วนสําหรับ garmin fenix 5 smart watch","4.6","ขายแล้ว 30 ชิ้น"
"1791081852-10","https://shopee.co.th/search?keyword=huawei%20watch%20ultimate&page=2","","429","นาฬิกาเด็กสมาทวอช รุ่น Q88S เมนูไทย GPS ติดตามตำแหน่ง นาฬิกาข้อมือยกได้หมุนได้ มีฟีเจอร์กันเด็กหาย ตัวเรือนสวยงาม ทนทาน","","ขายแล้ว 2 ชิ้น"
"1791081852-11","https://shopee.co.th/search?keyword=huawei%20watch%20ultimate&page=2","","16","ฟิล์มกระจกนิรภัยกันรอยหน้าจอ 9H กันรอยขีดข่วน สําหรับ Huawei Watch GT 3D GT2 GT2 Pro 3 ชิ้น","4.9","ขายแล้ว 208 ชิ้น"
"1791081852-12","https://shopee.co.th/search?keyword=huawei%20watch%20ultimate&page=2","","29","เคสกรอบกันชน TPU อุปกรณ์เสริม สําหรับ Huawei Watch GT2 46 มม.","4.9","ขายแล้ว 1พัน+ ชิ้น"
"1791081852-13","https://shopee.co.th/search?keyword=huawei%20watch%20ultimate&page=2","","1,490","Tokyo Human Smart Ring แหวนวัดการนอนหลับ แหวนสุขภาพ","4.9","ขายแล้ว 4พัน+ ชิ้น"
"1791081852-14","https://shopee.co.th/search?keyword=huawei%20watch%20ultimate&page=2","","119","สายรัดข้อมือไนล่อน ใช้กับ Google Fitbit Air ได้ เกรดพรีเมียม ระบายอากาศดี ปรับขนาดได้อิสระ เบาสบาย ไม่อับชื้น เป็นมิตรต่","4.5","ขายแล้ว 24 ชิ้น"
"1791081852-15","https://shopee.co.th/search?keyword=huawei%20watch%20ultimate&page=2","","25","(2ชิ้น)ซิลิโคนนุ่ม ปิดช่องชาร์จสำหรับGarmin Charge Port Cap Anti-dust Protective 970/965/955/945/935/570/165/245/255/265","5.0","ขายแล้ว 2 ชิ้น"
"1791081852-16","https://shopee.co.th/search?keyword=huawei%20watch%20ultimate&page=2","","229","พรีเมี่ยมไนลอนสาน Bicep Band สําหรับ Google Fitbit Air Sport Fitness Tracker ทอ Breathable Bands ปรับสายรัดข้อมือนุ่ม","4.9 คะแนน",""
"1791081852-17","https://shopee.co.th/search?keyword=huawei%20watch%20ultimate&page=2","","69","ฟิล์มกระจก smart watch ทุกรุ่นทุกแบรนด์  วัดขนาดจอแล้วสั่งเลย garmin amazfit casio fitbit suunto samsung","4.6","ขายแล้ว 107 ชิ้น"
"1791081852-18","https://shopee.co.th/search?keyword=huawei%20watch%20ultimate&page=2","","1,570","สายรัดข้อมือโลหะผสมไทเทเนียมเหมาะสําหรับนาฬิกา Huawei GT6pro/GT5/GT4 สายคล้องคอธุรกิจแม่เหล็ก watch5/4pro โลหะไทเทเนียมบริสุทธิ์ความรู้สึกระดับไฮเอนด์ 22 มม.ผู้ชายสไตล์","4.7","ขายแล้ว 21 ชิ้น"
"1791081852-19","https://shopee.co.th/search?keyword=huawei%20watch%20ultimate&page=2","","2,650","Huawei  D15 Moterbaord","4.9 คะแนน",""
"1791081852-20","https://shopee.co.th/search?keyword=huawei%20watch%20ultimate&page=2","","1,102","สําหรับ Huawei watch Series GT2 หน้าจอสัมผัส LCD OLED จอแสดงผล digitizer HW นาฬิกาเปลี่ยน 42 มม. 46 มม.","4.7","ขายแล้ว 152 ชิ้น"
"1791081852-21","https://shopee.co.th/search?keyword=huawei%20watch%20ultimate&page=2","","1,128","เหมาะสำหรับ Huawei Watch GT 2 46mm ชุดสัมผัส LCD ดั้งเดิม (สี: สีดำ","4.9","ขายแล้ว 42 ชิ้น"
"1791081852-22","https://shopee.co.th/search?keyword=huawei%20watch%20ultimate&page=2","","580","สายรัดข้อมือแม่เหล็กโลหะขนาด 22 มม. เหมาะสําหรับ Huawei GT6/gt5/gt4/gt3/gt6pro สายสแตนเลส watch5/4pro/buds","4.8","ขายแล้ว 375 ชิ้น"
"1791081852-23","https://shopee.co.th/search?keyword=huawei%20watch%20ultimate&page=2","","789","เหมาะสําหรับสายนาฬิกา Huawei watch5/4pro Titanium Alloy gt3pro Magnetic gt4 สายรัดข้อมือกีฬา GT6/gt5/gt5pro Pure Titanium โลหะ High-End รู้สึก 22 มม.ผู้ชายใหม่ Glory gs3 สร้อยข้อมือสมาร์ท","4.8","ขายแล้ว 468 ชิ้น"
"1791081852-24","https://shopee.co.th/search?keyword=huawei%20watch%20ultimate&page=2","","1,719","สายไทเทเนียมสําหรับนาฬิกา Huawei Fit 5 สร้อยข้อมือโลหะสําหรับ Huawei Watch Fit 5 Pro อุปกรณ์เสริมสายรัดหัวเข็มขัดโลหะ","4.8 คะแนน",""
"1791081852-25","https://shopee.co.th/search?keyword=huawei%20watch%20ultimate&page=2","","99,999","[NOT FOR SALE ห้ามกดซื้อ] [Free Gift MatePad Air] HUAWEI M-Pencil Pro | ร้านค้าอย่างเป็นทางการ","4.9","ขายแล้ว 112 ชิ้น"
"1791081852-26","https://shopee.co.th/search?keyword=huawei%20watch%20ultimate&page=2","","1,397","ไทเทเนียมสําหรับ Huawei นาฬิกา GT Runner 2 สร้อยข้อมือโลหะสําหรับ Huawei Watch GT runner 2 โลหะหัวเข็มขัดอุปกรณ์เสริม","5.0","ขายแล้ว 1 ชิ้น"
"1791081852-27","https://shopee.co.th/search?keyword=huawei%20watch%20ultimate&page=2","","2,288","สายยาง สายนาฬิกา huawei watch gt cyber สาย+modification kit เคส สําหรับ Huawei Watch GT Cyber สาย smart watch","5.0","ขายแล้ว 33 ชิ้น"
"1791081852-28","https://shopee.co.th/search?keyword=huawei%20watch%20ultimate&page=2","","1,948","HUAWEI.E8377 4G.LTE.car.wifi WIFI Hotspotในรถยนต์","5.0","ขายแล้ว 1 ชิ้น"
"1791081852-29","https://shopee.co.th/search?keyword=huawei%20watch%20ultimate&page=2","","1,790","✅️ สายแท้ศูนย์ไทย!!! ✅️ [ของใหม่/เคลียร์สต๊อก] สาย Huawei Easyfit 3 สีดำ (22mm.) ❌️ปกติ 4,990 บาท❌️","5.0","ขายแล้ว 6 ชิ้น"
"1791081852-30","https://shopee.co.th/search?keyword=huawei%20watch%20ultimate&page=2","","25,490","Muse S Athena ที่คาดหัวอัจฉริยะ เทคโนโลยี EEG และ fNIRS ตรวจจับกิจกรรมของสมองและการไหลเวียนของเลือดในสมอง","5.0","ขายแล้ว 6 ชิ้น"
"1791081852-31","https://shopee.co.th/search?keyword=huawei%20watch%20ultimate&page=2","","90","สายชาร์จ Essager 100W ชาร์จเร็วทันใจ รองรับหลายอุปกรณ์","5.0","ขายแล้ว 851 ชิ้น"
"1791081852-32","https://shopee.co.th/search?keyword=huawei%20watch%20ultimate&page=2","","12","ซิลิโคนคุณภาพสูงสำหรับพอร์ตชาร์จนาฬิกา Garmin","4.9","ขายแล้ว 100พัน+ ชิ้น"
"1791081852-33","https://shopee.co.th/search?keyword=huawei%20watch%20ultimate&page=2","","77","ฟิล์มไฮโดรเจลสําหรับ Huawei Watch Fit 5 /5 Pro ป้องกันหน้าจอ","5.0","ขายแล้ว 8 ชิ้น"
"1791081852-34","https://shopee.co.th/search?keyword=huawei%20watch%20ultimate&page=2","","1","สายนาฬิกาสำหรับ Garmin หลากหลายรุ่นและสี สายไนลอน","4.8","ขายแล้ว 5พัน+ ชิ้น"
"1791081852-35","https://shopee.co.th/search?keyword=huawei%20watch%20ultimate&page=2","","77","ฟิล์มไฮโดรเจล TPU สำหรับ Huawei Watch Fit 5/5 Pro ป้องกันรอยขีดข่วน","5.0","ขายแล้ว 10 ชิ้น"
"1791081852-36","https://shopee.co.th/search?keyword=huawei%20watch%20ultimate&page=2","","32","ฟิล์มสําหรับ Huawei Watch Fit 4, 4 Pro และ 3","5.0","ขายแล้ว 188 ชิ้น"
"1791081852-37","https://shopee.co.th/search?keyword=huawei%20watch%20ultimate&page=2","","16,690","Garmin Venu 4 45mm - ID26090553","4.8 คะแนน",""
"1791081852-38","https://shopee.co.th/search?keyword=huawei%20watch%20ultimate&page=2","","5,390","พร้อมส่ง Google Fitbit Air สี Fog ของใหม่ แท้ 100%","",""
"1791081852-39","https://shopee.co.th/search?keyword=huawei%20watch%20ultimate&page=2","","199","อแดปเตอร์ V2 รุ่นอัพเกรด  Google Fitbit To Whoop Adapter v.2 แปลงเป็น Whoop5.0 สวยเนียน 🇹🇭 ส่งไว","4.8","ขายแล้ว 530 ชิ้น"
"1791081852-40","https://shopee.co.th/search?keyword=huawei%20watch%20ultimate&page=2","","18,990","HUAWEI WATCH 5 | สมาร์ทวอชยุคใหม่แห่งตรวจสอบสุขภาพ | ใช้ได้ทั้ง iOSและAndroid | UFicon","5.0","ขายแล้ว 4 ชิ้น"
"1791081852-41","https://shopee.co.th/search?keyword=huawei%20watch%20ultimate&page=2","","1,173","สําหรับ Huawei นาฬิกา GT6 Pro 46 มม.ไทเทเนียม GT6Pro GT 6 Correa ไม่มีช่องว่างหรูหราสายโลหะสร้อยข้อมือธุรกิจ","4.9","ขายแล้ว 257 ชิ้น"
"1791081852-42","https://shopee.co.th/search?keyword=huawei%20watch%20ultimate&page=2","","1,173","No Gaps Luxury Quick Release สายไทเทเนียมสําหรับนาฬิกา Huawei GT7 Pro 46 มม.6Pro สร้อยข้อมือโลหะสําหรับนาฬิกา Huawei GT 7 6 Pro 56G สายเฉพาะ","4.8","ขายแล้ว 117 ชิ้น"
"1791081852-43","https://shopee.co.th/search?keyword=huawei%20watch%20ultimate&page=2","","59","ฟิล์ม fitbit versa4 sense2 versa 3 sense ร้านไทย พร้อมส่ง film tpu fitbit versa3","4.6","ขายแล้ว 143 ชิ้น"
"1791081852-44","https://shopee.co.th/search?keyword=huawei%20watch%20ultimate&page=2","","869","Aolon Ring Gen 3 Smart Ring Swim แหวนอัจฉริยะ IP68 กันน้ํา แหวนอัจฉริยะ วัดชีพจร ติดตามนอน ดำน้ำลึก 300 เมตร ข้อมูลกีฬา","4.7","ขายแล้ว 10พัน+ ชิ้น"
"1791081852-45","https://shopee.co.th/search?keyword=huawei%20watch%20ultimate&page=2","","948","หรูหราไทเทเนียมสายนาฬิกาสําหรับนาฬิกา Huawei 5 42 มม.46 มม.แฟชั่นธุรกิจสายคล้องคอใช้งานร่วมกับ Huawei Smartwatches อุปกรณ์เสริม","4.9","ขายแล้ว 14 ชิ้น"
"1791081852-46","https://shopee.co.th/search?keyword=huawei%20watch%20ultimate&page=2","","175","นาฬิกาข้อมือ Huawei Watch GT 4 GT3 Pro gt 2 46มม. โลหะสแตนเลส 22 มม.","5.0","ขายแล้ว 37 ชิ้น"
"1791081852-47","https://shopee.co.th/search?keyword=huawei%20watch%20ultimate&page=2","","4,990","[10.9 20.00 - 10.12 | ลดสูงสุด 25%] HUAWEI FreeClip 2 | หูฟัง | Airy C-bridge Design | Crystal-clear Calls","5.0","ขายแล้ว 10พัน+ ชิ้น"
"1791081852-48","https://shopee.co.th/search?keyword=huawei%20watch%20ultimate&page=2","","1,457","Luxury Titanium Metal Band สําหรับ Huawei นาฬิกา GT6Pro GT6 GT5/4 46 มม. Ultimate 22 มม.สายยางสําหรับ Amazfit นาฬิกา Balance Active 2","4.8 คะแนน",""
"1791081852-49","https://shopee.co.th/search?keyword=huawei%20watch%20ultimate&page=2","","6,138","แท้100% Huawei Mate XT / XTs  Ultimate Design Rotating Stand Aramid Fiber Case Huawei Mate XT / XTs  Ultimate Design ขาตั้งแบบหมุน Aramid Fiber Case Bracket เคสป้องกันแฟชั่นเคสธุรกิจ","5.0","ขายแล้ว 14 ชิ้น"
"1791081852-50","https://shopee.co.th/search?keyword=huawei%20watch%20ultimate&page=2","","4,290","[10.9 20.00 - 10.12 | ลดสูงสุด 25%] HUAWEI FreeClip 2 S | หูฟัง | ดีไซน์ Airy C-Bridge | โทรชัดทุกสาย","5.0","ขายแล้ว 1พัน+ ชิ้น"
"1791081852-51","https://shopee.co.th/search?keyword=huawei%20watch%20ultimate&page=2","","1,173","หรูหราไม่มีช่องว่าง Quick Release สายไทเทเนียมสําหรับนาฬิกา Huawei GT7 Pro GT6 Pro สายนาฬิกาโลหะสร้อยข้อมือสําหรับนาฬิกา Huawei GT 7 6 Pro 46 มม.Correa","4.9","ขายแล้ว 54 ชิ้น"
"1791081852-52","https://shopee.co.th/search?keyword=huawei%20watch%20ultimate&page=2","","1,320","2026 2024 Huawei Gt3 Pro Hk46 IPS TFT AMOLED Smart Watch Dial Answer Call Sport Fiess Tracker Men Waterp","",""
"1791081852-53","https://shopee.co.th/search?keyword=huawei%20watch%20ultimate&page=2","","933","Samsung Smart Galaxy Watch  Ultra/S7 47mm สมาร์ทวอทช์ ของใหม่ smartwatch 2026 สินค้าใหม่","4.0","ขายแล้ว 9 ชิ้น"
"1791081852-54","https://shopee.co.th/search?keyword=huawei%20watch%20ultimate&page=2","","189","【รับประกัน 3 ปี】สมาร์ทวอทช์ Ultra3 รองรับภาษาไทย หน้าจอสัมผัสเต็มรูปแบบ นาฬิกาสำหรับออกกำลังกาย กันน้ำ โทรผ่านบลูทูธ","4.9","ขายแล้ว 329 ชิ้น"
"1791081852-55","https://shopee.co.th/search?keyword=huawei%20watch%20ultimate&page=2","","652","Aolon GTR 3 Smartwatch 1.43'' Amoled หน้าจอ สมาร์ทวอทช์ 8.8 มม. นาฬิกาบาง ๆ AOD Display การตรวจสอบสุขภาพตลอด 24 ชั่วโมง","4.9","ขายแล้ว 8พัน+ ชิ้น"
"1791081852-56","https://shopee.co.th/search?keyword=huawei%20watch%20ultimate&page=2","","1,799","LOOP Smart watch band ตรวจ ECG PPG ระดับแพทย์ A GPSวัดน้ำตาลไม่เจ็บตัว วัดความดันโลหิต กรดยูริก ไขมันในเลือด HRV","4.8","ขายแล้ว 145 ชิ้น"
"1791081852-57","https://shopee.co.th/search?keyword=huawei%20watch%20ultimate&page=2","","2,379","AMAZFIT Bip 6 Black - A0170231","4.9","ขายแล้ว 1พัน+ ชิ้น"
"1791081852-58","https://shopee.co.th/search?keyword=huawei%20watch%20ultimate&page=2","","12,588","HUAWEI WATCH GT 6 Pro แซฟไฟร์และไทเทเนียม แบต 21 วัน พร้อม ECG และ GPS ที่แม่นยำ สมาร์ทวอทช์ระดับโปรสำหรับนักกีฬา","5.0","ขายแล้ว 3 ชิ้น"
"1791081852-59","https://shopee.co.th/search?keyword=huawei%20watch%20ultimate&page=2","","399","CASGOO GT6 PRO สมาร์ทวอทช์ พร้อมไฟฉาย หน้าจอขนาดใหญ่ 1.52 นิ้ว รองรับภาษาไทย และฟังก์ชั่นโทรผ่านบลูทูธ","4.7","ขายแล้ว 298 ชิ้น"
