web_scraper_order,web_scraper_start_url,product_name ,price,historical_sold,item_page_title,item_page_link,rating_score
"1791044447-1","https://www.lazada.co.th/catalog/?page=4&q=Huawei%20Watch%20Ultimate%20","สมาร์ทวอทช์รุ่นใหม่ปี 2026 หน้าจอ HD ขนาด 1.44 นิ้ว รองรับการโทรผ่านบลูทูธ ตรวจวัดการนอนหลับ ออกซิเจนในเลือด ความดันโลหิต และติดตามสุขภาพ สำหรับผู้หญิงและผู้ชาย รุ่น Ht30","฿271.28","18 sold","สมาร์ทวอทช์รุ่นใหม่ปี 2026 หน้าจอ HD ขนาด 1.44 นิ้ว รองรับการโทรผ่านบลูทูธ ตรวจวัดการนอนหลับ ออกซิเจนในเลือด ความดันโลหิต และติดตามสุขภาพ สำหรับผู้หญิงและผู้ชาย รุ่น Ht30","https://www.lazada.co.th/products/pdp-i16266442873.html",""
"1791044450-2","https://www.lazada.co.th/catalog/?page=4&q=Huawei%20Watch%20Ultimate%20","สมาร์ทวอทช์ รองรับ Android IOS หน้าจอสี 2.01 นิ้ว บลูทูธ รับสาย นาฬิกาฟิตเนส สมาร์ทวอทช์ สำหรับผู้หญิง ผู้ชาย รุ่นใหม่ Hw12","฿242.56","","สมาร์ทวอทช์ รองรับ Android IOS หน้าจอสี 2.01 นิ้ว บลูทูธ รับสาย นาฬิกาฟิตเนส สมาร์ทวอทช์ สำหรับผู้หญิง ผู้ชาย รุ่นใหม่ Hw12","https://www.lazada.co.th/products/pdp-i16252028524.html",""
"1791044452-3","https://www.lazada.co.th/catalog/?page=4&q=Huawei%20Watch%20Ultimate%20","Y68 Smart Watch 1.4"" Screen Fitness Tracker Waterproof Heart Rate Monitor Activity Trackers For Men Women","฿86.00","","Y68 Smart Watch 1.4"" Screen Fitness Tracker Waterproof Heart Rate Monitor Activity Trackers For Men Women","https://www.lazada.co.th/products/pdp-i5030493119.html",""
"1791044454-4","https://www.lazada.co.th/catalog/?page=4&q=Huawei%20Watch%20Ultimate%20","🚗 Laxasfit 2024 New Smart Watch T800 Ultra 1.81 Inch Hd Screen Answer/Make Calls Directional 123 Sport Monitoring Alarm 🚗","฿431.60","","🚗 Laxasfit 2024 New Smart Watch T800 Ultra 1.81 Inch Hd Screen Answer/Make Calls Directional 123 Sport Monitoring Alarm 🚗","https://www.lazada.co.th/products/pdp-i5914383583.html",""
"1791044456-5","https://www.lazada.co.th/catalog/?page=4&q=Huawei%20Watch%20Ultimate%20","New K52 Smartwatch 400Mah Super Long Standby Heart Rate Blood Oxygen Outdoor Waterproof Tri-Proof Sports Smart Watch Smartwatch Ios and Android","฿1,000.00","","New K52 Smartwatch 400Mah Super Long Standby Heart Rate Blood Oxygen Outdoor Waterproof Tri-Proof Sports Smart Watch Smartwatch Ios and Android","https://www.lazada.co.th/products/pdp-i5909087556.html",""
"1791044458-6","https://www.lazada.co.th/catalog/?page=4&q=Huawei%20Watch%20Ultimate%20","HUAWEI | Magnetic Charger for Kids Watch Easy Charge","฿214.00","24 sold","HUAWEI | Magnetic Charger for Kids Watch Easy Charge","https://www.lazada.co.th/products/pdp-i16263642554.html",""
"1791044461-7","https://www.lazada.co.th/catalog/?page=4&q=Huawei%20Watch%20Ultimate%20","LIGE นาฬิกาข้อมือ ผญสมาร์ทวอทช์ ผู้ชาย หน้าจอสี 1.69"" สัมผัสเต็ม ตัวติดตามฟิตเนส บลูทูธ สมาร์ทวอทช์สำหรับผู้หญิง นาฬิกา ผู้หญิงนาฬิกาข้อมือกันน้ำ","฿321.88","","LIGE นาฬิกาข้อมือ ผญสมาร์ทวอทช์ ผู้ชาย หน้าจอสี 1.69"" สัมผัสเต็ม ตัวติดตามฟิตเนส บลูทูธ สมาร์ทวอทช์สำหรับผู้หญิง นาฬิกา ผู้หญิงนาฬิกาข้อมือกันน้ำ","https://www.lazada.co.th/products/pdp-i16141714840.html",""
"1791044463-8","https://www.lazada.co.th/catalog/?page=4&q=Huawei%20Watch%20Ultimate%20","สมาร์ทวอทช์วัดความดันโลหิตออกซิเจนในเลือดอัตราการเต้นของหัวใจกันน้ำบลูทูธหน้าจอสีนาฬิกา","฿551.93","23 sold","สมาร์ทวอทช์วัดความดันโลหิตออกซิเจนในเลือดอัตราการเต้นของหัวใจกันน้ำบลูทูธหน้าจอสีนาฬิกา","https://www.lazada.co.th/products/pdp-i5906919991.html","4.8"
"1791044465-9","https://www.lazada.co.th/catalog/?page=4&q=Huawei%20Watch%20Ultimate%20","Gts4 Smart Watch, a Smart Watch with a High Surface Texture, Waterproof Watch, Supports Thai Language. Supports Bluetooth Calls. Watch.","฿265.00","22 sold","Gts4 Smart Watch, a Smart Watch with a High Surface Texture, Waterproof Watch, Supports Thai Language. Supports Bluetooth Calls. Watch.","https://www.lazada.co.th/products/pdp-i5989954250.html",""
"1791044467-10","https://www.lazada.co.th/catalog/?page=4&q=Huawei%20Watch%20Ultimate%20","[สมาร์ทวอทช์, ไร้สาย] สมาร์ทวอทช์ไร้สายสำหรับผู้ชายและผู้หญิง, หน้าจอสัมผัสเต็มรูปแบบขนาด 1.83 นิ้ว, โทรออก/รับสาย, เครื่องนับก้าว","฿258.90","","[สมาร์ทวอทช์, ไร้สาย] สมาร์ทวอทช์ไร้สายสำหรับผู้ชายและผู้หญิง, หน้าจอสัมผัสเต็มรูปแบบขนาด 1.83 นิ้ว, โทรออก/รับสาย, เครื่องนับก้าว","https://www.lazada.co.th/products/pdp-i16231742205.html",""
"1791044470-11","https://www.lazada.co.th/catalog/?page=4&q=Huawei%20Watch%20Ultimate%20","สมาร์ทวอทช์รุ่นใหม่ปี 2026 สำหรับผู้ชายและผู้หญิง ของขวัญสุดพิเศษ หน้าจอสัมผัสเต็มรูปแบบขนาด 1.83 นิ้ว นาฬิกาออกกำลังกาย รองรับการโทรผ่านบลูทูธ สมาร์ทวอทช์ดิจิตอล HW12","฿270.83","","สมาร์ทวอทช์รุ่นใหม่ปี 2026 สำหรับผู้ชายและผู้หญิง ของขวัญสุดพิเศษ หน้าจอสัมผัสเต็มรูปแบบขนาด 1.83 นิ้ว นาฬิกาออกกำลังกาย รองรับการโทรผ่านบลูทูธ สมาร์ทวอทช์ดิจิตอล HW12","https://www.lazada.co.th/products/pdp-i16245598100.html",""
"1791044472-12","https://www.lazada.co.th/catalog/?page=4&q=Huawei%20Watch%20Ultimate%20","Smart Watch 2569, Color Screen, Ip68 Waterproof Smartwatch, Multiple Sports Modes. Blood Oxygen, Blood Sugar, Blood Pressure Test, Heart Rate Monitor for Android Ios","฿198.00","","Smart Watch 2569, Color Screen, Ip68 Waterproof Smartwatch, Multiple Sports Modes. Blood Oxygen, Blood Sugar, Blood Pressure Test, Heart Rate Monitor for Android Ios","https://www.lazada.co.th/products/pdp-i16182936602.html",""
"1791044474-13","https://www.lazada.co.th/catalog/?page=4&q=Huawei%20Watch%20Ultimate%20","LIGE TWS 2 ใน 1 นาฬิกาสมาร์ทวอทช์สำหรับผู้ชายและผู้หญิง พร้อม ECG GPS กันน้ำ วัดอัตราการเต้นของหัวใจ วัดออกซิเจนในเลือด หูฟังบลูทูธ โทรออกได้ รุ่นใหม่ ปี 2026","฿699.90","","LIGE TWS 2 ใน 1 นาฬิกาสมาร์ทวอทช์สำหรับผู้ชายและผู้หญิง พร้อม ECG GPS กันน้ำ วัดอัตราการเต้นของหัวใจ วัดออกซิเจนในเลือด หูฟังบลูทูธ โทรออกได้ รุ่นใหม่ ปี 2026","https://www.lazada.co.th/products/pdp-i5784183007.html",""
"1791044477-14","https://www.lazada.co.th/catalog/?page=4&q=Huawei%20Watch%20Ultimate%20","D20 Smart Watch สัมผัสได้เต็มจอ รองรับภาษาไทย วัดชีพจร ความดัน นับก้าว","฿175.00","","D20 Smart Watch สัมผัสได้เต็มจอ รองรับภาษาไทย วัดชีพจร ความดัน นับก้าว","https://www.lazada.co.th/products/pdp-i1399536984.html",""
"1791044479-15","https://www.lazada.co.th/catalog/?page=4&q=Huawei%20Watch%20Ultimate%20","🔥【รับประกัน 1 ปี】2025 ใหม่ สมาร์ทวอทช์ X10 Maxวอลล์เปเปอร์ที่กำหนดเอง โหมดการตรวจจับสุขภาพ โปรโมชั่นผลิตภัณฑ์ใหม่ COD","฿286.00","5 sold","🔥【รับประกัน 1 ปี】2025 ใหม่ สมาร์ทวอทช์ X10 Maxวอลล์เปเปอร์ที่กำหนดเอง โหมดการตรวจจับสุขภาพ โปรโมชั่นผลิตภัณฑ์ใหม่ COD","https://www.lazada.co.th/products/pdp-i5832015649.html",""
"1791044482-16","https://www.lazada.co.th/catalog/?page=4&q=Huawei%20Watch%20Ultimate%20","Smart Watch Outdoor Watch 1.7inch Touch Screen 5ATM Waterproof 18 Days Battery Life Heart Rate Monitoring Sports Watch 2022 for Android and ios","฿599.00","46 sold","Smart Watch Outdoor Watch 1.7inch Touch Screen 5ATM Waterproof 18 Days Battery Life Heart Rate Monitoring Sports Watch 2022 for Android and ios","https://www.lazada.co.th/products/pdp-i4155289060.html",""
"1791044484-17","https://www.lazada.co.th/catalog/?page=4&q=Huawei%20Watch%20Ultimate%20","DEEPสมาร์ทวอทช์ตรวจสุขภาพ ฟังก์ชันติดตามการนอนหลับ วัดชีพจร ความดันโลหิต ใช้งานง่าย เหมาะสำหรับดูแลสุขภาพประจำวัน ขายดี พร้อมส่ง","฿691.17","","DEEPสมาร์ทวอทช์ตรวจสุขภาพ ฟังก์ชันติดตามการนอนหลับ วัดชีพจร ความดันโลหิต ใช้งานง่าย เหมาะสำหรับดูแลสุขภาพประจำวัน ขายดี พร้อมส่ง","https://www.lazada.co.th/products/pdp-i16195667045.html",""
"1791044486-18","https://www.lazada.co.th/catalog/?page=4&q=Huawei%20Watch%20Ultimate%20","สมาร์ทวอทช์ New รุ่น X8 max new Big นาฬิกาข้อมือสมารท์วอทช์ เชื่อมต่อบลูทูธ วัดอัตราการเต้นหัวใจ คุยได้ สำหรับผู้ชายและผู้หญิง กันน้ำ หน้าจอ45","฿270.00","20 sold","สมาร์ทวอทช์ New รุ่น X8 max new Big นาฬิกาข้อมือสมารท์วอทช์ เชื่อมต่อบลูทูธ วัดอัตราการเต้นหัวใจ คุยได้ สำหรับผู้ชายและผู้หญิง กันน้ำ หน้าจอ45","https://www.lazada.co.th/products/pdp-i4670387348.html",""
"1791044489-19","https://www.lazada.co.th/catalog/?page=4&q=Huawei%20Watch%20Ultimate%20","Bluetooth Smart Watch, Touch Screen, Waterproof, Fitness Watch, Smart Watch, Heart Rate Monitor, Step Counter Watch, Sports Monitor, Smart Watch, Thai Language Menu, Supports Android Ios","฿158.00","7 sold","Bluetooth Smart Watch, Touch Screen, Waterproof, Fitness Watch, Smart Watch, Heart Rate Monitor, Step Counter Watch, Sports Monitor, Smart Watch, Thai Language Menu, Supports Android Ios","https://www.lazada.co.th/products/pdp-i5769953825.html",""
"1791044491-20","https://www.lazada.co.th/catalog/?page=4&q=Huawei%20Watch%20Ultimate%20","LIGE Bluetooth Call and Body Temperature Smart Watch with Headphone for Unisex ECG and Blood Pressure Men Smartwatch Sport Fitness Bracelets for Women","฿679.00","17 sold","LIGE Bluetooth Call and Body Temperature Smart Watch with Headphone for Unisex ECG and Blood Pressure Men Smartwatch Sport Fitness Bracelets for Women","https://www.lazada.co.th/products/pdp-i5786509970.html",""
"1791044493-21","https://www.lazada.co.th/catalog/?page=4&q=Huawei%20Watch%20Ultimate%20","Smartwatch Z01 Mini Huawei Same Model Smartwatch for Women, Watch, Sports Mode, Sleep Monitoring, Bluetooth Calling, Waterproof Watch, Android Ios, Full Screen Touch, Sport Watch","฿455.54","7 sold","Smartwatch Z01 Mini Huawei Same Model Smartwatch for Women, Watch, Sports Mode, Sleep Monitoring, Bluetooth Calling, Waterproof Watch, Android Ios, Full Screen Touch, Sport Watch","https://www.lazada.co.th/products/pdp-i5738096313.html",""
"1791044495-22","https://www.lazada.co.th/catalog/?page=4&q=Huawei%20Watch%20Ultimate%20","KAQIAO | Apple Huawei Watch Charging Stand Creative Birthday Gift Desktop Accessory","฿483.97","","KAQIAO | Apple Huawei Watch Charging Stand Creative Birthday Gift Desktop Accessory","https://www.lazada.co.th/products/pdp-i16161820764.html",""
"1791044498-23","https://www.lazada.co.th/catalog/?page=4&q=Huawei%20Watch%20Ultimate%20","Taidu Fashionable Smartwatch for Men and Women with Heart Rate Measurement and Night Light Functions.","฿30.00","131 sold","Taidu Fashionable Smartwatch for Men and Women with Heart Rate Measurement and Night Light Functions.","https://www.lazada.co.th/products/pdp-i5885537016.html",""
"1791044500-24","https://www.lazada.co.th/catalog/?page=4&q=Huawei%20Watch%20Ultimate%20","【Protect Your Health】U15 Smart Watch, Smart Watch That Measures Blood Sugar Without Invasion, Checks Uric Acid, Blood Fat, Temperature, Blood Pressure, Bluetooth Calls, Amoled Screen, Waterproof Ip67, Sports Watch for Men and Women, Supports Android Ios.","฿748.98","","【Protect Your Health】U15 Smart Watch, Smart Watch That Measures Blood Sugar Without Invasion, Checks Uric Acid, Blood Fat, Temperature, Blood Pressure, Bluetooth Calls, Amoled Screen, Waterproof Ip67, Sports Watch for Men and Women, Supports Android Ios.","https://www.lazada.co.th/products/pdp-i16224739226.html",""
"1791044502-25","https://www.lazada.co.th/catalog/?page=4&q=Huawei%20Watch%20Ultimate%20","สมาร์ทวอท์ช T10 Ultra 49 มม.2.09 นิ้วเต็มหน้าจอสกรูจริงบลูทูธโทรสมาร์ทวอทช์นาฬิกาสปอร์ตสําหรับผู้ชายและผู้หญิงพร้อมเกม","฿162.49","7 sold","สมาร์ทวอท์ช T10 Ultra 49 มม.2.09 นิ้วเต็มหน้าจอสกรูจริงบลูทูธโทรสมาร์ทวอทช์นาฬิกาสปอร์ตสําหรับผู้ชายและผู้หญิงพร้อมเกม","https://www.lazada.co.th/products/pdp-i5741357822.html",""
"1791044505-26","https://www.lazada.co.th/catalog/?page=4&q=Huawei%20Watch%20Ultimate%20","F57L Smart Watch Blood Glucose Sugar Oxygen Pressure Body Temperature Monitoring Sport Smartwatch For Men Women 1.91 Inch Screen Bluetooth IP68 Waterproof Bracelet","฿899.00","78 sold","F57L Smart Watch Blood Glucose Sugar Oxygen Pressure Body Temperature Monitoring Sport Smartwatch For Men Women 1.91 Inch Screen Bluetooth IP68 Waterproof Bracelet","https://www.lazada.co.th/products/pdp-i4863610450.html",""
"1791044507-27","https://www.lazada.co.th/catalog/?page=4&q=Huawei%20Watch%20Ultimate%20","Star Fruit Smartwatch with Heart Rate and Step Counting Functions for Fitness Enthusiasts.","฿22.00","3.9K sold","Star Fruit Smartwatch with Heart Rate and Step Counting Functions for Fitness Enthusiasts.","https://www.lazada.co.th/products/pdp-i5712552699.html",""
"1791044509-28","https://www.lazada.co.th/catalog/?page=4&q=Huawei%20Watch%20Ultimate%20","LIGE Original Smart Watch for Men and Women Wireless Call Voice Assistant Health Fitness Tracker 50 Meter Waterproof Multiple Sport Modes Watches","฿669.00","21 sold","LIGE Original Smart Watch for Men and Women Wireless Call Voice Assistant Health Fitness Tracker 50 Meter Waterproof Multiple Sport Modes Watches","https://www.lazada.co.th/products/pdp-i5654020343.html",""
"1791044512-29","https://www.lazada.co.th/catalog/?page=4&q=Huawei%20Watch%20Ultimate%20","2026 New smartwatch,HD touch screen,IP67 waterproof,24-hour bodyhealth monitoring,Bluetoothcalling,sleep monitoring,heart rate monitoring,blood pressure and blood oxygen level measurement,exercise tracking,compatible with Android and iOS,sports watch","฿290.83","16 sold","2026 New smartwatch,HD touch screen,IP67 waterproof,24-hour bodyhealth monitoring,Bluetoothcalling,sleep monitoring,heart rate monitoring,blood pressure and blood oxygen level measurement,exercise tracking,compatible with Android and iOS,sports watch","https://www.lazada.co.th/products/pdp-i16215081575.html",""
"1791044514-30","https://www.lazada.co.th/catalog/?page=4&q=Huawei%20Watch%20Ultimate%20","SAMSUNG นาฬิกาสมาร์ทwatch smartwatch 	สมาร์ทวอทช์ 	สมาทวอชของแท้2023 นาฬิกาออกกำลังกายเพื่อสุขภาพ วัดการนอนหลับ IP67 กันน้ำ 1.28 นิ้ว รองรับ Android และ IOS","฿683.80","33 sold","SAMSUNG นาฬิกาสมาร์ทwatch smartwatch 	สมาร์ทวอทช์ 	สมาทวอชของแท้2023 นาฬิกาออกกำลังกายเพื่อสุขภาพ วัดการนอนหลับ IP67 กันน้ำ 1.28 นิ้ว รองรับ Android และ IOS","https://www.lazada.co.th/products/pdp-i4895183350.html",""
"1791044516-31","https://www.lazada.co.th/catalog/?page=4&q=Huawei%20Watch%20Ultimate%20","Aolon Gt6 Pro Men's Smart Watch Professional Outdoor Watch Heart Rate Monitor Blood Oxygen Sleep Monitoring, Clear Amoled Screen, Built-In Flashlight, 1Atm Waterproof, Long-Lasting Battery.","฿1,449.00","505 sold","Aolon Gt6 Pro Men's Smart Watch Professional Outdoor Watch Heart Rate Monitor Blood Oxygen Sleep Monitoring, Clear Amoled Screen, Built-In Flashlight, 1Atm Waterproof, Long-Lasting Battery.","https://www.lazada.co.th/products/pdp-i6071601208.html",""
"1791044519-32","https://www.lazada.co.th/catalog/?page=4&q=Huawei%20Watch%20Ultimate%20","ส่งจากไทย สมาร์ทวอทช์กีฬา H9PLUS ตรวจสอบสุขภาพ แจ้งเตือนข้อมูล วัดจำนวนก้าว โทรผ่านบลูทูธ","฿193.56","5 sold","ส่งจากไทย สมาร์ทวอทช์กีฬา H9PLUS ตรวจสอบสุขภาพ แจ้งเตือนข้อมูล วัดจำนวนก้าว โทรผ่านบลูทูธ","https://www.lazada.co.th/products/pdp-i5687940465.html",""
"1791044521-33","https://www.lazada.co.th/catalog/?page=4&q=Huawei%20Watch%20Ultimate%20","2026 New smartwatch,1.77-inch HD touch screen,IP67 waterproof,24-hour bodyhealth monitoring,blood pressure and blood oxygen level measurement,exercise tracking,Bluetoothcalling,heart rate monitoring,step counting,etc,compatible with Android and iOS","฿290.83","39 sold","2026 New smartwatch,1.77-inch HD touch screen,IP67 waterproof,24-hour bodyhealth monitoring,blood pressure and blood oxygen level measurement,exercise tracking,Bluetoothcalling,heart rate monitoring,step counting,etc,compatible with Android and iOS","https://www.lazada.co.th/products/pdp-i16199948170.html",""
"1791044524-34","https://www.lazada.co.th/catalog/?page=4&q=Huawei%20Watch%20Ultimate%20","Samsung Smartwatch, Smart Watch, Bluetooth Watch, Smartwatch, Blood Pressure Measurement, Spo2, Various Sports Modes, Smartwatch Ip67, Waterproof Watch, Compatible with Android Ios System","฿700.14","123 sold","Samsung Smartwatch, Smart Watch, Bluetooth Watch, Smartwatch, Blood Pressure Measurement, Spo2, Various Sports Modes, Smartwatch Ip67, Waterproof Watch, Compatible with Android Ios System","https://www.lazada.co.th/products/pdp-i4731303136.html",""
"1791044526-35","https://www.lazada.co.th/catalog/?page=4&q=Huawei%20Watch%20Ultimate%20","(Free Film + 1 Year Warranty) S11 Max New Smartwatch Model 2026 (Free 2 Free Items) the Case Comes in 2 Colors: Black and Silver. Can Make and Receive Calls.","฿219.00","180 sold","(Free Film + 1 Year Warranty) S11 Max New Smartwatch Model 2026 (Free 2 Free Items) the Case Comes in 2 Colors: Black and Silver. Can Make and Receive Calls.","https://www.lazada.co.th/products/pdp-i5314393451.html",""
"1791044528-36","https://www.lazada.co.th/catalog/?page=4&q=Huawei%20Watch%20Ultimate%20","Smart Watch S9 Pro, a Smartwatch with a 1.9"" Amoled Screen, Built-In Gps, Can Answer Calls, and Monitor Heart Rate.","฿699.00","312 sold","Smart Watch S9 Pro, a Smartwatch with a 1.9"" Amoled Screen, Built-In Gps, Can Answer Calls, and Monitor Heart Rate.","https://www.lazada.co.th/products/pdp-i5789575190.html",""
"1791044531-37","https://www.lazada.co.th/catalog/?page=4&q=Huawei%20Watch%20Ultimate%20","【Supports Sim Card】Hau Wei S9 Ultra Smartwatch 5g Cellular Version Sim Card Ram 4/64Gb Gps Amoled Display Watch Youtube Tiktok Full Touch Screen Ip68 Waterproof Supports Hotspot Calls Video Playback, Sports, Watches, Men, Women, Watches for Men and Women","฿368.65","19 sold","【Supports Sim Card】Hau Wei S9 Ultra Smartwatch 5g Cellular Version Sim Card Ram 4/64Gb Gps Amoled Display Watch Youtube Tiktok Full Touch Screen Ip68 Waterproof Supports Hotspot Calls Video Playback, Sports, Watches, Men, Women, Watches for Men and Women","https://www.lazada.co.th/products/pdp-i5970606944.html",""
"1791044533-38","https://www.lazada.co.th/catalog/?page=4&q=Huawei%20Watch%20Ultimate%20","Huawei Watch Fit 5 / 5 Pro strap case tempered glass screen protector hard PC full cover plating color clear soft TPU cases classic smart watch band straps","฿32.00","29 sold","Huawei Watch Fit 5 / 5 Pro strap case tempered glass screen protector hard PC full cover plating color clear soft TPU cases classic smart watch band straps","https://www.lazada.co.th/products/pdp-i16157293499.html",""
"1791044535-39","https://www.lazada.co.th/catalog/?page=4&q=Huawei%20Watch%20Ultimate%20","Mafam【 🔥 Thailand Delivery 🔥 】22Mm Silicone Jelly Strap for Huawei Gt Runner 2 Watch Bracelet for Huawei Gt6/2/3 Ultimate Buds Watchband Cable","฿67.00","","Mafam【 🔥 Thailand Delivery 🔥 】22Mm Silicone Jelly Strap for Huawei Gt Runner 2 Watch Bracelet for Huawei Gt6/2/3 Ultimate Buds Watchband Cable","https://www.lazada.co.th/products/pdp-i16163727942.html",""
"1791044538-40","https://www.lazada.co.th/catalog/?page=4&q=Huawei%20Watch%20Ultimate%20","20mm 22mm Watch Band Leather Straps for Huawei GT 2 GT2 GT3 42 46mm Bracelet Replacement GT 3 Pro 43 46mm Honor Magic 2 Wristbands","฿89.00","341 sold","20mm 22mm Watch Band Leather Straps for Huawei GT 2 GT2 GT3 42 46mm Bracelet Replacement GT 3 Pro 43 46mm Honor Magic 2 Wristbands","https://www.lazada.co.th/products/pdp-i4696062761.html",""
