web_scraper_order,web_scraper_start_url,pagination,price,product_name,rating,data4,data5,data6,data7,data8,data9,data10,data11,data12,data13,data14,image,image2,image3,image4,image5,image6,image7,image8
"1791097417-1","https://shopee.co.th/search?keyword=apple%20watch%20ultra%202","","47","Xiaomi Redmi Watch 5 Active 18 วันแบตอึด ตรวจสุขภาพแบบเรียลไทม์ รับสายผ่าน Bluetooth หน้าจอ LCD 2.0 นิ้ว สีดำ สีเงิน","4.7","ขายแล้ว 10พัน+ ชิ้น","จังหวัดสมุทรปราการ","72","1-3 วัน","-35%","","","คล้ายกัน","","฿","฿","https://down-th.img.susercontent.com/file/sg-11134201-7rdwn-m040mqbhv3eoa5@resize_w640_nl","https://down-th.img.susercontent.com/file/th-11134258-7r98v-lza0acpy64ch4e","https://down-th.img.susercontent.com/file/th-11134258-7ra0u-mbhqckcw8cjo4a","","https://deo.shopeemobile.com/shopee/modules-federation/live/0/shopee__item-card-centralisation/0.4.4/pc/76dff349290d20891fc1.svg","https://down-th.img.susercontent.com/file/id-11134258-7r98o-ly1pxywrszyh0b_tn.webp","https://deo.shopeemobile.com/shopee/modules-federation/live/0/shopee__item-card-centralisation/0.4.4/pc/5dd7b4560d0e2d3190e8.svg",""
"1791097417-2","https://shopee.co.th/search?keyword=apple%20watch%20ultra%202","","229","Manis Lemon แหวนแม่เหล็ก MagGo สายนาฬิกาข้อมือ for Smart Watch Series 12 11 10 9 8 3 4 SE 6 7 2 Ultra 49 46 45 44 40 41","4.8","ขายแล้ว 1พัน+ ชิ้น","จังหวัดกรุงเทพมหานคร","360","1-4 วัน","-36%","ซื้อ 2 ชิ้น ลด 2%","","คล้ายกัน","","฿","฿","https://down-th.img.susercontent.com/file/th-11134207-81zte-mnfkfq0q4n4691@resize_w640_nl","https://down-th.img.susercontent.com/file/th-11134258-7r98v-lza0acpy64ch4e","https://down-th.img.susercontent.com/file/th-11134258-7r992-lyb3pndzwa09e2","","https://deo.shopeemobile.com/shopee/modules-federation/live/0/shopee__item-card-centralisation/0.4.4/pc/76dff349290d20891fc1.svg","https://down-th.img.susercontent.com/file/id-11134258-7r98o-ly1pxywrszyh0b_tn.webp","https://deo.shopeemobile.com/shopee/modules-federation/live/0/shopee__item-card-centralisation/0.4.4/pc/5dd7b4560d0e2d3190e8.svg",""
"1791097417-3","https://shopee.co.th/search?keyword=apple%20watch%20ultra%202","","50","สายนาฬิกาอัจฉริยะ Ultra 49-46mm ซิลิโคนระบายอากาศ iwatch S11 10 9 8 76 5 4 3 2 1 SE","4.9","ขายแล้ว 6พัน+ ชิ้น","จังหวัดกรุงเทพมหานคร","129","1-3 วัน","-61%","ช้อปปี้ถูกชัวร์","","คล้ายกัน","","฿","฿","https://down-th.img.susercontent.com/file/sg-11134249-825b3-mqwjbcl79c05fa@resize_w640_nl","https://down-th.img.susercontent.com/file/th-11134258-7r98v-lza0acpy64ch4e","","","https://deo.shopeemobile.com/shopee/modules-federation/live/0/shopee__item-card-centralisation/0.4.4/pc/76dff349290d20891fc1.svg","https://down-th.img.susercontent.com/file/id-11134258-7r98o-ly1pxywrszyh0b_tn.webp","https://deo.shopeemobile.com/shopee/modules-federation/live/0/shopee__item-card-centralisation/0.4.4/pc/5dd7b4560d0e2d3190e8.svg",""
"1791097417-4","https://shopee.co.th/search?keyword=apple%20watch%20ultra%202","","45","ฟิล์มกระจกนิรภัย  สําหรับ iwatch Ultra 49mm 49มม กรอบโลหะไทเทเนียม  สำหรับ iWatch ultra 2 ป้องกันหน้าจอ Aluminum","4.8","ขายแล้ว 2พัน+ ชิ้น","จังหวัดกรุงเทพมหานคร","159","2-4 วัน","-72%","","","คล้ายกัน","","฿","฿","https://down-th.img.susercontent.com/file/th-11134207-7rash-m142a3s5cz2931@resize_w640_nl","","","","https://deo.shopeemobile.com/shopee/modules-federation/live/0/shopee__item-card-centralisation/0.4.4/pc/76dff349290d20891fc1.svg","https://down-th.img.susercontent.com/file/id-11134258-7r98o-ly1pxywrszyh0b_tn.webp","https://deo.shopeemobile.com/shopee/modules-federation/live/0/shopee__item-card-centralisation/0.4.4/pc/5dd7b4560d0e2d3190e8.svg",""
"1791097417-5","https://shopee.co.th/search?keyword=apple%20watch%20ultra%202","","22","ฟิล์มกระจกนิรภัย 3D สำหรับ Apple Watch หลากหลายขนาด ติดตั้งง่าย ป้องกันรอยขีดข่วน","5.0","ขายแล้ว 200พัน+ ชิ้น","จังหวัดกรุงเทพมหานคร","69","2-4 วัน","-68%","ช้อปปี้ถูกชัวร์","","คล้ายกัน","","฿","฿","https://down-th.img.susercontent.com/file/sg-11134249-825av-mqntmz1s1hqje9@resize_w640_nl","https://down-th.img.susercontent.com/file/th-11134258-7r98v-lza0acpy64ch4e","https://down-th.img.susercontent.com/file/th-11134258-7ra0u-mbhqckcw8cjo4a","","https://deo.shopeemobile.com/shopee/modules-federation/live/0/shopee__item-card-centralisation/0.4.4/pc/76dff349290d20891fc1.svg","https://down-th.img.susercontent.com/file/id-11134258-7r98o-ly1pxywrszyh0b_tn.webp","https://deo.shopeemobile.com/shopee/modules-federation/live/0/shopee__item-card-centralisation/0.4.4/pc/5dd7b4560d0e2d3190e8.svg",""
"1791097417-6","https://shopee.co.th/search?keyword=apple%20watch%20ultra%202","","97","[ส่งไว] สายรัดซิลิโคน Forr Apple Watch Ultra 4 3 2 49mm-38mm สำหรับ iWatch S12 S11 S10 ซีรีส์ 9 8 7 6 5 4 SE 3 2 1","4.9","ขายแล้ว 149 ชิ้น","จังหวัดสมุทรปราการ","154","1-4 วัน","-37%","ช้อปเพิ่มคุ้มกว่า","","คล้ายกัน","","฿","฿","https://down-th.img.susercontent.com/file/sg-11134201-82591-mrh17ggj045gdd@resize_w640_nl","https://down-th.img.susercontent.com/file/th-11134258-7r98v-lza0acpy64ch4e","","https://deo.shopeemobile.com/shopee/modules-federation/live/0/shopee__item-card-centralisation/0.4.4/pc/b4d1b8a78b3621dbdf4a.svg","https://deo.shopeemobile.com/shopee/modules-federation/live/0/shopee__item-card-centralisation/0.4.4/pc/76dff349290d20891fc1.svg","https://down-th.img.susercontent.com/file/id-11134258-7r98o-ly1pxywrszyh0b_tn.webp","https://deo.shopeemobile.com/shopee/modules-federation/live/0/shopee__item-card-centralisation/0.4.4/pc/5dd7b4560d0e2d3190e8.svg",""
"1791097417-7","https://shopee.co.th/search?keyword=apple%20watch%20ultra%202","","358","สายรัดซิลิโคนอ่อนนุ่มสําหรับ iWatch Ultra 2 1 49 มม.Series 9 8 7 41 45 มม.ยางสําหรับ iWatch 6 5 4 se 42 มม.44 มม.สร้อยข้อมือบุรุษ","4.7","ขายแล้ว 92 ชิ้น","จังหวัดปทุมธานี","618","1-4 วัน","-42%","","","คล้ายกัน","","฿","฿","https://down-th.img.susercontent.com/file/sg-11134201-7rbl4-loxjqwnecl6u1d@resize_w640_nl","https://down-th.img.susercontent.com/file/th-11134258-7r98v-lza0acpy64ch4e","https://down-th.img.susercontent.com/file/th-11134258-7ra0i-mbhqdknr6rmg23","","https://deo.shopeemobile.com/shopee/modules-federation/live/0/shopee__item-card-centralisation/0.4.4/pc/76dff349290d20891fc1.svg","https://down-th.img.susercontent.com/file/id-11134258-7r98o-ly1pxywrszyh0b_tn.webp","https://deo.shopeemobile.com/shopee/modules-federation/live/0/shopee__item-card-centralisation/0.4.4/pc/5dd7b4560d0e2d3190e8.svg",""
"1791097417-8","https://shopee.co.th/search?keyword=apple%20watch%20ultra%202","","35","สายหนัง + ซิลิโคนสำหรับ Apple Watch 10 42 46 มม. Ultra2 49 มม. 44 มม. 45 มม. สำหรับ iWatch Series 9 8 7 SE 6","4.9","ขายแล้ว 2พัน+ ชิ้น","จังหวัดกรุงเทพมหานคร","","1-4 วัน","","","","คล้ายกัน","","฿","","https://down-th.img.susercontent.com/file/th-11134207-7ra0o-mcq46cjobyyt5b@resize_w640_nl","","https://down-th.img.susercontent.com/file/th-11134258-7ra0u-mbhqckcw8cjo4a","","https://deo.shopeemobile.com/shopee/modules-federation/live/0/shopee__item-card-centralisation/0.4.4/pc/76dff349290d20891fc1.svg","https://down-th.img.susercontent.com/file/id-11134258-7r98o-ly1pxywrszyh0b_tn.webp","https://deo.shopeemobile.com/shopee/modules-federation/live/0/shopee__item-card-centralisation/0.4.4/pc/5dd7b4560d0e2d3190e8.svg",""
"1791097417-9","https://shopee.co.th/search?keyword=apple%20watch%20ultra%202","","51","แก้วปลอกโลหะเข้ากันได้สําหรับแอปเปิ้ลดูอัลตร้า3 2 49มิลลิเมตรป้องกันหน้าจอฟิล์มสําหรับ ฉันดู พิเศษ49มิลลิเมตรป้องกันเต็มปกอลูมินัมโลหะผสมปกฟิล์มกระจกนิรภัย","4.9","ขายแล้ว 503 ชิ้น","ต่างประเทศ","120","","-57%","ช้อปปี้ถูกชัวร์","ซื้อ 2 ชิ้น ลด 3%","คล้ายกัน","","฿","฿","https://down-th.img.susercontent.com/file/br-11134201-23020-sk88sua00mnvb6@resize_w640_nl","https://down-th.img.susercontent.com/file/th-11134258-7r98v-lza0acpy64ch4e","","","","https://down-th.img.susercontent.com/file/id-11134258-7r98o-ly1pxywrszyh0b_tn.webp","https://deo.shopeemobile.com/shopee/modules-federation/live/0/shopee__item-card-centralisation/0.4.4/pc/5dd7b4560d0e2d3190e8.svg",""
"1791097417-10","https://shopee.co.th/search?keyword=apple%20watch%20ultra%202","","101","3 ชิ้นความละเอียดสูง 9H กระจกนิรภัย Smartwatch ป้องกันหน้าจอสําหรับ Apple Watch Ultra 2 3 49 มม.ติดตั้งง่ายฟิล์มกระจกนิรภัย","4.8","ขายแล้ว 273 ชิ้น","ต่างประเทศ","117","","-14%","ซื้อ 2 ชิ้น ลด 3%","","คล้ายกัน","","฿","฿","https://down-th.img.susercontent.com/file/cn-11134207-7r98o-lnjtqxhs5jm020@resize_w640_nl","https://down-th.img.susercontent.com/file/th-11134258-7r98v-lza0acpy64ch4e","","","","https://down-th.img.susercontent.com/file/id-11134258-7r98o-ly1pxywrszyh0b_tn.webp","https://deo.shopeemobile.com/shopee/modules-federation/live/0/shopee__item-card-centralisation/0.4.4/pc/5dd7b4560d0e2d3190e8.svg",""
"1791097417-11","https://shopee.co.th/search?keyword=apple%20watch%20ultra%202","","44","ฝาครอบกระจกนิรภัย 2 in 1 สำหรับ Apple Watch Ultra 4/SE 3 2 49mm IWatch 40mm 41 44mm 46mm Series 11 10 9 8 7 6 5 4 3","4.8","ขายแล้ว 10พัน+ ชิ้น","จังหวัดสมุทรปราการ","84","1-3 วัน","-48%","ช้อปปี้ถูกชัวร์","ซื้อ 2 ชิ้น ลด 1%","คล้ายกัน","","฿","฿","https://down-th.img.susercontent.com/file/sg-11134201-7reoy-m8u8vlz09769ae@resize_w640_nl","https://down-th.img.susercontent.com/file/th-11134258-7r98v-lza0acpy64ch4e","https://down-th.img.susercontent.com/file/th-11134258-7ra0u-mbhqckcw8cjo4a","","https://deo.shopeemobile.com/shopee/modules-federation/live/0/shopee__item-card-centralisation/0.4.4/pc/76dff349290d20891fc1.svg","https://down-th.img.susercontent.com/file/id-11134258-7r98o-ly1pxywrszyh0b_tn.webp","https://deo.shopeemobile.com/shopee/modules-federation/live/0/shopee__item-card-centralisation/0.4.4/pc/5dd7b4560d0e2d3190e8.svg",""
"1791097417-12","https://shopee.co.th/search?keyword=apple%20watch%20ultra%202","","28","[ส่งไว] ฟิล์มแก้วนิรภัย HD ป้องกันหน้าจอสำหรับ Apple Watch Ultra 4 3 2 1 49mm สำหรับ Iwatch Ultra 4 Ultra 3 Ultra 2 49mm","5.0","ขายแล้ว 24 ชิ้น","จังหวัดสมุทรปราการ","54","1-4 วัน","-48%","ช้อปเพิ่มคุ้มกว่า","","คล้ายกัน","","฿","฿","https://down-th.img.susercontent.com/file/sg-11134201-825ba-mrh178dxdmgw19@resize_w640_nl","https://down-th.img.susercontent.com/file/th-11134258-7r98v-lza0acpy64ch4e","","https://deo.shopeemobile.com/shopee/modules-federation/live/0/shopee__item-card-centralisation/0.4.4/pc/b4d1b8a78b3621dbdf4a.svg","https://deo.shopeemobile.com/shopee/modules-federation/live/0/shopee__item-card-centralisation/0.4.4/pc/76dff349290d20891fc1.svg","https://down-th.img.susercontent.com/file/id-11134258-7r98o-ly1pxywrszyh0b_tn.webp","https://deo.shopeemobile.com/shopee/modules-federation/live/0/shopee__item-card-centralisation/0.4.4/pc/5dd7b4560d0e2d3190e8.svg",""
"1791097417-13","https://shopee.co.th/search?keyword=apple%20watch%20ultra%202","","24","สายนาฬิกา smart watch  สายสําหรับ Watch 11 10 9 8 ultra 7 Se 6 5 4 สาย44mm 45mm.38mm.46mm 49mm UT สายสําหรับแอปเปิ้ลว","4.9","ขายแล้ว 10พัน+ ชิ้น","จังหวัดกรุงเทพมหานคร","159","2-4 วัน","-85%","","","คล้ายกัน","","฿","฿","https://down-th.img.susercontent.com/file/th-11134207-7rasl-m0ynnohr9o55fa@resize_w640_nl","https://down-th.img.susercontent.com/file/th-11134258-7r98v-lza0acpy64ch4e","https://down-th.img.susercontent.com/file/th-11134258-7ra0u-mbhqckcw8cjo4a","","https://deo.shopeemobile.com/shopee/modules-federation/live/0/shopee__item-card-centralisation/0.4.4/pc/76dff349290d20891fc1.svg","https://down-th.img.susercontent.com/file/id-11134258-7r98o-ly1pxywrszyh0b_tn.webp","https://deo.shopeemobile.com/shopee/modules-federation/live/0/shopee__item-card-centralisation/0.4.4/pc/5dd7b4560d0e2d3190e8.svg",""
"1791097417-14","https://shopee.co.th/search?keyword=apple%20watch%20ultra%202","","68","สายนาฬิกาข้อมือซิลิโคน สีเขียวเรืองแสง สําหรับ iWatch Ultra 2 และ Series 9/8/7/6/5/4/3/SE2 ขนาด 49/45/44/41/40 มม.","4.8","ขายแล้ว 758 ชิ้น","ต่างประเทศ","341","","-80%","ช้อปปี้ถูกชัวร์","","คล้ายกัน","","฿","฿","https://down-th.img.susercontent.com/file/cn-11134207-7r98o-lo8gf3a7y2oz6f@resize_w640_nl","https://down-th.img.susercontent.com/file/th-11134258-7r98v-lza0acpy64ch4e","","","","https://down-th.img.susercontent.com/file/id-11134258-7r98o-ly1pxywrszyh0b_tn.webp","https://deo.shopeemobile.com/shopee/modules-federation/live/0/shopee__item-card-centralisation/0.4.4/pc/5dd7b4560d0e2d3190e8.svg",""
"1791097417-15","https://shopee.co.th/search?keyword=apple%20watch%20ultra%202","","41","ฟิล์ม กระจกนิรภัย  ฟิล์ม A watch film iwatch ultra 49mm watch ultra  ฟิล์มสําหรับแอปเปิ้ลวอช กระจกนิรภัย","4.9","ขายแล้ว 1พัน+ ชิ้น","จังหวัดกรุงเทพมหานคร","99","2-4 วัน","-59%","ช้อปปี้ถูกชัวร์","","คล้ายกัน","","฿","฿","https://down-th.img.susercontent.com/file/th-11134207-7qul0-lhu2szfynmozd6@resize_w640_nl","","","","https://deo.shopeemobile.com/shopee/modules-federation/live/0/shopee__item-card-centralisation/0.4.4/pc/76dff349290d20891fc1.svg","https://down-th.img.susercontent.com/file/id-11134258-7r98o-ly1pxywrszyh0b_tn.webp","https://deo.shopeemobile.com/shopee/modules-federation/live/0/shopee__item-card-centralisation/0.4.4/pc/5dd7b4560d0e2d3190e8.svg",""
"1791097417-16","https://shopee.co.th/search?keyword=apple%20watch%20ultra%202","","116","2 แพ็ค WSKEN กรณีป้องกัน สำหรับ Apple Watch Ultra ปกป้องหน้าจอ 46 มม 45 มม 44 มม 42 มม 41 มม ฟิล์มกระจกป้องกันน้ำหนักเบา","4.9","ขายแล้ว 847 ชิ้น","จังหวัดกรุงเทพมหานคร","261","2-4 วัน","-56%","โปรโมชั่นลูกค้าที่คิดถึง ลด 43%","ซื้อ 2 ชิ้น ลด 3%","คล้ายกัน","","฿","฿","https://down-th.img.susercontent.com/file/th-11134207-7rasj-m63tvt4nn20n23@resize_w640_nl","https://down-th.img.susercontent.com/file/th-11134258-7r98v-lza0acpy64ch4e","https://down-th.img.susercontent.com/file/th-11134258-7ra0u-mbhqckcw8cjo4a","","https://deo.shopeemobile.com/shopee/modules-federation/live/0/shopee__item-card-centralisation/0.4.4/pc/76dff349290d20891fc1.svg","https://down-th.img.susercontent.com/file/id-11134258-7r98o-ly1pxywrszyh0b_tn.webp","https://deo.shopeemobile.com/shopee/modules-federation/live/0/shopee__item-card-centralisation/0.4.4/pc/5dd7b4560d0e2d3190e8.svg",""
"1791097417-17","https://shopee.co.th/search?keyword=apple%20watch%20ultra%202","","24","สายซิลิโคนสำหรับกีฬา for Ultra 4/SE 3 2 49มม IWatch Series 12 11/10 9 8 7 6 46 44 40 45มม 42 38 41มม","4.9","ขายแล้ว 395 ชิ้น","จังหวัดสมุทรปราการ","48","1-3 วัน","-50%","ซื้อ 2 ชิ้น ลด 1%","","คล้ายกัน","","฿","฿","https://down-th.img.susercontent.com/file/sg-11134201-821ep-mh2t4c8u1rm1c9@resize_w640_nl","https://down-th.img.susercontent.com/file/th-11134258-7r98v-lza0acpy64ch4e","","","https://deo.shopeemobile.com/shopee/modules-federation/live/0/shopee__item-card-centralisation/0.4.4/pc/76dff349290d20891fc1.svg","https://down-th.img.susercontent.com/file/id-11134258-7r98o-ly1pxywrszyh0b_tn.webp","https://deo.shopeemobile.com/shopee/modules-federation/live/0/shopee__item-card-centralisation/0.4.4/pc/5dd7b4560d0e2d3190e8.svg",""
"1791097417-18","https://shopee.co.th/search?keyword=apple%20watch%20ultra%202","","143","การ์ตูนเกมคอนโซลซิลิโคนนุ่มสําหรับ แอปเปิล ฉันดู ชุด พิเศษ iWatch Series Ultra 11 10 9 8 7 6 SE 5 4 3 2  42 มม.49 มม.46 มม.41 มม.45 มม.40 มม.44 มม.38 ไนลอนคอแขวนยาวเชือกตกแต่งอุปกรณ์เสริม","4.8","ขายแล้ว 107 ชิ้น","ต่างประเทศ","353","","-59%","ซื้อ 2 ชิ้น ลด 3%","","คล้ายกัน","","฿","฿","https://down-th.img.susercontent.com/file/sg-11134201-825av-mqj0zvai7w1tfe@resize_w640_nl","https://down-th.img.susercontent.com/file/th-11134258-7r98v-lza0acpy64ch4e","","https://deo.shopeemobile.com/shopee/modules-federation/live/0/shopee__item-card-centralisation/0.4.4/pc/b4d1b8a78b3621dbdf4a.svg","","https://down-th.img.susercontent.com/file/id-11134258-7r98o-ly1pxywrszyh0b_tn.webp","https://deo.shopeemobile.com/shopee/modules-federation/live/0/shopee__item-card-centralisation/0.4.4/pc/5dd7b4560d0e2d3190e8.svg",""
"1791097417-19","https://shopee.co.th/search?keyword=apple%20watch%20ultra%202","","328","เคส พร้อมสาย TPU สําหรับ iWatch Ultra 10 band for iWatch Series 11 10 9 8 7 6 5 ขนาด 40.41 .44.45 .49.46มม.  For watch","4.9","ขายแล้ว 1พัน+ ชิ้น","จังหวัดกรุงเทพมหานคร","529","2-4 วัน","-38%","","","คล้ายกัน","","฿","฿","https://down-th.img.susercontent.com/file/th-11134207-7ras8-m1ciqypla20j3d@resize_w640_nl","","","","https://deo.shopeemobile.com/shopee/modules-federation/live/0/shopee__item-card-centralisation/0.4.4/pc/76dff349290d20891fc1.svg","https://down-th.img.susercontent.com/file/id-11134258-7r98o-ly1pxywrszyh0b_tn.webp","https://deo.shopeemobile.com/shopee/modules-federation/live/0/shopee__item-card-centralisation/0.4.4/pc/5dd7b4560d0e2d3190e8.svg",""
"1791097417-20","https://shopee.co.th/search?keyword=apple%20watch%20ultra%202","","87","สาย สายนาลอนแบบสปอร์ตแม่เหล็ก for IWatch Ultra 4 3 2 49mm Series 12 11 10 9 8 7 6 5 4 SE 3 46มม. 45มม. 42มม.41 40","4.9","ขายแล้ว 332 ชิ้น","จังหวัดสมุทรปราการ","176","1-3 วัน","-51%","ช้อปปี้ถูกชัวร์","","คล้ายกัน","Flash Sale 18:00 4 ต.ค.","฿","฿","https://down-th.img.susercontent.com/file/sg-11134201-8261o-mjxzlubvhblz0b@resize_w640_nl","https://down-th.img.susercontent.com/file/th-11134258-7r98v-lza0acpy64ch4e","https://down-th.img.susercontent.com/file/th-11134258-7ra0u-mbhqckcw8cjo4a","","https://deo.shopeemobile.com/shopee/modules-federation/live/0/shopee__item-card-centralisation/0.4.4/pc/76dff349290d20891fc1.svg","https://down-th.img.susercontent.com/file/id-11134258-7r98o-ly1pxywrszyh0b_tn.webp","https://deo.shopeemobile.com/shopee/modules-federation/live/0/shopee__item-card-centralisation/0.4.4/pc/5dd7b4560d0e2d3190e8.svg","https://down-th.img.susercontent.com/file/th-11134258-81ztq-mqem1ej8t1c047_tn.webp"
"1791097417-21","https://shopee.co.th/search?keyword=apple%20watch%20ultra%202","","27","กระจกนิรภัยป้องกันหน้าจอฟิล์มกันชน for IWatch Apple Watch Ultra 4/SE 3 2 Series 11 10 9 8 7 6 5 49มม 46มม 41มม.44 42มม","5.0","ขายแล้ว 185 ชิ้น","จังหวัดสมุทรปราการ","54","1-3 วัน","-50%","ช้อปปี้ถูกชัวร์","","คล้ายกัน","Flash Sale 18:00 4 ต.ค.","฿","฿","https://down-th.img.susercontent.com/file/th-11134207-81ztj-mgktc316y9sba6@resize_w640_nl","https://down-th.img.susercontent.com/file/th-11134258-7r98v-lza0acpy64ch4e","https://down-th.img.susercontent.com/file/th-11134258-7ra0u-mbhqckcw8cjo4a","","https://deo.shopeemobile.com/shopee/modules-federation/live/0/shopee__item-card-centralisation/0.4.4/pc/76dff349290d20891fc1.svg","https://down-th.img.susercontent.com/file/id-11134258-7r98o-ly1pxywrszyh0b_tn.webp","https://deo.shopeemobile.com/shopee/modules-federation/live/0/shopee__item-card-centralisation/0.4.4/pc/5dd7b4560d0e2d3190e8.svg","https://down-th.img.susercontent.com/file/th-11134258-81ztq-mqem1ej8t1c047_tn.webp"
"1791097417-22","https://shopee.co.th/search?keyword=apple%20watch%20ultra%202","","9","case นิ่ม สำหรับ Apple Watch ultra 49mm 2เเบบให้เลือก เคส watch case เเบบไม่มีหน้าจอหรือคลุมจอ เคสสําหรับแอปเปิ้ลวอช","4.8","ขายแล้ว 1พัน+ ชิ้น","จังหวัดกรุงเทพมหานคร","99","2-4 วัน","-91%","ช้อปปี้ถูกชัวร์","","คล้ายกัน","","฿","฿","https://down-th.img.susercontent.com/file/sg-11134201-22100-6b33fvdt0yiv60@resize_w640_nl","","","","https://deo.shopeemobile.com/shopee/modules-federation/live/0/shopee__item-card-centralisation/0.4.4/pc/76dff349290d20891fc1.svg","https://down-th.img.susercontent.com/file/id-11134258-7r98o-ly1pxywrszyh0b_tn.webp","https://deo.shopeemobile.com/shopee/modules-federation/live/0/shopee__item-card-centralisation/0.4.4/pc/5dd7b4560d0e2d3190e8.svg",""
"1791097417-23","https://shopee.co.th/search?keyword=apple%20watch%20ultra%202","","9","เคส  สําหรับ appleWatch ultra ขนาด 49mm เเบบใส เคส นิ่ม  49มม ซิลิโคน เคสสําหรับแอปเปิ้ลวอช ultra 49mm","4.8","ขายแล้ว 1พัน+ ชิ้น","จังหวัดกรุงเทพมหานคร","59","2-4 วัน","-85%","ช้อปปี้ถูกชัวร์","","คล้ายกัน","","฿","฿","https://down-th.img.susercontent.com/file/sg-11134201-22100-idnxajo2muivd8@resize_w640_nl","","","","https://deo.shopeemobile.com/shopee/modules-federation/live/0/shopee__item-card-centralisation/0.4.4/pc/76dff349290d20891fc1.svg","https://down-th.img.susercontent.com/file/id-11134258-7r98o-ly1pxywrszyh0b_tn.webp","https://deo.shopeemobile.com/shopee/modules-federation/live/0/shopee__item-card-centralisation/0.4.4/pc/5dd7b4560d0e2d3190e8.svg",""
"1791097417-24","https://shopee.co.th/search?keyword=apple%20watch%20ultra%202","","25","ฟิล์มไฮโดรเจลอ่อน for Apple Watch 49มม IWatch Ultra 3 2 Series 11 10 9 8 7 6 5 4 SE 3 2 1 46มม 45มม 44มม 42มม 41 40 38มม","4.8","ขายแล้ว 126 ชิ้น","จังหวัดสมุทรปราการ","56","1-3 วัน","-55%","ซื้อ 2 ชิ้น ลด 1%","","คล้ายกัน","","฿","฿","https://down-th.img.susercontent.com/file/sg-11134201-81zu0-mifjymc21nns5c@resize_w640_nl","https://down-th.img.susercontent.com/file/th-11134258-7r98v-lza0acpy64ch4e","https://down-th.img.susercontent.com/file/th-11134258-7ra0u-mbhqckcw8cjo4a","","https://deo.shopeemobile.com/shopee/modules-federation/live/0/shopee__item-card-centralisation/0.4.4/pc/76dff349290d20891fc1.svg","https://down-th.img.susercontent.com/file/id-11134258-7r98o-ly1pxywrszyh0b_tn.webp","https://deo.shopeemobile.com/shopee/modules-federation/live/0/shopee__item-card-centralisation/0.4.4/pc/5dd7b4560d0e2d3190e8.svg",""
"1791097417-25","https://shopee.co.th/search?keyword=apple%20watch%20ultra%202","","97","PC Case + Milanese Loop Strap for IWatch Apple Watch Ultra 3 2 SE 3 2 Series 11 10 9 8 7 49/46/45/44/42/41/40/38mm","4.9","ขายแล้ว 256 ชิ้น","จังหวัดสมุทรปราการ","135","1-3 วัน","-28%","ซื้อ 2 ชิ้น ลด 1%","","คล้ายกัน","","฿","฿","https://down-th.img.susercontent.com/file/sg-11134201-7rff3-m34uun3v2bah46@resize_w640_nl","https://down-th.img.susercontent.com/file/th-11134258-7r98v-lza0acpy64ch4e","https://down-th.img.susercontent.com/file/th-11134258-7ra0u-mbhqckcw8cjo4a","","https://deo.shopeemobile.com/shopee/modules-federation/live/0/shopee__item-card-centralisation/0.4.4/pc/76dff349290d20891fc1.svg","https://down-th.img.susercontent.com/file/id-11134258-7r98o-ly1pxywrszyh0b_tn.webp","https://deo.shopeemobile.com/shopee/modules-federation/live/0/shopee__item-card-centralisation/0.4.4/pc/5dd7b4560d0e2d3190e8.svg",""
"1791097417-26","https://shopee.co.th/search?keyword=apple%20watch%20ultra%202","","208","สมาร์ทวอทช์ H9 Max หน้าจอสัมผัส HD ขนาดใหญ่ 2.01"" แบตเตอรี่ 200mAh รองรับหลายภาษา มีหลายสี H9-Pink H9-Black H9-เงิน","4.9","ขายแล้ว 30พัน+ ชิ้น","จังหวัดกรุงเทพมหานคร","288","1-5 วัน","-28%","","","คล้ายกัน","","฿","฿","https://down-th.img.susercontent.com/file/sg-11134201-7rbk2-m63pcnugh9cndb@resize_w640_nl","https://down-th.img.susercontent.com/file/th-11134258-7r98v-lza0acpy64ch4e","","","https://deo.shopeemobile.com/shopee/modules-federation/live/0/shopee__item-card-centralisation/0.4.4/pc/76dff349290d20891fc1.svg","https://down-th.img.susercontent.com/file/id-11134258-7r98o-ly1pxywrszyh0b_tn.webp","https://deo.shopeemobile.com/shopee/modules-federation/live/0/shopee__item-card-centralisation/0.4.4/pc/5dd7b4560d0e2d3190e8.svg",""
"1791097417-27","https://shopee.co.th/search?keyword=apple%20watch%20ultra%202","","97","นาฬิกาข้อมือกระจกนิรภัยพร้อมสายรัดโลหะแม่เหล็ก Smart Watch 45 41 44 40 38 42มม. SE Ultra 3 2 Series 11 10 9 5-Se-6","4.9","ขายแล้ว 588 ชิ้น","จังหวัดสมุทรปราการ","152","1-3 วัน","-36%","ซื้อ 2 ชิ้น ลด 1%","","คล้ายกัน","","฿","฿","https://down-th.img.susercontent.com/file/sg-11134201-7raty-maibtuyoi9z761@resize_w640_nl","https://down-th.img.susercontent.com/file/th-11134258-7r98v-lza0acpy64ch4e","https://down-th.img.susercontent.com/file/th-11134258-7ra0u-mbhqckcw8cjo4a","","https://deo.shopeemobile.com/shopee/modules-federation/live/0/shopee__item-card-centralisation/0.4.4/pc/76dff349290d20891fc1.svg","https://down-th.img.susercontent.com/file/id-11134258-7r98o-ly1pxywrszyh0b_tn.webp","https://deo.shopeemobile.com/shopee/modules-federation/live/0/shopee__item-card-centralisation/0.4.4/pc/5dd7b4560d0e2d3190e8.svg",""
"1791097417-28","https://shopee.co.th/search?keyword=apple%20watch%20ultra%202","","27","เคสป้องกันหน้าจอ 2-in-1 กระจกนิรภัย 9H สำหรับ Apple Watch","4.9","ขายแล้ว 300พัน+ ชิ้น","จังหวัดกรุงเทพมหานคร","99","2-4 วัน","-73%","ช้อปปี้ถูกชัวร์","","คล้ายกัน","","฿","฿","https://down-th.img.susercontent.com/file/sg-11134249-823p8-moikfzu0kuma0d@resize_w640_nl","https://down-th.img.susercontent.com/file/th-11134258-7r98v-lza0acpy64ch4e","https://down-th.img.susercontent.com/file/th-11134258-7ra0u-mbhqckcw8cjo4a","","https://deo.shopeemobile.com/shopee/modules-federation/live/0/shopee__item-card-centralisation/0.4.4/pc/76dff349290d20891fc1.svg","https://down-th.img.susercontent.com/file/id-11134258-7r98o-ly1pxywrszyh0b_tn.webp","https://deo.shopeemobile.com/shopee/modules-federation/live/0/shopee__item-card-centralisation/0.4.4/pc/5dd7b4560d0e2d3190e8.svg",""
"1791097417-29","https://shopee.co.th/search?keyword=apple%20watch%20ultra%202","","14","สายนาฬิกาแบบแม่เหล็กแบบมิลานสำหรับ IWatch Ultra 49mm S12 11 10 SE 9 8 67 6 5 4 3 2 1 38mm40mm41mm42mm44mm45mm46mm","4.9","ขายแล้ว 1พัน+ ชิ้น","จังหวัดกรุงเทพมหานคร","215","1-3 วัน","-93%","โปรโมชั่นลูกค้าที่คิดถึง ลด 89%","","คล้ายกัน","","฿","฿","https://down-th.img.susercontent.com/file/th-11134207-7rasc-m9tia3kdfyzy49@resize_w640_nl","https://down-th.img.susercontent.com/file/th-11134258-7r98v-lza0acpy64ch4e","","","https://deo.shopeemobile.com/shopee/modules-federation/live/0/shopee__item-card-centralisation/0.4.4/pc/76dff349290d20891fc1.svg","https://down-th.img.susercontent.com/file/id-11134258-7r98o-ly1pxywrszyh0b_tn.webp","https://deo.shopeemobile.com/shopee/modules-federation/live/0/shopee__item-card-centralisation/0.4.4/pc/5dd7b4560d0e2d3190e8.svg",""
"1791097417-30","https://shopee.co.th/search?keyword=apple%20watch%20ultra%202","","101","สายรัดไนลอนแม่เหล็กสำหรับ for Iwatch Ultra 4 3 2 Series 12 11 10 9 8 7 6 5 SE 3 2 49 45 42 46 44 41 40 มม","5.0","ขายแล้ว 12 ชิ้น","จังหวัดสมุทรปราการ","176","1-3 วัน","-43%","","","คล้ายกัน","","฿","฿","https://down-th.img.susercontent.com/file/sg-11134201-825ap-mr5pddfmrf9ga8@resize_w640_nl","https://down-th.img.susercontent.com/file/th-11134258-7r98v-lza0acpy64ch4e","https://down-th.img.susercontent.com/file/th-11134258-7ra0u-mbhqckcw8cjo4a","","https://deo.shopeemobile.com/shopee/modules-federation/live/0/shopee__item-card-centralisation/0.4.4/pc/76dff349290d20891fc1.svg","https://down-th.img.susercontent.com/file/id-11134258-7r98o-ly1pxywrszyh0b_tn.webp","https://deo.shopeemobile.com/shopee/modules-federation/live/0/shopee__item-card-centralisation/0.4.4/pc/5dd7b4560d0e2d3190e8.svg",""
"1791097417-31","https://shopee.co.th/search?keyword=apple%20watch%20ultra%202","","20","Ultra Thin Hard PC Case กระจกนิรภัยกันรอยหน้าจอสําหรับ Apple Watch Ultra 49มม","4.6","ขายแล้ว 1พัน+ ชิ้น","ต่างประเทศ","35","","-43%","ช้อปปี้ถูกชัวร์","","คล้ายกัน","","฿","฿","https://down-th.img.susercontent.com/file/sg-11134201-22110-nknloevjnejv64@resize_w640_nl","https://down-th.img.susercontent.com/file/th-11134258-7r98v-lza0acpy64ch4e","https://down-th.img.susercontent.com/file/th-11134258-7ra0i-mbhqdknr6rmg23","","","https://down-th.img.susercontent.com/file/id-11134258-7r98o-ly1pxywrszyh0b_tn.webp","https://deo.shopeemobile.com/shopee/modules-federation/live/0/shopee__item-card-centralisation/0.4.4/pc/5dd7b4560d0e2d3190e8.svg",""
"1791097417-32","https://shopee.co.th/search?keyword=apple%20watch%20ultra%202","","135","[ส่งไว] Moov WS03 สายนาฬิกา สำหรับ Apple Watch Series 12 11 10 9 8 7 6 SE Ultra 4 3 2 1 สายไนลอนถัก 38-49mm ใส่สบาย","4.9","ขายแล้ว 601 ชิ้น","จังหวัดนนทบุรี","259","1-4 วัน","-48%","ช้อปปี้ถูกชัวร์","","คล้ายกัน","","฿","฿","https://down-th.img.susercontent.com/file/sg-11134201-8258w-mtrzkva09e6b00@resize_w640_nl","https://down-th.img.susercontent.com/file/th-11134258-7r98v-lza0acpy64ch4e","https://down-th.img.susercontent.com/file/th-11134258-7ra0i-mbhqdknr6rmg23","","https://deo.shopeemobile.com/shopee/modules-federation/live/0/shopee__item-card-centralisation/0.4.4/pc/76dff349290d20891fc1.svg","https://down-th.img.susercontent.com/file/id-11134258-7r98o-ly1pxywrszyh0b_tn.webp","https://deo.shopeemobile.com/shopee/modules-federation/live/0/shopee__item-card-centralisation/0.4.4/pc/5dd7b4560d0e2d3190e8.svg",""
"1791097417-33","https://shopee.co.th/search?keyword=apple%20watch%20ultra%202","","15","ฟิล์มสําหรับแอปเปิ้ลวอช ap watch ultra 49มม ฟิล์มกันรอยใช้งานเหมือนฟิล์มกระจก สำหรับ  ultra smart watch 45/44/41/40/49mm","4.7","ขายแล้ว 3พัน+ ชิ้น","จังหวัดกรุงเทพมหานคร","49","2-4 วัน","-69%","ช้อปปี้ถูกชัวร์","","คล้ายกัน","","฿","฿","https://down-th.img.susercontent.com/file/th-11134207-7ras9-m11fqr93fomx5a@resize_w640_nl","https://down-th.img.susercontent.com/file/th-11134258-7r98v-lza0acpy64ch4e","https://down-th.img.susercontent.com/file/th-11134258-7ra0u-mbhqckcw8cjo4a","","https://deo.shopeemobile.com/shopee/modules-federation/live/0/shopee__item-card-centralisation/0.4.4/pc/76dff349290d20891fc1.svg","https://down-th.img.susercontent.com/file/id-11134258-7r98o-ly1pxywrszyh0b_tn.webp","https://deo.shopeemobile.com/shopee/modules-federation/live/0/shopee__item-card-centralisation/0.4.4/pc/5dd7b4560d0e2d3190e8.svg",""
"1791097417-34","https://shopee.co.th/search?keyword=apple%20watch%20ultra%202","","25","Temepred ฟิล์มแก้วครอบคลุมกรณีพีซี for Apple Watch 49มม IWatch Ultra 4 3 2 46 44 42มม Series 11 10 9 8 7 6 5 4 SE 3 2 1","4.9","ขายแล้ว 481 ชิ้น","จังหวัดสมุทรปราการ","50","1-3 วัน","-50%","ช้อปปี้ถูกชัวร์","","คล้ายกัน","Flash Sale 18:00 4 ต.ค.","฿","฿","https://down-th.img.susercontent.com/file/sg-11134201-81zw1-mifjz36zbj0i48@resize_w640_nl","https://down-th.img.susercontent.com/file/th-11134258-7r98v-lza0acpy64ch4e","https://down-th.img.susercontent.com/file/th-11134258-7ra0u-mbhqckcw8cjo4a","","https://deo.shopeemobile.com/shopee/modules-federation/live/0/shopee__item-card-centralisation/0.4.4/pc/76dff349290d20891fc1.svg","https://down-th.img.susercontent.com/file/id-11134258-7r98o-ly1pxywrszyh0b_tn.webp","https://deo.shopeemobile.com/shopee/modules-federation/live/0/shopee__item-card-centralisation/0.4.4/pc/5dd7b4560d0e2d3190e8.svg","https://down-th.img.susercontent.com/file/th-11134258-81ztq-mqem1ej8t1c047_tn.webp"
"1791097417-35","https://shopee.co.th/search?keyword=apple%20watch%20ultra%202","","126","แถบสแตนเลส for Smart Watch Ultra 4 3 2 49mm Series 12 11 10 9 8 7 6 5 4 3 2 Iwatch 45mm 46mm 38mm 40mm 42mm 44mm","4.7","ขายแล้ว 2พัน+ ชิ้น","จังหวัดสมุทรปราการ","232","1-3 วัน","-46%","ช้อปปี้ถูกชัวร์","รับสินค้าฟรี","คล้ายกัน","","฿","฿","https://down-th.img.susercontent.com/file/sg-11134201-821d3-mghuaz6uszd80f@resize_w640_nl","https://down-th.img.susercontent.com/file/th-11134258-7r98v-lza0acpy64ch4e","https://down-th.img.susercontent.com/file/th-11134258-7ra0u-mbhqckcw8cjo4a","","https://deo.shopeemobile.com/shopee/modules-federation/live/0/shopee__item-card-centralisation/0.4.4/pc/76dff349290d20891fc1.svg","https://down-th.img.susercontent.com/file/id-11134258-7r98o-ly1pxywrszyh0b_tn.webp","https://deo.shopeemobile.com/shopee/modules-federation/live/0/shopee__item-card-centralisation/0.4.4/pc/5dd7b4560d0e2d3190e8.svg",""
"1791097417-36","https://shopee.co.th/search?keyword=apple%20watch%20ultra%202","","129","Braided Solo Loop Strap Nylon Band Correa สําหรับ Apple watch 46/44/45/42 มม.40 มม.38 41 มม.Ultra2 49 มม.Iwatch Series 10 9 SE 8 7 6 5 4","4.9","ขายแล้ว 1พัน+ ชิ้น","ต่างประเทศ","276","","-53%","ช้อปปี้ถูกชัวร์","","คล้ายกัน","","฿","฿","https://down-th.img.susercontent.com/file/sg-11134201-7rbld-m63pdofazmgbce@resize_w640_nl","https://down-th.img.susercontent.com/file/th-11134258-7r98v-lza0acpy64ch4e","https://down-th.img.susercontent.com/file/th-11134258-7ra0i-mbhqdknr6rmg23","","","https://down-th.img.susercontent.com/file/id-11134258-7r98o-ly1pxywrszyh0b_tn.webp","https://deo.shopeemobile.com/shopee/modules-federation/live/0/shopee__item-card-centralisation/0.4.4/pc/5dd7b4560d0e2d3190e8.svg",""
"1791097417-37","https://shopee.co.th/search?keyword=apple%20watch%20ultra%202","","32","3D ฟิล์มกระจกนิรภัย สำหรับ Apple Watch 49 มม.46มม. 45 42มม. 40 44 มม. Iwatch Ultra 4/SE 3 2 10 9 8 7 6 5 38 ม","4.7","ขายแล้ว 5พัน+ ชิ้น","จังหวัดพระนครศรีอยุธยา","36","","-11%","ซื้อ 2 ชิ้น ลด 1%","","คล้ายกัน","","฿","฿","https://down-th.img.susercontent.com/file/th-11134207-81ztf-mg50e6fr3lsc05@resize_w640_nl","https://down-th.img.susercontent.com/file/th-11134258-7r98v-lza0acpy64ch4e","https://down-th.img.susercontent.com/file/th-11134258-7ra0u-mbhqckcw8cjo4a","","https://deo.shopeemobile.com/shopee/modules-federation/live/0/shopee__item-card-centralisation/0.4.4/pc/38e203dc86172a6c6560.svg","https://down-th.img.susercontent.com/file/id-11134258-7r98o-ly1pxywrszyh0b_tn.webp","https://deo.shopeemobile.com/shopee/modules-federation/live/0/shopee__item-card-centralisation/0.4.4/pc/5dd7b4560d0e2d3190e8.svg","https://down-th.img.susercontent.com/file/id-11134258-7r98o-m2hvhs4ue5sn02"
"1791097417-38","https://shopee.co.th/search?keyword=apple%20watch%20ultra%202","","25","เคสพร้อมกระจกกันรอยคลุมรอบหน้าจอ เคส สําหรับ Watch 11/10/9/7 /ultra /8/6/5/SE/4/3/2/1 40/41/44/45mm เคสสำหรับแอปเปิ้ลวอช","4.8","ขายแล้ว 10พัน+ ชิ้น","จังหวัดกรุงเทพมหานคร","99","2-4 วัน","-75%","ช้อปปี้ถูกชัวร์","","คล้ายกัน","","฿","฿","https://down-th.img.susercontent.com/file/th-11134207-7r98r-lp931o53law95f@resize_w640_nl","","","","https://deo.shopeemobile.com/shopee/modules-federation/live/0/shopee__item-card-centralisation/0.4.4/pc/76dff349290d20891fc1.svg","https://down-th.img.susercontent.com/file/id-11134258-7r98o-ly1pxywrszyh0b_tn.webp","https://deo.shopeemobile.com/shopee/modules-federation/live/0/shopee__item-card-centralisation/0.4.4/pc/5dd7b4560d0e2d3190e8.svg",""
"1791097417-39","https://shopee.co.th/search?keyword=apple%20watch%20ultra%202","","129","สายซิลิโคนแม่เหล็ก ลายลิ้นจี่ สำหรับ Apple Watch Ultra 3/2 / ซีรีย์ 11/10/9/8/7/6/5/3/SE ขนาด 41/42/44/45/46mm 49mm กันน้ำได้ สวมใส่สบาย สำหรับออกกำลังกาย Magnetic Silicone Strap","4.9","ขายแล้ว 579 ชิ้น","ต่างประเทศ","371","","-65%","","","คล้ายกัน","","฿","฿","https://down-th.img.susercontent.com/file/cn-11134207-820l4-mgenrvvsrx1rfb@resize_w640_nl","https://down-th.img.susercontent.com/file/th-11134258-7r98v-lza0acpy64ch4e","https://down-th.img.susercontent.com/file/th-11134258-7ra0i-mbhqdknr6rmg23","","","https://down-th.img.susercontent.com/file/id-11134258-7r98o-ly1pxywrszyh0b_tn.webp","https://deo.shopeemobile.com/shopee/modules-federation/live/0/shopee__item-card-centralisation/0.4.4/pc/5dd7b4560d0e2d3190e8.svg",""
"1791097417-40","https://shopee.co.th/search?keyword=apple%20watch%20ultra%202","","19","สายซิลิโคนสายกันน้ำและระบายอากาศได้ for Apple Watch Series 11 10 9 8 7 6 5 IWatch Ultra 3 2 SE 2 49/46/45/44/42/41/38มม.","4.9","ขายแล้ว 472 ชิ้น","จังหวัดสมุทรปราการ","38","1-3 วัน","-50%","ช้อปปี้ถูกชัวร์","","คล้ายกัน","","฿","฿","https://down-th.img.susercontent.com/file/sg-11134201-8259l-mgeto0p0nwgfb2@resize_w640_nl","https://down-th.img.susercontent.com/file/th-11134258-7r98v-lza0acpy64ch4e","https://down-th.img.susercontent.com/file/th-11134258-7ra0u-mbhqckcw8cjo4a","","https://deo.shopeemobile.com/shopee/modules-federation/live/0/shopee__item-card-centralisation/0.4.4/pc/76dff349290d20891fc1.svg","https://down-th.img.susercontent.com/file/id-11134258-7r98o-ly1pxywrszyh0b_tn.webp","https://deo.shopeemobile.com/shopee/modules-federation/live/0/shopee__item-card-centralisation/0.4.4/pc/5dd7b4560d0e2d3190e8.svg",""
"1791097417-41","https://shopee.co.th/search?keyword=apple%20watch%20ultra%202","","44","เคสพีซีกระจกนิรภัย 2 In 1 for IWatch Ultra 4/SE 3 2 Apple Watch Series 11 10 9 8 7 6 5 4 49มม. 46มม. 41มม. 44มม.42มม.","4.7","ขายแล้ว 794 ชิ้น","จังหวัดสมุทรปราการ","84","1-3 วัน","-48%","ช้อปปี้ถูกชัวร์","ซื้อ 2 ชิ้น ลด 1%","คล้ายกัน","","฿","฿","https://down-th.img.susercontent.com/file/sg-11134201-7rd68-m6rz1lrzzchn77@resize_w640_nl","https://down-th.img.susercontent.com/file/th-11134258-7r98v-lza0acpy64ch4e","https://down-th.img.susercontent.com/file/th-11134258-7ra0u-mbhqckcw8cjo4a","","https://deo.shopeemobile.com/shopee/modules-federation/live/0/shopee__item-card-centralisation/0.4.4/pc/76dff349290d20891fc1.svg","https://down-th.img.susercontent.com/file/id-11134258-7r98o-ly1pxywrszyh0b_tn.webp","https://deo.shopeemobile.com/shopee/modules-federation/live/0/shopee__item-card-centralisation/0.4.4/pc/5dd7b4560d0e2d3190e8.svg",""
"1791097417-42","https://shopee.co.th/search?keyword=apple%20watch%20ultra%202","","58","มิลานแหวนแม่เหล็กสแตนเลสสายนาฬิกาโลหะ for Apple Watch IWatch Ultra 3 2 Series 11 10 9 8 7 6 38 40 41 42 44 45 49 46มม.","4.9","ขายแล้ว 10พัน+ ชิ้น","จังหวัดสมุทรปราการ","96","1-3 วัน","-40%","ซื้อ 2 ชิ้น ลด 1%","","คล้ายกัน","","฿","฿","https://down-th.img.susercontent.com/file/sg-11134201-7reoi-m2noxwok6qo905@resize_w640_nl","https://down-th.img.susercontent.com/file/th-11134258-7r98v-lza0acpy64ch4e","https://down-th.img.susercontent.com/file/th-11134258-7ra0u-mbhqckcw8cjo4a","","https://deo.shopeemobile.com/shopee/modules-federation/live/0/shopee__item-card-centralisation/0.4.4/pc/76dff349290d20891fc1.svg","https://down-th.img.susercontent.com/file/id-11134258-7r98o-ly1pxywrszyh0b_tn.webp","https://deo.shopeemobile.com/shopee/modules-federation/live/0/shopee__item-card-centralisation/0.4.4/pc/5dd7b4560d0e2d3190e8.svg",""
"1791097417-43","https://shopee.co.th/search?keyword=apple%20watch%20ultra%202","","48","เคส Armor แบบนิ่ม สไตล์มินิมอล สําหรับ Apple watch series 11 10 9 8 Ultra 7 6 SE 5 4 3 2 1  40/41/44/45/46mm เคสซิลิโคน","4.9","ขายแล้ว 5พัน+ ชิ้น","จังหวัดกรุงเทพมหานคร","199","2-4 วัน","-76%","ช้อปปี้ถูกชัวร์","","คล้ายกัน","","฿","฿","https://down-th.img.susercontent.com/file/th-11134207-7rasa-m0zbmldlkl89a3@resize_w640_nl","https://down-th.img.susercontent.com/file/th-11134258-7r98v-lza0acpy64ch4e","https://down-th.img.susercontent.com/file/th-11134258-7ra0u-mbhqckcw8cjo4a","","https://deo.shopeemobile.com/shopee/modules-federation/live/0/shopee__item-card-centralisation/0.4.4/pc/76dff349290d20891fc1.svg","https://down-th.img.susercontent.com/file/id-11134258-7r98o-ly1pxywrszyh0b_tn.webp","https://deo.shopeemobile.com/shopee/modules-federation/live/0/shopee__item-card-centralisation/0.4.4/pc/5dd7b4560d0e2d3190e8.svg",""
"1791097417-44","https://shopee.co.th/search?keyword=apple%20watch%20ultra%202","","18","ฟิล์มกระจกนิรภัยสำหรับ Apple Watch หลากหลายรุ่น","4.9","ขายแล้ว 50พัน+ ชิ้น","จังหวัดสมุทรปราการ","36","1-3 วัน","-50%","ช้อปปี้ถูกชัวร์","ซื้อ 2 ชิ้น ลด 1%","คล้ายกัน","","฿","฿","https://down-th.img.susercontent.com/file/sg-11134201-824j0-meoa7iejttz6e0@resize_w640_nl","https://down-th.img.susercontent.com/file/th-11134258-7r98v-lza0acpy64ch4e","https://down-th.img.susercontent.com/file/th-11134258-7ra0u-mbhqckcw8cjo4a","","https://deo.shopeemobile.com/shopee/modules-federation/live/0/shopee__item-card-centralisation/0.4.4/pc/76dff349290d20891fc1.svg","https://down-th.img.susercontent.com/file/id-11134258-7r98o-ly1pxywrszyh0b_tn.webp","https://deo.shopeemobile.com/shopee/modules-federation/live/0/shopee__item-card-centralisation/0.4.4/pc/5dd7b4560d0e2d3190e8.svg",""
"1791097417-45","https://shopee.co.th/search?keyword=apple%20watch%20ultra%202","","30","สายรัดกีฬาซิลิโคน ยาง for Apple Watch Iwatch Ultra 4/SE 3 2 Series 12 11 10 9 8 7 49มม 46มม 44 40มม 42มม 41 38มม","4.9","ขายแล้ว 62 ชิ้น","จังหวัดสมุทรปราการ","60","1-3 วัน","-50%","ซื้อ 2 ชิ้น ลด 1%","","คล้ายกัน","","฿","฿","https://down-th.img.susercontent.com/file/sg-11134201-821f2-mh2t4b9l7jm3a8@resize_w640_nl","https://down-th.img.susercontent.com/file/th-11134258-7r98v-lza0acpy64ch4e","","","https://deo.shopeemobile.com/shopee/modules-federation/live/0/shopee__item-card-centralisation/0.4.4/pc/76dff349290d20891fc1.svg","https://down-th.img.susercontent.com/file/id-11134258-7r98o-ly1pxywrszyh0b_tn.webp","https://deo.shopeemobile.com/shopee/modules-federation/live/0/shopee__item-card-centralisation/0.4.4/pc/5dd7b4560d0e2d3190e8.svg",""
"1791097417-46","https://shopee.co.th/search?keyword=apple%20watch%20ultra%202","","1","[ส่งด่วน] Moov CW01 (CS14) เคส ฟิล์ม สำหรับ Apple Watch Series 11 10 9 8 7 6 5 4 SE 3 2 1 Ultra 3 2 1","4.9","ขายแล้ว 1พัน+ ชิ้น","จังหวัดนนทบุรี","189","1-4 วัน","-99%","โปรโมชั่นลูกค้าที่คิดถึง ลด 99%","","คล้ายกัน","","฿","฿","https://down-th.img.susercontent.com/file/sg-11134201-825ba-mrvizw4vv66c03@resize_w640_nl","https://down-th.img.susercontent.com/file/th-11134258-7r98v-lza0acpy64ch4e","https://down-th.img.susercontent.com/file/th-11134258-7ra0u-mbhqckcw8cjo4a","","https://deo.shopeemobile.com/shopee/modules-federation/live/0/shopee__item-card-centralisation/0.4.4/pc/76dff349290d20891fc1.svg","https://down-th.img.susercontent.com/file/id-11134258-7r98o-ly1pxywrszyh0b_tn.webp","https://deo.shopeemobile.com/shopee/modules-federation/live/0/shopee__item-card-centralisation/0.4.4/pc/5dd7b4560d0e2d3190e8.svg",""
"1791097417-47","https://shopee.co.th/search?keyword=apple%20watch%20ultra%202","","23","ฝาครอบคลุมซิลิโคนอ่อน for IWatch Series 11 10 9 8 7 6 4 SE 3 2 Apple Watch Ultra 4 3 2 49มม 46มม 42 444 41 40มม 38มม","4.8","ขายแล้ว 70 ชิ้น","จังหวัดสมุทรปราการ","46","1-3 วัน","-50%","ซื้อ 2 ชิ้น ลด 1%","","คล้ายกัน","","฿","฿","https://down-th.img.susercontent.com/file/sg-11134201-82621-mjz8h78kos1t1f@resize_w640_nl","https://down-th.img.susercontent.com/file/th-11134258-7r98v-lza0acpy64ch4e","https://down-th.img.susercontent.com/file/th-11134258-7ra0u-mbhqckcw8cjo4a","","https://deo.shopeemobile.com/shopee/modules-federation/live/0/shopee__item-card-centralisation/0.4.4/pc/76dff349290d20891fc1.svg","https://down-th.img.susercontent.com/file/id-11134258-7r98o-ly1pxywrszyh0b_tn.webp","https://deo.shopeemobile.com/shopee/modules-federation/live/0/shopee__item-card-centralisation/0.4.4/pc/5dd7b4560d0e2d3190e8.svg",""
"1791097417-48","https://shopee.co.th/search?keyword=apple%20watch%20ultra%202","","25","ฟิล์มป้องกันหน้าจออ่อนยามไฮโดรเจล for IWatch Apple Watch Ultra 4 3 2 SE 3 Series 11 10 9 8 7 6 5 4 3 49มม 46 44 42 41มม","4.8","ขายแล้ว 226 ชิ้น","จังหวัดสมุทรปราการ","56","1-3 วัน","-55%","ซื้อ 2 ชิ้น ลด 1%","","คล้ายกัน","","฿","฿","https://down-th.img.susercontent.com/file/sg-11134201-825zm-mkat3nz4dvd289@resize_w640_nl","https://down-th.img.susercontent.com/file/th-11134258-7r98v-lza0acpy64ch4e","https://down-th.img.susercontent.com/file/th-11134258-7ra0u-mbhqckcw8cjo4a","","https://deo.shopeemobile.com/shopee/modules-federation/live/0/shopee__item-card-centralisation/0.4.4/pc/76dff349290d20891fc1.svg","https://down-th.img.susercontent.com/file/id-11134258-7r98o-ly1pxywrszyh0b_tn.webp","https://deo.shopeemobile.com/shopee/modules-federation/live/0/shopee__item-card-centralisation/0.4.4/pc/5dd7b4560d0e2d3190e8.svg",""
"1791097417-49","https://shopee.co.th/search?keyword=apple%20watch%20ultra%202","","198","Ap สายนาฬิกาข้อมือซิลิโคน โลหะ แบบนิ่ม สําหรับ Apple Watch ultra2 49 มม. 9 8 7 45 มม. 41 IWatch 6 5 4 SE 44 42 40 38 มม.","4.8","ขายแล้ว 704 ชิ้น","ต่างประเทศ","1,192","","-83%","ช้อปปี้ถูกชัวร์","","คล้ายกัน","Flash Sale 18:00 4 ต.ค.","฿","฿","https://down-th.img.susercontent.com/file/sg-11134201-7rbnb-lnh4ge3hj0071a@resize_w640_nl","https://down-th.img.susercontent.com/file/th-11134258-7r98v-lza0acpy64ch4e","https://down-th.img.susercontent.com/file/th-11134258-7ra0i-mbhqdknr6rmg23","","","https://down-th.img.susercontent.com/file/id-11134258-7r98o-ly1pxywrszyh0b_tn.webp","https://deo.shopeemobile.com/shopee/modules-federation/live/0/shopee__item-card-centralisation/0.4.4/pc/5dd7b4560d0e2d3190e8.svg","https://down-th.img.susercontent.com/file/th-11134258-81ztq-mqem1ej8t1c047_tn.webp"
"1791097417-50","https://shopee.co.th/search?keyword=apple%20watch%20ultra%202","","114","สายซิลิโคนแม่เหล็กสำหรับ for Apple Watch Ultra 4/SE 3 2 49 มม.41 45 44 40 38 Iwatch Series 12 11 10 9 8 7 6 42/46 มม.","4.9","ขายแล้ว 2พัน+ ชิ้น","จังหวัดสมุทรปราการ","174","1-3 วัน","-34%","ซื้อ 2 ชิ้น ลด 1%","","คล้ายกัน","","฿","฿","https://down-th.img.susercontent.com/file/sg-11134201-7repx-m23qc1ht5cwg48@resize_w640_nl","https://down-th.img.susercontent.com/file/th-11134258-7r98v-lza0acpy64ch4e","https://down-th.img.susercontent.com/file/th-11134258-7ra0u-mbhqckcw8cjo4a","","https://deo.shopeemobile.com/shopee/modules-federation/live/0/shopee__item-card-centralisation/0.4.4/pc/76dff349290d20891fc1.svg","https://down-th.img.susercontent.com/file/id-11134258-7r98o-ly1pxywrszyh0b_tn.webp","https://deo.shopeemobile.com/shopee/modules-federation/live/0/shopee__item-card-centralisation/0.4.4/pc/5dd7b4560d0e2d3190e8.svg",""
"1791097417-51","https://shopee.co.th/search?keyword=apple%20watch%20ultra%202","","58","สายนาฬิกาซิลิโคนสำหรับ for Apple Watch 49 มม 44 40 42 38 46 มม. Iwatch Ultra 4/SE 3 2 Series 12 11 10 9 8 7 SE 6 5","4.9","ขายแล้ว 715 ชิ้น","จังหวัดสมุทรปราการ","60","1-3 วัน","-3%","ซื้อ 2 ชิ้น ลด 1%","","คล้ายกัน","","฿","฿","https://down-th.img.susercontent.com/file/sg-11134201-7reqc-m26j3qdsf0k5f5@resize_w640_nl","https://down-th.img.susercontent.com/file/th-11134258-7r98v-lza0acpy64ch4e","https://down-th.img.susercontent.com/file/th-11134258-7ra0u-mbhqckcw8cjo4a","","https://deo.shopeemobile.com/shopee/modules-federation/live/0/shopee__item-card-centralisation/0.4.4/pc/76dff349290d20891fc1.svg","https://down-th.img.susercontent.com/file/id-11134258-7r98o-ly1pxywrszyh0b_tn.webp","https://deo.shopeemobile.com/shopee/modules-federation/live/0/shopee__item-card-centralisation/0.4.4/pc/5dd7b4560d0e2d3190e8.svg",""
"1791097417-52","https://shopee.co.th/search?keyword=apple%20watch%20ultra%202","","105","สายรัดซิลิโคนอ่อนนุ่ม for Iwatch Series 12 11 10 9 8 7 6 5 4 3 2 1 Apple Watch Ultra 4/SE 3 2 49มม 46 45  42 40 44 38มม","4.8","ขายแล้ว 75 ชิ้น","จังหวัดสมุทรปราการ","210","1-3 วัน","-50%","ช้อปปี้ถูกชัวร์","ซื้อ 2 ชิ้น ลด 1%","คล้ายกัน","","฿","฿","https://down-th.img.susercontent.com/file/sg-11134201-821ew-mh2t4b5bo5c95e@resize_w640_nl","https://down-th.img.susercontent.com/file/th-11134258-7r98v-lza0acpy64ch4e","","","https://deo.shopeemobile.com/shopee/modules-federation/live/0/shopee__item-card-centralisation/0.4.4/pc/76dff349290d20891fc1.svg","https://down-th.img.susercontent.com/file/id-11134258-7r98o-ly1pxywrszyh0b_tn.webp","https://deo.shopeemobile.com/shopee/modules-federation/live/0/shopee__item-card-centralisation/0.4.4/pc/5dd7b4560d0e2d3190e8.svg",""
"1791097417-53","https://shopee.co.th/search?keyword=apple%20watch%20ultra%202","","24","ยางรัดสายซิลิโคน for Apple Watch Ultra 3 2  รุ่นต่างๆ หลากหลายขนาด","4.9","ขายแล้ว 40พัน+ ชิ้น","จังหวัดสมุทรปราการ","48","1-3 วัน","-50%","ช้อปปี้ถูกชัวร์","","คล้ายกัน","Flash Sale 18:00 4 ต.ค.","฿","฿","https://down-th.img.susercontent.com/file/sg-11134249-823pm-mpbungd7iznk55@resize_w640_nl","https://down-th.img.susercontent.com/file/th-11134258-7r98v-lza0acpy64ch4e","https://down-th.img.susercontent.com/file/th-11134258-7ra0u-mbhqckcw8cjo4a","","https://deo.shopeemobile.com/shopee/modules-federation/live/0/shopee__item-card-centralisation/0.4.4/pc/76dff349290d20891fc1.svg","https://down-th.img.susercontent.com/file/id-11134258-7r98o-ly1pxywrszyh0b_tn.webp","https://deo.shopeemobile.com/shopee/modules-federation/live/0/shopee__item-card-centralisation/0.4.4/pc/5dd7b4560d0e2d3190e8.svg","https://down-th.img.susercontent.com/file/th-11134258-81ztq-mqem1ej8t1c047_tn.webp"
"1791097417-54","https://shopee.co.th/search?keyword=apple%20watch%20ultra%202","","400","สายนาฬิกาข้อมือสเตนเลส พร้อมเคสโลหะ สําหรับ Smart Watch Series ultra 12 11 10 9 8 7 6 SE 5 4 3 2 1 iWatch 42/46/49/45/41/44/42 มม. 40 มม. 38 มม.","4.8","ขายแล้ว 2พัน+ ชิ้น","ต่างประเทศ","600","","-33%","ช้อปปี้ถูกชัวร์","","คล้ายกัน","","฿","฿","https://down-th.img.susercontent.com/file/my-11134201-7qukw-lep8qob1zkt078@resize_w640_nl","https://down-th.img.susercontent.com/file/th-11134258-7r98v-lza0acpy64ch4e","","","","https://down-th.img.susercontent.com/file/id-11134258-7r98o-ly1pxywrszyh0b_tn.webp","https://deo.shopeemobile.com/shopee/modules-federation/live/0/shopee__item-card-centralisation/0.4.4/pc/5dd7b4560d0e2d3190e8.svg",""
"1791097417-55","https://shopee.co.th/search?keyword=apple%20watch%20ultra%202","","76","สายรัดซิลิโคนอ่อนสำหรับ for Smartwatch IWatch Apple Watch Ultra 4 SE 3 2 Series 11 10 9 8 7 6 4 49 46 44 42 41 40 38 มม","5.0","ขายแล้ว 3 ชิ้น","จังหวัดสมุทรปราการ","160","1-3 วัน","-53%","ช้อปปี้ถูกชัวร์","ซื้อ 2 ชิ้น ลด 1%","คล้ายกัน","","฿","฿","https://down-th.img.susercontent.com/file/sg-11134201-822zm-mogj5v3i99u3b9@resize_w640_nl","https://down-th.img.susercontent.com/file/th-11134258-7r98v-lza0acpy64ch4e","https://down-th.img.susercontent.com/file/th-11134258-7ra0u-mbhqckcw8cjo4a","","https://deo.shopeemobile.com/shopee/modules-federation/live/0/shopee__item-card-centralisation/0.4.4/pc/76dff349290d20891fc1.svg","https://down-th.img.susercontent.com/file/id-11134258-7r98o-ly1pxywrszyh0b_tn.webp","https://deo.shopeemobile.com/shopee/modules-federation/live/0/shopee__item-card-centralisation/0.4.4/pc/5dd7b4560d0e2d3190e8.svg",""
"1791097417-56","https://shopee.co.th/search?keyword=apple%20watch%20ultra%202","","58","สายนาฬิกาโลหะมิลานแหวนแม่เหล็กสแตนเลส for Smartwatch IWatch Ultra SE 3 2 Series 11 10 9 8 7 49 45 46 41 40 44 42 38 มม.","4.8","ขายแล้ว 109 ชิ้น","จังหวัดสมุทรปราการ","96","1-3 วัน","-40%","ซื้อ 2 ชิ้น ลด 1%","","คล้ายกัน","","฿","฿","https://down-th.img.susercontent.com/file/th-11134207-81ztk-mt62l6pipc7e4d@resize_w640_nl","https://down-th.img.susercontent.com/file/th-11134258-7r98v-lza0acpy64ch4e","https://down-th.img.susercontent.com/file/th-11134258-7ra0u-mbhqckcw8cjo4a","","https://deo.shopeemobile.com/shopee/modules-federation/live/0/shopee__item-card-centralisation/0.4.4/pc/76dff349290d20891fc1.svg","https://down-th.img.susercontent.com/file/id-11134258-7r98o-ly1pxywrszyh0b_tn.webp","https://deo.shopeemobile.com/shopee/modules-federation/live/0/shopee__item-card-centralisation/0.4.4/pc/5dd7b4560d0e2d3190e8.svg",""
"1791097417-57","https://shopee.co.th/search?keyword=apple%20watch%20ultra%202","","26","ฟิล์มเจลน้ำอ่อน Smart Watch Ultra 4/SE 3 2 Series 11 10 46มม. 42มม. 8 9 7 6 5 IWatch ขนาด 49 41 มม.40 44 มม. 38","4.8","ขายแล้ว 3พัน+ ชิ้น","จังหวัดสมุทรปราการ","30","1-3 วัน","-13%","ซื้อ 2 ชิ้น ลด 1%","","คล้ายกัน","","฿","฿","https://down-th.img.susercontent.com/file/sg-11134201-7reo1-m1tjvo2f027x85@resize_w640_nl","https://down-th.img.susercontent.com/file/th-11134258-7r98v-lza0acpy64ch4e","https://down-th.img.susercontent.com/file/th-11134258-7ra0u-mbhqckcw8cjo4a","","https://deo.shopeemobile.com/shopee/modules-federation/live/0/shopee__item-card-centralisation/0.4.4/pc/76dff349290d20891fc1.svg","https://down-th.img.susercontent.com/file/id-11134258-7r98o-ly1pxywrszyh0b_tn.webp","https://deo.shopeemobile.com/shopee/modules-federation/live/0/shopee__item-card-centralisation/0.4.4/pc/5dd7b4560d0e2d3190e8.svg",""
"1791097417-58","https://shopee.co.th/search?keyword=apple%20watch%20ultra%202","","142","สายซิลิโคนสําหรับ Apple Watch Ultra 3/2 11/10/9/8/7/6/5/4/3/SE2 iWatch 46mm, 49mm, 45mm, 42mm.","5.0","ขายแล้ว 1 ชิ้น","จังหวัดปทุมธานี","294","1-5 วัน","-52%","ซื้อ 2 ชิ้น ลด 2%","","คล้ายกัน","","฿","฿","https://down-th.img.susercontent.com/file/sg-11134201-825bd-mr13h7s8d4i444@resize_w640_nl","https://down-th.img.susercontent.com/file/th-11134258-7r98v-lza0acpy64ch4e","","https://deo.shopeemobile.com/shopee/modules-federation/live/0/shopee__item-card-centralisation/0.4.4/pc/b4d1b8a78b3621dbdf4a.svg","https://deo.shopeemobile.com/shopee/modules-federation/live/0/shopee__item-card-centralisation/0.4.4/pc/76dff349290d20891fc1.svg","https://down-th.img.susercontent.com/file/id-11134258-7r98o-ly1pxywrszyh0b_tn.webp","https://deo.shopeemobile.com/shopee/modules-federation/live/0/shopee__item-card-centralisation/0.4.4/pc/5dd7b4560d0e2d3190e8.svg",""
"1791097417-59","https://shopee.co.th/search?keyword=apple%20watch%20ultra%202","","229","Band + กรณีกีฬาสายรัดซิลิโคน TPU + PC ฝาครอบกันชนสําหรับ Apple Watch Ultra 2 49 มม.42 44 45 46 มม. iWatch Series10/8/7/SE/6/5","4.8","ขายแล้ว 707 ชิ้น","ต่างประเทศ","479","","-52%","ช้อปปี้ถูกชัวร์","","คล้ายกัน","","฿","฿","https://down-th.img.susercontent.com/file/sg-11134201-7rfgv-m9h3479qiy7676@resize_w640_nl","https://down-th.img.susercontent.com/file/th-11134258-7r98v-lza0acpy64ch4e","https://down-th.img.susercontent.com/file/th-11134258-7ra0i-mbhqdknr6rmg23","","","https://down-th.img.susercontent.com/file/id-11134258-7r98o-ly1pxywrszyh0b_tn.webp","https://deo.shopeemobile.com/shopee/modules-federation/live/0/shopee__item-card-centralisation/0.4.4/pc/5dd7b4560d0e2d3190e8.svg",""
"1791097417-60","https://shopee.co.th/search?keyword=apple%20watch%20ultra%202","","52","สายยางซิลิโคนอ่อนสำหรับ for Apple Watch Ultra 3 2 49มม Iwatch Series 11 10 9 8 7 6 5 SE 3 2 46 45 44 42 40 38มม","4.7","ขายแล้ว 82 ชิ้น","จังหวัดสมุทรปราการ","98","1-3 วัน","-47%","ช้อปปี้ถูกชัวร์","ซื้อ 2 ชิ้น ลด 1%","คล้ายกัน","","฿","฿","https://down-th.img.susercontent.com/file/sg-11134201-8258n-mfs01u9kj1u095@resize_w640_nl","https://down-th.img.susercontent.com/file/th-11134258-7r98v-lza0acpy64ch4e","https://down-th.img.susercontent.com/file/th-11134258-7ra0u-mbhqckcw8cjo4a","","https://deo.shopeemobile.com/shopee/modules-federation/live/0/shopee__item-card-centralisation/0.4.4/pc/76dff349290d20891fc1.svg","https://down-th.img.susercontent.com/file/id-11134258-7r98o-ly1pxywrszyh0b_tn.webp","https://deo.shopeemobile.com/shopee/modules-federation/live/0/shopee__item-card-centralisation/0.4.4/pc/5dd7b4560d0e2d3190e8.svg",""
