web_scraper_order,web_scraper_start_url,ชื่อรุ่น,ราคา,item_page_title,item_page_link,rating_score
"1791088816-1","https://www.lazada.co.th/tag/samsung-galaxy-watch-ultra/?spm=a2o4m.searchlist.search.2.793159eaMA3idL&q=samsung%20galaxy%20watch%20ultra&_keyori=ss&clickTrackInfo=pre_rerank_pos--0__diversity_before_top5--%5Bsamsung%20galaxy%20watch%20ultra%2C%20galaxy%20watch%20ultra%2C%20smart%20watch%20galaxy%20watch%20ultra%2C%20galaxy%20watch%20ultra%20%E0%B8%AA%E0%B8%B2%E0%B8%A2%2C%20galaxy%20watch%20ultra%202%5D__diversity_branch--item_mmr__matchType--18__mmr_score--0.6__srcQuery--samsung%20galaxy%20watch%20ultra__sim_hit--none__cvrScore--0.0__abId--505232__textId--4501734740480738003__score--1.0__isBack--0__diversity_after_top5--%5Bsamsung%20galaxy%20watch%20ultra%2C%20galaxy%20watch%20ultra%20%E0%B8%AA%E0%B8%B2%E0%B8%A2%2C%20smart%20watch%20galaxy%20watch%20ultra%2C%20galaxy%20watch%20ultra%2C%20galaxy%20watch%20ultra%202%5D__pvid--79812865-4236-4a2f-a96d-d07c93a781fa__matchList--18__listNo--0__norm_key--samsunggalaxywatchultra__inputQuery--%25E0%25B8%2599%25E0%25B8%25B2%25E0%25B8%25AC%25E0%25B8%25B4%25E0%25B8%2581%25E0%25B8%25B2%2Bgalaxy%2Bwatch%2Bul__scm--1007.25778.505232.0__spellQuery--samsung%20galaxy%20watch%20ultra__ctrScore--0.0&from=suggest_normal&sugg=samsung%20galaxy%20watch%20ultra_0_1&catalog_redirect_tag=true","Pre-Order Samsung Galaxy Watch 9 44 mm (รับประกันศูนย์ 1 ปี) By Jaymart","฿11,771.00","Pre-Order Samsung Galaxy Watch 9 44 mm (รับประกันศูนย์ 1 ปี) By Jaymart","https://www.lazada.co.th/products/pdp-i16219887766.html","4.9"
"1791088818-2","https://www.lazada.co.th/tag/samsung-galaxy-watch-ultra/?spm=a2o4m.searchlist.search.2.793159eaMA3idL&q=samsung%20galaxy%20watch%20ultra&_keyori=ss&clickTrackInfo=pre_rerank_pos--0__diversity_before_top5--%5Bsamsung%20galaxy%20watch%20ultra%2C%20galaxy%20watch%20ultra%2C%20smart%20watch%20galaxy%20watch%20ultra%2C%20galaxy%20watch%20ultra%20%E0%B8%AA%E0%B8%B2%E0%B8%A2%2C%20galaxy%20watch%20ultra%202%5D__diversity_branch--item_mmr__matchType--18__mmr_score--0.6__srcQuery--samsung%20galaxy%20watch%20ultra__sim_hit--none__cvrScore--0.0__abId--505232__textId--4501734740480738003__score--1.0__isBack--0__diversity_after_top5--%5Bsamsung%20galaxy%20watch%20ultra%2C%20galaxy%20watch%20ultra%20%E0%B8%AA%E0%B8%B2%E0%B8%A2%2C%20smart%20watch%20galaxy%20watch%20ultra%2C%20galaxy%20watch%20ultra%2C%20galaxy%20watch%20ultra%202%5D__pvid--79812865-4236-4a2f-a96d-d07c93a781fa__matchList--18__listNo--0__norm_key--samsunggalaxywatchultra__inputQuery--%25E0%25B8%2599%25E0%25B8%25B2%25E0%25B8%25AC%25E0%25B8%25B4%25E0%25B8%2581%25E0%25B8%25B2%2Bgalaxy%2Bwatch%2Bul__scm--1007.25778.505232.0__spellQuery--samsung%20galaxy%20watch%20ultra__ctrScore--0.0&from=suggest_normal&sugg=samsung%20galaxy%20watch%20ultra_0_1&catalog_redirect_tag=true","Samsung Galaxy  Watch7 40mm Green  📍ราคา 3,500 - 📍","฿3,500.00","Samsung Galaxy  Watch7 40mm Green  📍ราคา 3,500 - 📍","https://www.lazada.co.th/products/pdp-i16256240638.html",""
"1791088820-3","https://www.lazada.co.th/tag/samsung-galaxy-watch-ultra/?spm=a2o4m.searchlist.search.2.793159eaMA3idL&q=samsung%20galaxy%20watch%20ultra&_keyori=ss&clickTrackInfo=pre_rerank_pos--0__diversity_before_top5--%5Bsamsung%20galaxy%20watch%20ultra%2C%20galaxy%20watch%20ultra%2C%20smart%20watch%20galaxy%20watch%20ultra%2C%20galaxy%20watch%20ultra%20%E0%B8%AA%E0%B8%B2%E0%B8%A2%2C%20galaxy%20watch%20ultra%202%5D__diversity_branch--item_mmr__matchType--18__mmr_score--0.6__srcQuery--samsung%20galaxy%20watch%20ultra__sim_hit--none__cvrScore--0.0__abId--505232__textId--4501734740480738003__score--1.0__isBack--0__diversity_after_top5--%5Bsamsung%20galaxy%20watch%20ultra%2C%20galaxy%20watch%20ultra%20%E0%B8%AA%E0%B8%B2%E0%B8%A2%2C%20smart%20watch%20galaxy%20watch%20ultra%2C%20galaxy%20watch%20ultra%2C%20galaxy%20watch%20ultra%202%5D__pvid--79812865-4236-4a2f-a96d-d07c93a781fa__matchList--18__listNo--0__norm_key--samsunggalaxywatchultra__inputQuery--%25E0%25B8%2599%25E0%25B8%25B2%25E0%25B8%25AC%25E0%25B8%25B4%25E0%25B8%2581%25E0%25B8%25B2%2Bgalaxy%2Bwatch%2Bul__scm--1007.25778.505232.0__spellQuery--samsung%20galaxy%20watch%20ultra__ctrScore--0.0&from=suggest_normal&sugg=samsung%20galaxy%20watch%20ultra_0_1&catalog_redirect_tag=true","สมาร์ทวอทช์ Samsung Galaxy Watch 9 40mm (BT) (สินค้ารับประกัน1ปี) By TG","฿13,545.00","สมาร์ทวอทช์ Samsung Galaxy Watch 9 40mm (BT) (สินค้ารับประกัน1ปี) By TG","https://www.lazada.co.th/products/pdp-i16221833395.html","5"
"1791088823-4","https://www.lazada.co.th/tag/samsung-galaxy-watch-ultra/?spm=a2o4m.searchlist.search.2.793159eaMA3idL&q=samsung%20galaxy%20watch%20ultra&_keyori=ss&clickTrackInfo=pre_rerank_pos--0__diversity_before_top5--%5Bsamsung%20galaxy%20watch%20ultra%2C%20galaxy%20watch%20ultra%2C%20smart%20watch%20galaxy%20watch%20ultra%2C%20galaxy%20watch%20ultra%20%E0%B8%AA%E0%B8%B2%E0%B8%A2%2C%20galaxy%20watch%20ultra%202%5D__diversity_branch--item_mmr__matchType--18__mmr_score--0.6__srcQuery--samsung%20galaxy%20watch%20ultra__sim_hit--none__cvrScore--0.0__abId--505232__textId--4501734740480738003__score--1.0__isBack--0__diversity_after_top5--%5Bsamsung%20galaxy%20watch%20ultra%2C%20galaxy%20watch%20ultra%20%E0%B8%AA%E0%B8%B2%E0%B8%A2%2C%20smart%20watch%20galaxy%20watch%20ultra%2C%20galaxy%20watch%20ultra%2C%20galaxy%20watch%20ultra%202%5D__pvid--79812865-4236-4a2f-a96d-d07c93a781fa__matchList--18__listNo--0__norm_key--samsunggalaxywatchultra__inputQuery--%25E0%25B8%2599%25E0%25B8%25B2%25E0%25B8%25AC%25E0%25B8%25B4%25E0%25B8%2581%25E0%25B8%25B2%2Bgalaxy%2Bwatch%2Bul__scm--1007.25778.505232.0__spellQuery--samsung%20galaxy%20watch%20ultra__ctrScore--0.0&from=suggest_normal&sugg=samsung%20galaxy%20watch%20ultra_0_1&catalog_redirect_tag=true","สมาร์ทวอทช์ Samsung Galaxy Watch 8 40mm (สินค้ารับประกัน1ปี) By TG","฿12,495.00","สมาร์ทวอทช์ Samsung Galaxy Watch 8 40mm (สินค้ารับประกัน1ปี) By TG","https://www.lazada.co.th/products/pdp-i5248017701.html","5"
"1791088825-5","https://www.lazada.co.th/tag/samsung-galaxy-watch-ultra/?spm=a2o4m.searchlist.search.2.793159eaMA3idL&q=samsung%20galaxy%20watch%20ultra&_keyori=ss&clickTrackInfo=pre_rerank_pos--0__diversity_before_top5--%5Bsamsung%20galaxy%20watch%20ultra%2C%20galaxy%20watch%20ultra%2C%20smart%20watch%20galaxy%20watch%20ultra%2C%20galaxy%20watch%20ultra%20%E0%B8%AA%E0%B8%B2%E0%B8%A2%2C%20galaxy%20watch%20ultra%202%5D__diversity_branch--item_mmr__matchType--18__mmr_score--0.6__srcQuery--samsung%20galaxy%20watch%20ultra__sim_hit--none__cvrScore--0.0__abId--505232__textId--4501734740480738003__score--1.0__isBack--0__diversity_after_top5--%5Bsamsung%20galaxy%20watch%20ultra%2C%20galaxy%20watch%20ultra%20%E0%B8%AA%E0%B8%B2%E0%B8%A2%2C%20smart%20watch%20galaxy%20watch%20ultra%2C%20galaxy%20watch%20ultra%2C%20galaxy%20watch%20ultra%202%5D__pvid--79812865-4236-4a2f-a96d-d07c93a781fa__matchList--18__listNo--0__norm_key--samsunggalaxywatchultra__inputQuery--%25E0%25B8%2599%25E0%25B8%25B2%25E0%25B8%25AC%25E0%25B8%25B4%25E0%25B8%2581%25E0%25B8%25B2%2Bgalaxy%2Bwatch%2Bul__scm--1007.25778.505232.0__spellQuery--samsung%20galaxy%20watch%20ultra__ctrScore--0.0&from=suggest_normal&sugg=samsung%20galaxy%20watch%20ultra_0_1&catalog_redirect_tag=true","สมาร์ทวอทช์ Samsung Galaxy Watch 9 44mm (BT) (สินค้ารับประกัน1ปี) By TG","฿15,645.00","สมาร์ทวอทช์ Samsung Galaxy Watch 9 44mm (BT) (สินค้ารับประกัน1ปี) By TG","https://www.lazada.co.th/products/pdp-i16222648385.html","5"
"1791088827-6","https://www.lazada.co.th/tag/samsung-galaxy-watch-ultra/?spm=a2o4m.searchlist.search.2.793159eaMA3idL&q=samsung%20galaxy%20watch%20ultra&_keyori=ss&clickTrackInfo=pre_rerank_pos--0__diversity_before_top5--%5Bsamsung%20galaxy%20watch%20ultra%2C%20galaxy%20watch%20ultra%2C%20smart%20watch%20galaxy%20watch%20ultra%2C%20galaxy%20watch%20ultra%20%E0%B8%AA%E0%B8%B2%E0%B8%A2%2C%20galaxy%20watch%20ultra%202%5D__diversity_branch--item_mmr__matchType--18__mmr_score--0.6__srcQuery--samsung%20galaxy%20watch%20ultra__sim_hit--none__cvrScore--0.0__abId--505232__textId--4501734740480738003__score--1.0__isBack--0__diversity_after_top5--%5Bsamsung%20galaxy%20watch%20ultra%2C%20galaxy%20watch%20ultra%20%E0%B8%AA%E0%B8%B2%E0%B8%A2%2C%20smart%20watch%20galaxy%20watch%20ultra%2C%20galaxy%20watch%20ultra%2C%20galaxy%20watch%20ultra%202%5D__pvid--79812865-4236-4a2f-a96d-d07c93a781fa__matchList--18__listNo--0__norm_key--samsunggalaxywatchultra__inputQuery--%25E0%25B8%2599%25E0%25B8%25B2%25E0%25B8%25AC%25E0%25B8%25B4%25E0%25B8%2581%25E0%25B8%25B2%2Bgalaxy%2Bwatch%2Bul__scm--1007.25778.505232.0__spellQuery--samsung%20galaxy%20watch%20ultra__ctrScore--0.0&from=suggest_normal&sugg=samsung%20galaxy%20watch%20ultra_0_1&catalog_redirect_tag=true","Pre-Order Samsung Galaxy Watch 9 40 mm (รับประกันศูนย์ 1 ปี) By Jaymart","฿10,191.00","Pre-Order Samsung Galaxy Watch 9 40 mm (รับประกันศูนย์ 1 ปี) By Jaymart","https://www.lazada.co.th/products/pdp-i16219931218.html","5"
"1791088829-7","https://www.lazada.co.th/tag/samsung-galaxy-watch-ultra/?spm=a2o4m.searchlist.search.2.793159eaMA3idL&q=samsung%20galaxy%20watch%20ultra&_keyori=ss&clickTrackInfo=pre_rerank_pos--0__diversity_before_top5--%5Bsamsung%20galaxy%20watch%20ultra%2C%20galaxy%20watch%20ultra%2C%20smart%20watch%20galaxy%20watch%20ultra%2C%20galaxy%20watch%20ultra%20%E0%B8%AA%E0%B8%B2%E0%B8%A2%2C%20galaxy%20watch%20ultra%202%5D__diversity_branch--item_mmr__matchType--18__mmr_score--0.6__srcQuery--samsung%20galaxy%20watch%20ultra__sim_hit--none__cvrScore--0.0__abId--505232__textId--4501734740480738003__score--1.0__isBack--0__diversity_after_top5--%5Bsamsung%20galaxy%20watch%20ultra%2C%20galaxy%20watch%20ultra%20%E0%B8%AA%E0%B8%B2%E0%B8%A2%2C%20smart%20watch%20galaxy%20watch%20ultra%2C%20galaxy%20watch%20ultra%2C%20galaxy%20watch%20ultra%202%5D__pvid--79812865-4236-4a2f-a96d-d07c93a781fa__matchList--18__listNo--0__norm_key--samsunggalaxywatchultra__inputQuery--%25E0%25B8%2599%25E0%25B8%25B2%25E0%25B8%25AC%25E0%25B8%25B4%25E0%25B8%2581%25E0%25B8%25B2%2Bgalaxy%2Bwatch%2Bul__scm--1007.25778.505232.0__spellQuery--samsung%20galaxy%20watch%20ultra__ctrScore--0.0&from=suggest_normal&sugg=samsung%20galaxy%20watch%20ultra_0_1&catalog_redirect_tag=true","Galaxy Watch 7 47mm นาฬิกาอัจฉริยะ Watch 7 นาฬิกาอัจฉริยะบลูทูธ นาฬิกาสมาร์ทวอทช์ กันน้ำ GPS บลูทูธ ฟิตเนส ความดันโลหิต ออกซิเจนในเลือด การตรวจสอบการนอนหลับ กีฬา IOS และ Android","฿1,320.92","Galaxy Watch 7 47mm นาฬิกาอัจฉริยะ Watch 7 นาฬิกาอัจฉริยะบลูทูธ นาฬิกาสมาร์ทวอทช์ กันน้ำ GPS บลูทูธ ฟิตเนส ความดันโลหิต ออกซิเจนในเลือด การตรวจสอบการนอนหลับ กีฬา IOS และ Android","https://www.lazada.co.th/products/pdp-i5843165371.html","4.5"
"1791088831-8","https://www.lazada.co.th/tag/samsung-galaxy-watch-ultra/?spm=a2o4m.searchlist.search.2.793159eaMA3idL&q=samsung%20galaxy%20watch%20ultra&_keyori=ss&clickTrackInfo=pre_rerank_pos--0__diversity_before_top5--%5Bsamsung%20galaxy%20watch%20ultra%2C%20galaxy%20watch%20ultra%2C%20smart%20watch%20galaxy%20watch%20ultra%2C%20galaxy%20watch%20ultra%20%E0%B8%AA%E0%B8%B2%E0%B8%A2%2C%20galaxy%20watch%20ultra%202%5D__diversity_branch--item_mmr__matchType--18__mmr_score--0.6__srcQuery--samsung%20galaxy%20watch%20ultra__sim_hit--none__cvrScore--0.0__abId--505232__textId--4501734740480738003__score--1.0__isBack--0__diversity_after_top5--%5Bsamsung%20galaxy%20watch%20ultra%2C%20galaxy%20watch%20ultra%20%E0%B8%AA%E0%B8%B2%E0%B8%A2%2C%20smart%20watch%20galaxy%20watch%20ultra%2C%20galaxy%20watch%20ultra%2C%20galaxy%20watch%20ultra%202%5D__pvid--79812865-4236-4a2f-a96d-d07c93a781fa__matchList--18__listNo--0__norm_key--samsunggalaxywatchultra__inputQuery--%25E0%25B8%2599%25E0%25B8%25B2%25E0%25B8%25AC%25E0%25B8%25B4%25E0%25B8%2581%25E0%25B8%25B2%2Bgalaxy%2Bwatch%2Bul__scm--1007.25778.505232.0__spellQuery--samsung%20galaxy%20watch%20ultra__ctrScore--0.0&from=suggest_normal&sugg=samsung%20galaxy%20watch%20ultra_0_1&catalog_redirect_tag=true","Smartwatch S7 สําหรับ samsung Galaxy WATCH Ultra 7 smart WATCH ไร้สายชาร์จ BT call สําหรับ man ผู้หญิงนาฬิกากันน้ํา","฿450.00","Smartwatch S7 สําหรับ samsung Galaxy WATCH Ultra 7 smart WATCH ไร้สายชาร์จ BT call สําหรับ man ผู้หญิงนาฬิกากันน้ํา","https://www.lazada.co.th/products/pdp-i5692682788.html","5"
"1791088833-9","https://www.lazada.co.th/tag/samsung-galaxy-watch-ultra/?spm=a2o4m.searchlist.search.2.793159eaMA3idL&q=samsung%20galaxy%20watch%20ultra&_keyori=ss&clickTrackInfo=pre_rerank_pos--0__diversity_before_top5--%5Bsamsung%20galaxy%20watch%20ultra%2C%20galaxy%20watch%20ultra%2C%20smart%20watch%20galaxy%20watch%20ultra%2C%20galaxy%20watch%20ultra%20%E0%B8%AA%E0%B8%B2%E0%B8%A2%2C%20galaxy%20watch%20ultra%202%5D__diversity_branch--item_mmr__matchType--18__mmr_score--0.6__srcQuery--samsung%20galaxy%20watch%20ultra__sim_hit--none__cvrScore--0.0__abId--505232__textId--4501734740480738003__score--1.0__isBack--0__diversity_after_top5--%5Bsamsung%20galaxy%20watch%20ultra%2C%20galaxy%20watch%20ultra%20%E0%B8%AA%E0%B8%B2%E0%B8%A2%2C%20smart%20watch%20galaxy%20watch%20ultra%2C%20galaxy%20watch%20ultra%2C%20galaxy%20watch%20ultra%202%5D__pvid--79812865-4236-4a2f-a96d-d07c93a781fa__matchList--18__listNo--0__norm_key--samsunggalaxywatchultra__inputQuery--%25E0%25B8%2599%25E0%25B8%25B2%25E0%25B8%25AC%25E0%25B8%25B4%25E0%25B8%2581%25E0%25B8%25B2%2Bgalaxy%2Bwatch%2Bul__scm--1007.25778.505232.0__spellQuery--samsung%20galaxy%20watch%20ultra__ctrScore--0.0&from=suggest_normal&sugg=samsung%20galaxy%20watch%20ultra_0_1&catalog_redirect_tag=true","Samsung Galaxy Watch Ultra 2025 LTE 47mm สมาร์ทวอทช์พรีเมี่ยม Titanium จอ Sapphire AI Health GPS แท้ศูนย์","฿28,990.00","Samsung Galaxy Watch Ultra 2025 LTE 47mm สมาร์ทวอทช์พรีเมี่ยม Titanium จอ Sapphire AI Health GPS แท้ศูนย์","https://www.lazada.co.th/products/pdp-i16153836804.html",""
"1791088835-10","https://www.lazada.co.th/tag/samsung-galaxy-watch-ultra/?spm=a2o4m.searchlist.search.2.793159eaMA3idL&q=samsung%20galaxy%20watch%20ultra&_keyori=ss&clickTrackInfo=pre_rerank_pos--0__diversity_before_top5--%5Bsamsung%20galaxy%20watch%20ultra%2C%20galaxy%20watch%20ultra%2C%20smart%20watch%20galaxy%20watch%20ultra%2C%20galaxy%20watch%20ultra%20%E0%B8%AA%E0%B8%B2%E0%B8%A2%2C%20galaxy%20watch%20ultra%202%5D__diversity_branch--item_mmr__matchType--18__mmr_score--0.6__srcQuery--samsung%20galaxy%20watch%20ultra__sim_hit--none__cvrScore--0.0__abId--505232__textId--4501734740480738003__score--1.0__isBack--0__diversity_after_top5--%5Bsamsung%20galaxy%20watch%20ultra%2C%20galaxy%20watch%20ultra%20%E0%B8%AA%E0%B8%B2%E0%B8%A2%2C%20smart%20watch%20galaxy%20watch%20ultra%2C%20galaxy%20watch%20ultra%2C%20galaxy%20watch%20ultra%202%5D__pvid--79812865-4236-4a2f-a96d-d07c93a781fa__matchList--18__listNo--0__norm_key--samsunggalaxywatchultra__inputQuery--%25E0%25B8%2599%25E0%25B8%25B2%25E0%25B8%25AC%25E0%25B8%25B4%25E0%25B8%2581%25E0%25B8%25B2%2Bgalaxy%2Bwatch%2Bul__scm--1007.25778.505232.0__spellQuery--samsung%20galaxy%20watch%20ultra__ctrScore--0.0&from=suggest_normal&sugg=samsung%20galaxy%20watch%20ultra_0_1&catalog_redirect_tag=true","***แท้ศูนย์ไทย ร่วมโค้ด Galaxy Watch Ultra2 LTE","฿25,999.00","***แท้ศูนย์ไทย ร่วมโค้ด Galaxy Watch Ultra2 LTE","https://www.lazada.co.th/products/pdp-i16228603039.html",""
"1791088838-11","https://www.lazada.co.th/tag/samsung-galaxy-watch-ultra/?spm=a2o4m.searchlist.search.2.793159eaMA3idL&q=samsung%20galaxy%20watch%20ultra&_keyori=ss&clickTrackInfo=pre_rerank_pos--0__diversity_before_top5--%5Bsamsung%20galaxy%20watch%20ultra%2C%20galaxy%20watch%20ultra%2C%20smart%20watch%20galaxy%20watch%20ultra%2C%20galaxy%20watch%20ultra%20%E0%B8%AA%E0%B8%B2%E0%B8%A2%2C%20galaxy%20watch%20ultra%202%5D__diversity_branch--item_mmr__matchType--18__mmr_score--0.6__srcQuery--samsung%20galaxy%20watch%20ultra__sim_hit--none__cvrScore--0.0__abId--505232__textId--4501734740480738003__score--1.0__isBack--0__diversity_after_top5--%5Bsamsung%20galaxy%20watch%20ultra%2C%20galaxy%20watch%20ultra%20%E0%B8%AA%E0%B8%B2%E0%B8%A2%2C%20smart%20watch%20galaxy%20watch%20ultra%2C%20galaxy%20watch%20ultra%2C%20galaxy%20watch%20ultra%202%5D__pvid--79812865-4236-4a2f-a96d-d07c93a781fa__matchList--18__listNo--0__norm_key--samsunggalaxywatchultra__inputQuery--%25E0%25B8%2599%25E0%25B8%25B2%25E0%25B8%25AC%25E0%25B8%25B4%25E0%25B8%2581%25E0%25B8%25B2%2Bgalaxy%2Bwatch%2Bul__scm--1007.25778.505232.0__spellQuery--samsung%20galaxy%20watch%20ultra__ctrScore--0.0&from=suggest_normal&sugg=samsung%20galaxy%20watch%20ultra_0_1&catalog_redirect_tag=true","Samsung Galaxy Watch Ultra 2025 ประกันศูนย์ Samsung 1ปี","฿17,990.00","Samsung Galaxy Watch Ultra 2025 ประกันศูนย์ Samsung 1ปี","https://www.lazada.co.th/products/pdp-i5946002557.html",""
"1791088840-12","https://www.lazada.co.th/tag/samsung-galaxy-watch-ultra/?spm=a2o4m.searchlist.search.2.793159eaMA3idL&q=samsung%20galaxy%20watch%20ultra&_keyori=ss&clickTrackInfo=pre_rerank_pos--0__diversity_before_top5--%5Bsamsung%20galaxy%20watch%20ultra%2C%20galaxy%20watch%20ultra%2C%20smart%20watch%20galaxy%20watch%20ultra%2C%20galaxy%20watch%20ultra%20%E0%B8%AA%E0%B8%B2%E0%B8%A2%2C%20galaxy%20watch%20ultra%202%5D__diversity_branch--item_mmr__matchType--18__mmr_score--0.6__srcQuery--samsung%20galaxy%20watch%20ultra__sim_hit--none__cvrScore--0.0__abId--505232__textId--4501734740480738003__score--1.0__isBack--0__diversity_after_top5--%5Bsamsung%20galaxy%20watch%20ultra%2C%20galaxy%20watch%20ultra%20%E0%B8%AA%E0%B8%B2%E0%B8%A2%2C%20smart%20watch%20galaxy%20watch%20ultra%2C%20galaxy%20watch%20ultra%2C%20galaxy%20watch%20ultra%202%5D__pvid--79812865-4236-4a2f-a96d-d07c93a781fa__matchList--18__listNo--0__norm_key--samsunggalaxywatchultra__inputQuery--%25E0%25B8%2599%25E0%25B8%25B2%25E0%25B8%25AC%25E0%25B8%25B4%25E0%25B8%2581%25E0%25B8%25B2%2Bgalaxy%2Bwatch%2Bul__scm--1007.25778.505232.0__spellQuery--samsung%20galaxy%20watch%20ultra__ctrScore--0.0&from=suggest_normal&sugg=samsung%20galaxy%20watch%20ultra_0_1&catalog_redirect_tag=true","Samsung Galaxy Watch Ultra 2025 LTE นาฬิกาอัจฉริยะ 47mm ดีไซน์ Titanium หน้าจอ Sapphire Crystal ฟีเจอร์สุขภาพ AI","฿29,950.00","Samsung Galaxy Watch Ultra 2025 LTE นาฬิกาอัจฉริยะ 47mm ดีไซน์ Titanium หน้าจอ Sapphire Crystal ฟีเจอร์สุขภาพ AI","https://www.lazada.co.th/products/pdp-i16153900034.html",""
"1791088842-13","https://www.lazada.co.th/tag/samsung-galaxy-watch-ultra/?spm=a2o4m.searchlist.search.2.793159eaMA3idL&q=samsung%20galaxy%20watch%20ultra&_keyori=ss&clickTrackInfo=pre_rerank_pos--0__diversity_before_top5--%5Bsamsung%20galaxy%20watch%20ultra%2C%20galaxy%20watch%20ultra%2C%20smart%20watch%20galaxy%20watch%20ultra%2C%20galaxy%20watch%20ultra%20%E0%B8%AA%E0%B8%B2%E0%B8%A2%2C%20galaxy%20watch%20ultra%202%5D__diversity_branch--item_mmr__matchType--18__mmr_score--0.6__srcQuery--samsung%20galaxy%20watch%20ultra__sim_hit--none__cvrScore--0.0__abId--505232__textId--4501734740480738003__score--1.0__isBack--0__diversity_after_top5--%5Bsamsung%20galaxy%20watch%20ultra%2C%20galaxy%20watch%20ultra%20%E0%B8%AA%E0%B8%B2%E0%B8%A2%2C%20smart%20watch%20galaxy%20watch%20ultra%2C%20galaxy%20watch%20ultra%2C%20galaxy%20watch%20ultra%202%5D__pvid--79812865-4236-4a2f-a96d-d07c93a781fa__matchList--18__listNo--0__norm_key--samsunggalaxywatchultra__inputQuery--%25E0%25B8%2599%25E0%25B8%25B2%25E0%25B8%25AC%25E0%25B8%25B4%25E0%25B8%2581%25E0%25B8%25B2%2Bgalaxy%2Bwatch%2Bul__scm--1007.25778.505232.0__spellQuery--samsung%20galaxy%20watch%20ultra__ctrScore--0.0&from=suggest_normal&sugg=samsung%20galaxy%20watch%20ultra_0_1&catalog_redirect_tag=true","Samsung Galaxy Watch Ultra LTE GY ประกันศูนย์","฿23,390.00","Samsung Galaxy Watch Ultra LTE GY ประกันศูนย์","https://www.lazada.co.th/products/pdp-i5349473667.html",""
"1791088844-14","https://www.lazada.co.th/tag/samsung-galaxy-watch-ultra/?spm=a2o4m.searchlist.search.2.793159eaMA3idL&q=samsung%20galaxy%20watch%20ultra&_keyori=ss&clickTrackInfo=pre_rerank_pos--0__diversity_before_top5--%5Bsamsung%20galaxy%20watch%20ultra%2C%20galaxy%20watch%20ultra%2C%20smart%20watch%20galaxy%20watch%20ultra%2C%20galaxy%20watch%20ultra%20%E0%B8%AA%E0%B8%B2%E0%B8%A2%2C%20galaxy%20watch%20ultra%202%5D__diversity_branch--item_mmr__matchType--18__mmr_score--0.6__srcQuery--samsung%20galaxy%20watch%20ultra__sim_hit--none__cvrScore--0.0__abId--505232__textId--4501734740480738003__score--1.0__isBack--0__diversity_after_top5--%5Bsamsung%20galaxy%20watch%20ultra%2C%20galaxy%20watch%20ultra%20%E0%B8%AA%E0%B8%B2%E0%B8%A2%2C%20smart%20watch%20galaxy%20watch%20ultra%2C%20galaxy%20watch%20ultra%2C%20galaxy%20watch%20ultra%202%5D__pvid--79812865-4236-4a2f-a96d-d07c93a781fa__matchList--18__listNo--0__norm_key--samsunggalaxywatchultra__inputQuery--%25E0%25B8%2599%25E0%25B8%25B2%25E0%25B8%25AC%25E0%25B8%25B4%25E0%25B8%2581%25E0%25B8%25B2%2Bgalaxy%2Bwatch%2Bul__scm--1007.25778.505232.0__spellQuery--samsung%20galaxy%20watch%20ultra__ctrScore--0.0&from=suggest_normal&sugg=samsung%20galaxy%20watch%20ultra_0_1&catalog_redirect_tag=true","Samsung Galaxy Watch Ultra 2025 LTE Titanium Blue โดย สยามทีวี by Siam T.V.","฿22,410.00","Samsung Galaxy Watch Ultra 2025 LTE Titanium Blue โดย สยามทีวี by Siam T.V.","https://www.lazada.co.th/products/pdp-i5861133440.html",""
"1791088846-15","https://www.lazada.co.th/tag/samsung-galaxy-watch-ultra/?spm=a2o4m.searchlist.search.2.793159eaMA3idL&q=samsung%20galaxy%20watch%20ultra&_keyori=ss&clickTrackInfo=pre_rerank_pos--0__diversity_before_top5--%5Bsamsung%20galaxy%20watch%20ultra%2C%20galaxy%20watch%20ultra%2C%20smart%20watch%20galaxy%20watch%20ultra%2C%20galaxy%20watch%20ultra%20%E0%B8%AA%E0%B8%B2%E0%B8%A2%2C%20galaxy%20watch%20ultra%202%5D__diversity_branch--item_mmr__matchType--18__mmr_score--0.6__srcQuery--samsung%20galaxy%20watch%20ultra__sim_hit--none__cvrScore--0.0__abId--505232__textId--4501734740480738003__score--1.0__isBack--0__diversity_after_top5--%5Bsamsung%20galaxy%20watch%20ultra%2C%20galaxy%20watch%20ultra%20%E0%B8%AA%E0%B8%B2%E0%B8%A2%2C%20smart%20watch%20galaxy%20watch%20ultra%2C%20galaxy%20watch%20ultra%2C%20galaxy%20watch%20ultra%202%5D__pvid--79812865-4236-4a2f-a96d-d07c93a781fa__matchList--18__listNo--0__norm_key--samsunggalaxywatchultra__inputQuery--%25E0%25B8%2599%25E0%25B8%25B2%25E0%25B8%25AC%25E0%25B8%25B4%25E0%25B8%2581%25E0%25B8%25B2%2Bgalaxy%2Bwatch%2Bul__scm--1007.25778.505232.0__spellQuery--samsung%20galaxy%20watch%20ultra__ctrScore--0.0&from=suggest_normal&sugg=samsung%20galaxy%20watch%20ultra_0_1&catalog_redirect_tag=true","สมาร์ทวอทช์ SAMSUNG Galaxy Watch Ultra2 (LTE) จอ 1.34 นิ้ว 3000 nits กันน้ำ IP69K","฿29,008.00","สมาร์ทวอทช์ SAMSUNG Galaxy Watch Ultra2 (LTE) จอ 1.34 นิ้ว 3000 nits กันน้ำ IP69K","https://www.lazada.co.th/products/pdp-i16231769038.html",""
"1791088848-16","https://www.lazada.co.th/tag/samsung-galaxy-watch-ultra/?spm=a2o4m.searchlist.search.2.793159eaMA3idL&q=samsung%20galaxy%20watch%20ultra&_keyori=ss&clickTrackInfo=pre_rerank_pos--0__diversity_before_top5--%5Bsamsung%20galaxy%20watch%20ultra%2C%20galaxy%20watch%20ultra%2C%20smart%20watch%20galaxy%20watch%20ultra%2C%20galaxy%20watch%20ultra%20%E0%B8%AA%E0%B8%B2%E0%B8%A2%2C%20galaxy%20watch%20ultra%202%5D__diversity_branch--item_mmr__matchType--18__mmr_score--0.6__srcQuery--samsung%20galaxy%20watch%20ultra__sim_hit--none__cvrScore--0.0__abId--505232__textId--4501734740480738003__score--1.0__isBack--0__diversity_after_top5--%5Bsamsung%20galaxy%20watch%20ultra%2C%20galaxy%20watch%20ultra%20%E0%B8%AA%E0%B8%B2%E0%B8%A2%2C%20smart%20watch%20galaxy%20watch%20ultra%2C%20galaxy%20watch%20ultra%2C%20galaxy%20watch%20ultra%202%5D__pvid--79812865-4236-4a2f-a96d-d07c93a781fa__matchList--18__listNo--0__norm_key--samsunggalaxywatchultra__inputQuery--%25E0%25B8%2599%25E0%25B8%25B2%25E0%25B8%25AC%25E0%25B8%25B4%25E0%25B8%2581%25E0%25B8%25B2%2Bgalaxy%2Bwatch%2Bul__scm--1007.25778.505232.0__spellQuery--samsung%20galaxy%20watch%20ultra__ctrScore--0.0&from=suggest_normal&sugg=samsung%20galaxy%20watch%20ultra_0_1&catalog_redirect_tag=true","สมาร์ทวอชท์ Samsung Galaxy Watch Ultra LTE 47mm สี Titanium Gray รุ่น LTE ประกันศูนย์","฿23,350.00","สมาร์ทวอชท์ Samsung Galaxy Watch Ultra LTE 47mm สี Titanium Gray รุ่น LTE ประกันศูนย์","https://www.lazada.co.th/products/pdp-i16172300254.html",""
"1791088850-17","https://www.lazada.co.th/tag/samsung-galaxy-watch-ultra/?spm=a2o4m.searchlist.search.2.793159eaMA3idL&q=samsung%20galaxy%20watch%20ultra&_keyori=ss&clickTrackInfo=pre_rerank_pos--0__diversity_before_top5--%5Bsamsung%20galaxy%20watch%20ultra%2C%20galaxy%20watch%20ultra%2C%20smart%20watch%20galaxy%20watch%20ultra%2C%20galaxy%20watch%20ultra%20%E0%B8%AA%E0%B8%B2%E0%B8%A2%2C%20galaxy%20watch%20ultra%202%5D__diversity_branch--item_mmr__matchType--18__mmr_score--0.6__srcQuery--samsung%20galaxy%20watch%20ultra__sim_hit--none__cvrScore--0.0__abId--505232__textId--4501734740480738003__score--1.0__isBack--0__diversity_after_top5--%5Bsamsung%20galaxy%20watch%20ultra%2C%20galaxy%20watch%20ultra%20%E0%B8%AA%E0%B8%B2%E0%B8%A2%2C%20smart%20watch%20galaxy%20watch%20ultra%2C%20galaxy%20watch%20ultra%2C%20galaxy%20watch%20ultra%202%5D__pvid--79812865-4236-4a2f-a96d-d07c93a781fa__matchList--18__listNo--0__norm_key--samsunggalaxywatchultra__inputQuery--%25E0%25B8%2599%25E0%25B8%25B2%25E0%25B8%25AC%25E0%25B8%25B4%25E0%25B8%2581%25E0%25B8%25B2%2Bgalaxy%2Bwatch%2Bul__scm--1007.25778.505232.0__spellQuery--samsung%20galaxy%20watch%20ultra__ctrScore--0.0&from=suggest_normal&sugg=samsung%20galaxy%20watch%20ultra_0_1&catalog_redirect_tag=true","Samsung Galaxy Watch Ultra (LTE, 47mm) ประกันศูนย์","฿23,350.00","Samsung Galaxy Watch Ultra (LTE, 47mm) ประกันศูนย์","https://www.lazada.co.th/products/pdp-i5517827563.html",""
"1791088853-18","https://www.lazada.co.th/tag/samsung-galaxy-watch-ultra/?spm=a2o4m.searchlist.search.2.793159eaMA3idL&q=samsung%20galaxy%20watch%20ultra&_keyori=ss&clickTrackInfo=pre_rerank_pos--0__diversity_before_top5--%5Bsamsung%20galaxy%20watch%20ultra%2C%20galaxy%20watch%20ultra%2C%20smart%20watch%20galaxy%20watch%20ultra%2C%20galaxy%20watch%20ultra%20%E0%B8%AA%E0%B8%B2%E0%B8%A2%2C%20galaxy%20watch%20ultra%202%5D__diversity_branch--item_mmr__matchType--18__mmr_score--0.6__srcQuery--samsung%20galaxy%20watch%20ultra__sim_hit--none__cvrScore--0.0__abId--505232__textId--4501734740480738003__score--1.0__isBack--0__diversity_after_top5--%5Bsamsung%20galaxy%20watch%20ultra%2C%20galaxy%20watch%20ultra%20%E0%B8%AA%E0%B8%B2%E0%B8%A2%2C%20smart%20watch%20galaxy%20watch%20ultra%2C%20galaxy%20watch%20ultra%2C%20galaxy%20watch%20ultra%202%5D__pvid--79812865-4236-4a2f-a96d-d07c93a781fa__matchList--18__listNo--0__norm_key--samsunggalaxywatchultra__inputQuery--%25E0%25B8%2599%25E0%25B8%25B2%25E0%25B8%25AC%25E0%25B8%25B4%25E0%25B8%2581%25E0%25B8%25B2%2Bgalaxy%2Bwatch%2Bul__scm--1007.25778.505232.0__spellQuery--samsung%20galaxy%20watch%20ultra__ctrScore--0.0&from=suggest_normal&sugg=samsung%20galaxy%20watch%20ultra_0_1&catalog_redirect_tag=true","Samsung Galaxy Watch Ultra2 LTE 47 mm Titanium Gray โดย สยามทีวี by Siam T.V.","฿25,900.00","Samsung Galaxy Watch Ultra2 LTE 47 mm Titanium Gray โดย สยามทีวี by Siam T.V.","https://www.lazada.co.th/products/pdp-i16245562833.html",""
"1791088855-19","https://www.lazada.co.th/tag/samsung-galaxy-watch-ultra/?spm=a2o4m.searchlist.search.2.793159eaMA3idL&q=samsung%20galaxy%20watch%20ultra&_keyori=ss&clickTrackInfo=pre_rerank_pos--0__diversity_before_top5--%5Bsamsung%20galaxy%20watch%20ultra%2C%20galaxy%20watch%20ultra%2C%20smart%20watch%20galaxy%20watch%20ultra%2C%20galaxy%20watch%20ultra%20%E0%B8%AA%E0%B8%B2%E0%B8%A2%2C%20galaxy%20watch%20ultra%202%5D__diversity_branch--item_mmr__matchType--18__mmr_score--0.6__srcQuery--samsung%20galaxy%20watch%20ultra__sim_hit--none__cvrScore--0.0__abId--505232__textId--4501734740480738003__score--1.0__isBack--0__diversity_after_top5--%5Bsamsung%20galaxy%20watch%20ultra%2C%20galaxy%20watch%20ultra%20%E0%B8%AA%E0%B8%B2%E0%B8%A2%2C%20smart%20watch%20galaxy%20watch%20ultra%2C%20galaxy%20watch%20ultra%2C%20galaxy%20watch%20ultra%202%5D__pvid--79812865-4236-4a2f-a96d-d07c93a781fa__matchList--18__listNo--0__norm_key--samsunggalaxywatchultra__inputQuery--%25E0%25B8%2599%25E0%25B8%25B2%25E0%25B8%25AC%25E0%25B8%25B4%25E0%25B8%2581%25E0%25B8%25B2%2Bgalaxy%2Bwatch%2Bul__scm--1007.25778.505232.0__spellQuery--samsung%20galaxy%20watch%20ultra__ctrScore--0.0&from=suggest_normal&sugg=samsung%20galaxy%20watch%20ultra_0_1&catalog_redirect_tag=true","Samsung Galaxy Watch Ultra (LTE, 47mm)  ( รุ่น SS-AC-L705(TG)  ) ประกันศูนย์","฿23,769.00","Samsung Galaxy Watch Ultra (LTE, 47mm)  ( รุ่น SS-AC-L705(TG)  ) ประกันศูนย์","https://www.lazada.co.th/products/pdp-i5783985822.html",""
"1791088857-20","https://www.lazada.co.th/tag/samsung-galaxy-watch-ultra/?spm=a2o4m.searchlist.search.2.793159eaMA3idL&q=samsung%20galaxy%20watch%20ultra&_keyori=ss&clickTrackInfo=pre_rerank_pos--0__diversity_before_top5--%5Bsamsung%20galaxy%20watch%20ultra%2C%20galaxy%20watch%20ultra%2C%20smart%20watch%20galaxy%20watch%20ultra%2C%20galaxy%20watch%20ultra%20%E0%B8%AA%E0%B8%B2%E0%B8%A2%2C%20galaxy%20watch%20ultra%202%5D__diversity_branch--item_mmr__matchType--18__mmr_score--0.6__srcQuery--samsung%20galaxy%20watch%20ultra__sim_hit--none__cvrScore--0.0__abId--505232__textId--4501734740480738003__score--1.0__isBack--0__diversity_after_top5--%5Bsamsung%20galaxy%20watch%20ultra%2C%20galaxy%20watch%20ultra%20%E0%B8%AA%E0%B8%B2%E0%B8%A2%2C%20smart%20watch%20galaxy%20watch%20ultra%2C%20galaxy%20watch%20ultra%2C%20galaxy%20watch%20ultra%202%5D__pvid--79812865-4236-4a2f-a96d-d07c93a781fa__matchList--18__listNo--0__norm_key--samsunggalaxywatchultra__inputQuery--%25E0%25B8%2599%25E0%25B8%25B2%25E0%25B8%25AC%25E0%25B8%25B4%25E0%25B8%2581%25E0%25B8%25B2%2Bgalaxy%2Bwatch%2Bul__scm--1007.25778.505232.0__spellQuery--samsung%20galaxy%20watch%20ultra__ctrScore--0.0&from=suggest_normal&sugg=samsung%20galaxy%20watch%20ultra_0_1&catalog_redirect_tag=true","สมาร์ตวอทช์ Samsung Galaxy Watch Ultra2 47mm LTE Titanium Smartwatch ประกันศูนย์","฿27,299.00","สมาร์ตวอทช์ Samsung Galaxy Watch Ultra2 47mm LTE Titanium Smartwatch ประกันศูนย์","https://www.lazada.co.th/products/pdp-i16281679432.html",""
"1791088859-21","https://www.lazada.co.th/tag/samsung-galaxy-watch-ultra/?spm=a2o4m.searchlist.search.2.793159eaMA3idL&q=samsung%20galaxy%20watch%20ultra&_keyori=ss&clickTrackInfo=pre_rerank_pos--0__diversity_before_top5--%5Bsamsung%20galaxy%20watch%20ultra%2C%20galaxy%20watch%20ultra%2C%20smart%20watch%20galaxy%20watch%20ultra%2C%20galaxy%20watch%20ultra%20%E0%B8%AA%E0%B8%B2%E0%B8%A2%2C%20galaxy%20watch%20ultra%202%5D__diversity_branch--item_mmr__matchType--18__mmr_score--0.6__srcQuery--samsung%20galaxy%20watch%20ultra__sim_hit--none__cvrScore--0.0__abId--505232__textId--4501734740480738003__score--1.0__isBack--0__diversity_after_top5--%5Bsamsung%20galaxy%20watch%20ultra%2C%20galaxy%20watch%20ultra%20%E0%B8%AA%E0%B8%B2%E0%B8%A2%2C%20smart%20watch%20galaxy%20watch%20ultra%2C%20galaxy%20watch%20ultra%2C%20galaxy%20watch%20ultra%202%5D__pvid--79812865-4236-4a2f-a96d-d07c93a781fa__matchList--18__listNo--0__norm_key--samsunggalaxywatchultra__inputQuery--%25E0%25B8%2599%25E0%25B8%25B2%25E0%25B8%25AC%25E0%25B8%25B4%25E0%25B8%2581%25E0%25B8%25B2%2Bgalaxy%2Bwatch%2Bul__scm--1007.25778.505232.0__spellQuery--samsung%20galaxy%20watch%20ultra__ctrScore--0.0&from=suggest_normal&sugg=samsung%20galaxy%20watch%20ultra_0_1&catalog_redirect_tag=true","Samsung Galaxy Watch Ultra2 LTE 47 mm Titanium Silver โดย สยามทีวี by Siam T.V.","฿25,900.00","Samsung Galaxy Watch Ultra2 LTE 47 mm Titanium Silver โดย สยามทีวี by Siam T.V.","https://www.lazada.co.th/products/pdp-i16245017745.html",""
"1791088862-22","https://www.lazada.co.th/tag/samsung-galaxy-watch-ultra/?spm=a2o4m.searchlist.search.2.793159eaMA3idL&q=samsung%20galaxy%20watch%20ultra&_keyori=ss&clickTrackInfo=pre_rerank_pos--0__diversity_before_top5--%5Bsamsung%20galaxy%20watch%20ultra%2C%20galaxy%20watch%20ultra%2C%20smart%20watch%20galaxy%20watch%20ultra%2C%20galaxy%20watch%20ultra%20%E0%B8%AA%E0%B8%B2%E0%B8%A2%2C%20galaxy%20watch%20ultra%202%5D__diversity_branch--item_mmr__matchType--18__mmr_score--0.6__srcQuery--samsung%20galaxy%20watch%20ultra__sim_hit--none__cvrScore--0.0__abId--505232__textId--4501734740480738003__score--1.0__isBack--0__diversity_after_top5--%5Bsamsung%20galaxy%20watch%20ultra%2C%20galaxy%20watch%20ultra%20%E0%B8%AA%E0%B8%B2%E0%B8%A2%2C%20smart%20watch%20galaxy%20watch%20ultra%2C%20galaxy%20watch%20ultra%2C%20galaxy%20watch%20ultra%202%5D__pvid--79812865-4236-4a2f-a96d-d07c93a781fa__matchList--18__listNo--0__norm_key--samsunggalaxywatchultra__inputQuery--%25E0%25B8%2599%25E0%25B8%25B2%25E0%25B8%25AC%25E0%25B8%25B4%25E0%25B8%2581%25E0%25B8%25B2%2Bgalaxy%2Bwatch%2Bul__scm--1007.25778.505232.0__spellQuery--samsung%20galaxy%20watch%20ultra__ctrScore--0.0&from=suggest_normal&sugg=samsung%20galaxy%20watch%20ultra_0_1&catalog_redirect_tag=true","Samsung Galaxy Watch Ultra (สินค้าเครื่องศูนย์ไทย ของแท้แน่นอน)(รับประกันร้าน) จัดส่งฟรี!!!","฿13,980.00","Samsung Galaxy Watch Ultra (สินค้าเครื่องศูนย์ไทย ของแท้แน่นอน)(รับประกันร้าน) จัดส่งฟรี!!!","https://www.lazada.co.th/products/pdp-i5851748660.html",""
"1791088864-23","https://www.lazada.co.th/tag/samsung-galaxy-watch-ultra/?spm=a2o4m.searchlist.search.2.793159eaMA3idL&q=samsung%20galaxy%20watch%20ultra&_keyori=ss&clickTrackInfo=pre_rerank_pos--0__diversity_before_top5--%5Bsamsung%20galaxy%20watch%20ultra%2C%20galaxy%20watch%20ultra%2C%20smart%20watch%20galaxy%20watch%20ultra%2C%20galaxy%20watch%20ultra%20%E0%B8%AA%E0%B8%B2%E0%B8%A2%2C%20galaxy%20watch%20ultra%202%5D__diversity_branch--item_mmr__matchType--18__mmr_score--0.6__srcQuery--samsung%20galaxy%20watch%20ultra__sim_hit--none__cvrScore--0.0__abId--505232__textId--4501734740480738003__score--1.0__isBack--0__diversity_after_top5--%5Bsamsung%20galaxy%20watch%20ultra%2C%20galaxy%20watch%20ultra%20%E0%B8%AA%E0%B8%B2%E0%B8%A2%2C%20smart%20watch%20galaxy%20watch%20ultra%2C%20galaxy%20watch%20ultra%2C%20galaxy%20watch%20ultra%202%5D__pvid--79812865-4236-4a2f-a96d-d07c93a781fa__matchList--18__listNo--0__norm_key--samsunggalaxywatchultra__inputQuery--%25E0%25B8%2599%25E0%25B8%25B2%25E0%25B8%25AC%25E0%25B8%25B4%25E0%25B8%2581%25E0%25B8%25B2%2Bgalaxy%2Bwatch%2Bul__scm--1007.25778.505232.0__spellQuery--samsung%20galaxy%20watch%20ultra__ctrScore--0.0&from=suggest_normal&sugg=samsung%20galaxy%20watch%20ultra_0_1&catalog_redirect_tag=true","***แท้ศูนย์ไทย ร่วมโค้ด 2025 Galaxy Watch 8 Ultra LTE","฿16,999.00","***แท้ศูนย์ไทย ร่วมโค้ด 2025 Galaxy Watch 8 Ultra LTE","https://www.lazada.co.th/products/pdp-i5799932926.html",""
"1791088866-24","https://www.lazada.co.th/tag/samsung-galaxy-watch-ultra/?spm=a2o4m.searchlist.search.2.793159eaMA3idL&q=samsung%20galaxy%20watch%20ultra&_keyori=ss&clickTrackInfo=pre_rerank_pos--0__diversity_before_top5--%5Bsamsung%20galaxy%20watch%20ultra%2C%20galaxy%20watch%20ultra%2C%20smart%20watch%20galaxy%20watch%20ultra%2C%20galaxy%20watch%20ultra%20%E0%B8%AA%E0%B8%B2%E0%B8%A2%2C%20galaxy%20watch%20ultra%202%5D__diversity_branch--item_mmr__matchType--18__mmr_score--0.6__srcQuery--samsung%20galaxy%20watch%20ultra__sim_hit--none__cvrScore--0.0__abId--505232__textId--4501734740480738003__score--1.0__isBack--0__diversity_after_top5--%5Bsamsung%20galaxy%20watch%20ultra%2C%20galaxy%20watch%20ultra%20%E0%B8%AA%E0%B8%B2%E0%B8%A2%2C%20smart%20watch%20galaxy%20watch%20ultra%2C%20galaxy%20watch%20ultra%2C%20galaxy%20watch%20ultra%202%5D__pvid--79812865-4236-4a2f-a96d-d07c93a781fa__matchList--18__listNo--0__norm_key--samsunggalaxywatchultra__inputQuery--%25E0%25B8%2599%25E0%25B8%25B2%25E0%25B8%25AC%25E0%25B8%25B4%25E0%25B8%2581%25E0%25B8%25B2%2Bgalaxy%2Bwatch%2Bul__scm--1007.25778.505232.0__spellQuery--samsung%20galaxy%20watch%20ultra__ctrScore--0.0&from=suggest_normal&sugg=samsung%20galaxy%20watch%20ultra_0_1&catalog_redirect_tag=true","Samsung Galaxy Watch Ultra 2025 เครื่องศูนย์ไทย","฿14,290.00","Samsung Galaxy Watch Ultra 2025 เครื่องศูนย์ไทย","https://www.lazada.co.th/products/pdp-i16188180089.html",""
"1791088869-25","https://www.lazada.co.th/tag/samsung-galaxy-watch-ultra/?spm=a2o4m.searchlist.search.2.793159eaMA3idL&q=samsung%20galaxy%20watch%20ultra&_keyori=ss&clickTrackInfo=pre_rerank_pos--0__diversity_before_top5--%5Bsamsung%20galaxy%20watch%20ultra%2C%20galaxy%20watch%20ultra%2C%20smart%20watch%20galaxy%20watch%20ultra%2C%20galaxy%20watch%20ultra%20%E0%B8%AA%E0%B8%B2%E0%B8%A2%2C%20galaxy%20watch%20ultra%202%5D__diversity_branch--item_mmr__matchType--18__mmr_score--0.6__srcQuery--samsung%20galaxy%20watch%20ultra__sim_hit--none__cvrScore--0.0__abId--505232__textId--4501734740480738003__score--1.0__isBack--0__diversity_after_top5--%5Bsamsung%20galaxy%20watch%20ultra%2C%20galaxy%20watch%20ultra%20%E0%B8%AA%E0%B8%B2%E0%B8%A2%2C%20smart%20watch%20galaxy%20watch%20ultra%2C%20galaxy%20watch%20ultra%2C%20galaxy%20watch%20ultra%202%5D__pvid--79812865-4236-4a2f-a96d-d07c93a781fa__matchList--18__listNo--0__norm_key--samsunggalaxywatchultra__inputQuery--%25E0%25B8%2599%25E0%25B8%25B2%25E0%25B8%25AC%25E0%25B8%25B4%25E0%25B8%2581%25E0%25B8%25B2%2Bgalaxy%2Bwatch%2Bul__scm--1007.25778.505232.0__spellQuery--samsung%20galaxy%20watch%20ultra__ctrScore--0.0&from=suggest_normal&sugg=samsung%20galaxy%20watch%20ultra_0_1&catalog_redirect_tag=true","Samsung Watch Ultra-2025","฿13,900.00","Samsung Watch Ultra-2025","https://www.lazada.co.th/products/pdp-i16278083142.html",""
"1791088871-26","https://www.lazada.co.th/tag/samsung-galaxy-watch-ultra/?spm=a2o4m.searchlist.search.2.793159eaMA3idL&q=samsung%20galaxy%20watch%20ultra&_keyori=ss&clickTrackInfo=pre_rerank_pos--0__diversity_before_top5--%5Bsamsung%20galaxy%20watch%20ultra%2C%20galaxy%20watch%20ultra%2C%20smart%20watch%20galaxy%20watch%20ultra%2C%20galaxy%20watch%20ultra%20%E0%B8%AA%E0%B8%B2%E0%B8%A2%2C%20galaxy%20watch%20ultra%202%5D__diversity_branch--item_mmr__matchType--18__mmr_score--0.6__srcQuery--samsung%20galaxy%20watch%20ultra__sim_hit--none__cvrScore--0.0__abId--505232__textId--4501734740480738003__score--1.0__isBack--0__diversity_after_top5--%5Bsamsung%20galaxy%20watch%20ultra%2C%20galaxy%20watch%20ultra%20%E0%B8%AA%E0%B8%B2%E0%B8%A2%2C%20smart%20watch%20galaxy%20watch%20ultra%2C%20galaxy%20watch%20ultra%2C%20galaxy%20watch%20ultra%202%5D__pvid--79812865-4236-4a2f-a96d-d07c93a781fa__matchList--18__listNo--0__norm_key--samsunggalaxywatchultra__inputQuery--%25E0%25B8%2599%25E0%25B8%25B2%25E0%25B8%25AC%25E0%25B8%25B4%25E0%25B8%2581%25E0%25B8%25B2%2Bgalaxy%2Bwatch%2Bul__scm--1007.25778.505232.0__spellQuery--samsung%20galaxy%20watch%20ultra__ctrScore--0.0&from=suggest_normal&sugg=samsung%20galaxy%20watch%20ultra_0_1&catalog_redirect_tag=true","Samsung Galaxy Watch Ultra 2025 เครื่องศูนย์ไทย","฿14,290.00","Samsung Galaxy Watch Ultra 2025 เครื่องศูนย์ไทย","https://www.lazada.co.th/products/pdp-i16187259753.html",""
"1791088873-27","https://www.lazada.co.th/tag/samsung-galaxy-watch-ultra/?spm=a2o4m.searchlist.search.2.793159eaMA3idL&q=samsung%20galaxy%20watch%20ultra&_keyori=ss&clickTrackInfo=pre_rerank_pos--0__diversity_before_top5--%5Bsamsung%20galaxy%20watch%20ultra%2C%20galaxy%20watch%20ultra%2C%20smart%20watch%20galaxy%20watch%20ultra%2C%20galaxy%20watch%20ultra%20%E0%B8%AA%E0%B8%B2%E0%B8%A2%2C%20galaxy%20watch%20ultra%202%5D__diversity_branch--item_mmr__matchType--18__mmr_score--0.6__srcQuery--samsung%20galaxy%20watch%20ultra__sim_hit--none__cvrScore--0.0__abId--505232__textId--4501734740480738003__score--1.0__isBack--0__diversity_after_top5--%5Bsamsung%20galaxy%20watch%20ultra%2C%20galaxy%20watch%20ultra%20%E0%B8%AA%E0%B8%B2%E0%B8%A2%2C%20smart%20watch%20galaxy%20watch%20ultra%2C%20galaxy%20watch%20ultra%2C%20galaxy%20watch%20ultra%202%5D__pvid--79812865-4236-4a2f-a96d-d07c93a781fa__matchList--18__listNo--0__norm_key--samsunggalaxywatchultra__inputQuery--%25E0%25B8%2599%25E0%25B8%25B2%25E0%25B8%25AC%25E0%25B8%25B4%25E0%25B8%2581%25E0%25B8%25B2%2Bgalaxy%2Bwatch%2Bul__scm--1007.25778.505232.0__spellQuery--samsung%20galaxy%20watch%20ultra__ctrScore--0.0&from=suggest_normal&sugg=samsung%20galaxy%20watch%20ultra_0_1&catalog_redirect_tag=true","Samsung Galaxy Watch Ultra 2025 เครื่องศูนย์ไทย","฿14,290.00","Samsung Galaxy Watch Ultra 2025 เครื่องศูนย์ไทย","https://www.lazada.co.th/products/pdp-i16187345093.html",""
"1791088875-28","https://www.lazada.co.th/tag/samsung-galaxy-watch-ultra/?spm=a2o4m.searchlist.search.2.793159eaMA3idL&q=samsung%20galaxy%20watch%20ultra&_keyori=ss&clickTrackInfo=pre_rerank_pos--0__diversity_before_top5--%5Bsamsung%20galaxy%20watch%20ultra%2C%20galaxy%20watch%20ultra%2C%20smart%20watch%20galaxy%20watch%20ultra%2C%20galaxy%20watch%20ultra%20%E0%B8%AA%E0%B8%B2%E0%B8%A2%2C%20galaxy%20watch%20ultra%202%5D__diversity_branch--item_mmr__matchType--18__mmr_score--0.6__srcQuery--samsung%20galaxy%20watch%20ultra__sim_hit--none__cvrScore--0.0__abId--505232__textId--4501734740480738003__score--1.0__isBack--0__diversity_after_top5--%5Bsamsung%20galaxy%20watch%20ultra%2C%20galaxy%20watch%20ultra%20%E0%B8%AA%E0%B8%B2%E0%B8%A2%2C%20smart%20watch%20galaxy%20watch%20ultra%2C%20galaxy%20watch%20ultra%2C%20galaxy%20watch%20ultra%202%5D__pvid--79812865-4236-4a2f-a96d-d07c93a781fa__matchList--18__listNo--0__norm_key--samsunggalaxywatchultra__inputQuery--%25E0%25B8%2599%25E0%25B8%25B2%25E0%25B8%25AC%25E0%25B8%25B4%25E0%25B8%2581%25E0%25B8%25B2%2Bgalaxy%2Bwatch%2Bul__scm--1007.25778.505232.0__spellQuery--samsung%20galaxy%20watch%20ultra__ctrScore--0.0&from=suggest_normal&sugg=samsung%20galaxy%20watch%20ultra_0_1&catalog_redirect_tag=true","Samsung Galaxy Watch Ultra
ประกันศูนย์ Samsung 1ปี","฿15,990.00","Samsung Galaxy Watch Ultra
ประกันศูนย์ Samsung 1ปี","https://www.lazada.co.th/products/pdp-i5478615135.html",""
"1791088877-29","https://www.lazada.co.th/tag/samsung-galaxy-watch-ultra/?spm=a2o4m.searchlist.search.2.793159eaMA3idL&q=samsung%20galaxy%20watch%20ultra&_keyori=ss&clickTrackInfo=pre_rerank_pos--0__diversity_before_top5--%5Bsamsung%20galaxy%20watch%20ultra%2C%20galaxy%20watch%20ultra%2C%20smart%20watch%20galaxy%20watch%20ultra%2C%20galaxy%20watch%20ultra%20%E0%B8%AA%E0%B8%B2%E0%B8%A2%2C%20galaxy%20watch%20ultra%202%5D__diversity_branch--item_mmr__matchType--18__mmr_score--0.6__srcQuery--samsung%20galaxy%20watch%20ultra__sim_hit--none__cvrScore--0.0__abId--505232__textId--4501734740480738003__score--1.0__isBack--0__diversity_after_top5--%5Bsamsung%20galaxy%20watch%20ultra%2C%20galaxy%20watch%20ultra%20%E0%B8%AA%E0%B8%B2%E0%B8%A2%2C%20smart%20watch%20galaxy%20watch%20ultra%2C%20galaxy%20watch%20ultra%2C%20galaxy%20watch%20ultra%202%5D__pvid--79812865-4236-4a2f-a96d-d07c93a781fa__matchList--18__listNo--0__norm_key--samsunggalaxywatchultra__inputQuery--%25E0%25B8%2599%25E0%25B8%25B2%25E0%25B8%25AC%25E0%25B8%25B4%25E0%25B8%2581%25E0%25B8%25B2%2Bgalaxy%2Bwatch%2Bul__scm--1007.25778.505232.0__spellQuery--samsung%20galaxy%20watch%20ultra__ctrScore--0.0&from=suggest_normal&sugg=samsung%20galaxy%20watch%20ultra_0_1&catalog_redirect_tag=true","Samsung Galaxy Watch Ultra (สินค้าของแท้แน่นอน100% เครื่องศูนย์ไทย) รับประกันร้าน 1 เดือน จัดส่งฟรี)","฿12,980.00","Samsung Galaxy Watch Ultra (สินค้าของแท้แน่นอน100% เครื่องศูนย์ไทย) รับประกันร้าน 1 เดือน จัดส่งฟรี)","https://www.lazada.co.th/products/pdp-i5851846470.html","5"
"1791088879-30","https://www.lazada.co.th/tag/samsung-galaxy-watch-ultra/?spm=a2o4m.searchlist.search.2.793159eaMA3idL&q=samsung%20galaxy%20watch%20ultra&_keyori=ss&clickTrackInfo=pre_rerank_pos--0__diversity_before_top5--%5Bsamsung%20galaxy%20watch%20ultra%2C%20galaxy%20watch%20ultra%2C%20smart%20watch%20galaxy%20watch%20ultra%2C%20galaxy%20watch%20ultra%20%E0%B8%AA%E0%B8%B2%E0%B8%A2%2C%20galaxy%20watch%20ultra%202%5D__diversity_branch--item_mmr__matchType--18__mmr_score--0.6__srcQuery--samsung%20galaxy%20watch%20ultra__sim_hit--none__cvrScore--0.0__abId--505232__textId--4501734740480738003__score--1.0__isBack--0__diversity_after_top5--%5Bsamsung%20galaxy%20watch%20ultra%2C%20galaxy%20watch%20ultra%20%E0%B8%AA%E0%B8%B2%E0%B8%A2%2C%20smart%20watch%20galaxy%20watch%20ultra%2C%20galaxy%20watch%20ultra%2C%20galaxy%20watch%20ultra%202%5D__pvid--79812865-4236-4a2f-a96d-d07c93a781fa__matchList--18__listNo--0__norm_key--samsunggalaxywatchultra__inputQuery--%25E0%25B8%2599%25E0%25B8%25B2%25E0%25B8%25AC%25E0%25B8%25B4%25E0%25B8%2581%25E0%25B8%25B2%2Bgalaxy%2Bwatch%2Bul__scm--1007.25778.505232.0__spellQuery--samsung%20galaxy%20watch%20ultra__ctrScore--0.0&from=suggest_normal&sugg=samsung%20galaxy%20watch%20ultra_0_1&catalog_redirect_tag=true","Samsung Galaxy Watch Ultra 2025 เครื่องศูนย์ไทย","฿14,290.00","Samsung Galaxy Watch Ultra 2025 เครื่องศูนย์ไทย","https://www.lazada.co.th/products/pdp-i16187283550.html","5"
"1791088882-31","https://www.lazada.co.th/tag/samsung-galaxy-watch-ultra/?spm=a2o4m.searchlist.search.2.793159eaMA3idL&q=samsung%20galaxy%20watch%20ultra&_keyori=ss&clickTrackInfo=pre_rerank_pos--0__diversity_before_top5--%5Bsamsung%20galaxy%20watch%20ultra%2C%20galaxy%20watch%20ultra%2C%20smart%20watch%20galaxy%20watch%20ultra%2C%20galaxy%20watch%20ultra%20%E0%B8%AA%E0%B8%B2%E0%B8%A2%2C%20galaxy%20watch%20ultra%202%5D__diversity_branch--item_mmr__matchType--18__mmr_score--0.6__srcQuery--samsung%20galaxy%20watch%20ultra__sim_hit--none__cvrScore--0.0__abId--505232__textId--4501734740480738003__score--1.0__isBack--0__diversity_after_top5--%5Bsamsung%20galaxy%20watch%20ultra%2C%20galaxy%20watch%20ultra%20%E0%B8%AA%E0%B8%B2%E0%B8%A2%2C%20smart%20watch%20galaxy%20watch%20ultra%2C%20galaxy%20watch%20ultra%2C%20galaxy%20watch%20ultra%202%5D__pvid--79812865-4236-4a2f-a96d-d07c93a781fa__matchList--18__listNo--0__norm_key--samsunggalaxywatchultra__inputQuery--%25E0%25B8%2599%25E0%25B8%25B2%25E0%25B8%25AC%25E0%25B8%25B4%25E0%25B8%2581%25E0%25B8%25B2%2Bgalaxy%2Bwatch%2Bul__scm--1007.25778.505232.0__spellQuery--samsung%20galaxy%20watch%20ultra__ctrScore--0.0&from=suggest_normal&sugg=samsung%20galaxy%20watch%20ultra_0_1&catalog_redirect_tag=true","Samsung Galaxy Watch Ultra 2025 เครื่องศูนย์ไทย","฿14,290.00","Samsung Galaxy Watch Ultra 2025 เครื่องศูนย์ไทย","https://www.lazada.co.th/products/pdp-i16187265787.html",""
"1791088884-32","https://www.lazada.co.th/tag/samsung-galaxy-watch-ultra/?spm=a2o4m.searchlist.search.2.793159eaMA3idL&q=samsung%20galaxy%20watch%20ultra&_keyori=ss&clickTrackInfo=pre_rerank_pos--0__diversity_before_top5--%5Bsamsung%20galaxy%20watch%20ultra%2C%20galaxy%20watch%20ultra%2C%20smart%20watch%20galaxy%20watch%20ultra%2C%20galaxy%20watch%20ultra%20%E0%B8%AA%E0%B8%B2%E0%B8%A2%2C%20galaxy%20watch%20ultra%202%5D__diversity_branch--item_mmr__matchType--18__mmr_score--0.6__srcQuery--samsung%20galaxy%20watch%20ultra__sim_hit--none__cvrScore--0.0__abId--505232__textId--4501734740480738003__score--1.0__isBack--0__diversity_after_top5--%5Bsamsung%20galaxy%20watch%20ultra%2C%20galaxy%20watch%20ultra%20%E0%B8%AA%E0%B8%B2%E0%B8%A2%2C%20smart%20watch%20galaxy%20watch%20ultra%2C%20galaxy%20watch%20ultra%2C%20galaxy%20watch%20ultra%202%5D__pvid--79812865-4236-4a2f-a96d-d07c93a781fa__matchList--18__listNo--0__norm_key--samsunggalaxywatchultra__inputQuery--%25E0%25B8%2599%25E0%25B8%25B2%25E0%25B8%25AC%25E0%25B8%25B4%25E0%25B8%2581%25E0%25B8%25B2%2Bgalaxy%2Bwatch%2Bul__scm--1007.25778.505232.0__spellQuery--samsung%20galaxy%20watch%20ultra__ctrScore--0.0&from=suggest_normal&sugg=samsung%20galaxy%20watch%20ultra_0_1&catalog_redirect_tag=true","SAMSUNG Galaxy Watch Ultra สมาร์ทวอช Amoled 1.5นิ้ว ไทเทเนี่ยม สำหรับ Andriod เท่านั้น ประกันศูนย์","฿13,890.00","SAMSUNG Galaxy Watch Ultra สมาร์ทวอช Amoled 1.5นิ้ว ไทเทเนี่ยม สำหรับ Andriod เท่านั้น ประกันศูนย์","https://www.lazada.co.th/products/pdp-i5851718471.html",""
"1791088887-33","https://www.lazada.co.th/tag/samsung-galaxy-watch-ultra/?spm=a2o4m.searchlist.search.2.793159eaMA3idL&q=samsung%20galaxy%20watch%20ultra&_keyori=ss&clickTrackInfo=pre_rerank_pos--0__diversity_before_top5--%5Bsamsung%20galaxy%20watch%20ultra%2C%20galaxy%20watch%20ultra%2C%20smart%20watch%20galaxy%20watch%20ultra%2C%20galaxy%20watch%20ultra%20%E0%B8%AA%E0%B8%B2%E0%B8%A2%2C%20galaxy%20watch%20ultra%202%5D__diversity_branch--item_mmr__matchType--18__mmr_score--0.6__srcQuery--samsung%20galaxy%20watch%20ultra__sim_hit--none__cvrScore--0.0__abId--505232__textId--4501734740480738003__score--1.0__isBack--0__diversity_after_top5--%5Bsamsung%20galaxy%20watch%20ultra%2C%20galaxy%20watch%20ultra%20%E0%B8%AA%E0%B8%B2%E0%B8%A2%2C%20smart%20watch%20galaxy%20watch%20ultra%2C%20galaxy%20watch%20ultra%2C%20galaxy%20watch%20ultra%202%5D__pvid--79812865-4236-4a2f-a96d-d07c93a781fa__matchList--18__listNo--0__norm_key--samsunggalaxywatchultra__inputQuery--%25E0%25B8%2599%25E0%25B8%25B2%25E0%25B8%25AC%25E0%25B8%25B4%25E0%25B8%2581%25E0%25B8%25B2%2Bgalaxy%2Bwatch%2Bul__scm--1007.25778.505232.0__spellQuery--samsung%20galaxy%20watch%20ultra__ctrScore--0.0&from=suggest_normal&sugg=samsung%20galaxy%20watch%20ultra_0_1&catalog_redirect_tag=true","Samsung Galaxy Watch Ultra(2025) 64GB LTE","฿18,790.00","Samsung Galaxy Watch Ultra(2025) 64GB LTE","https://www.lazada.co.th/products/pdp-i5788192802.html","4.9"
"1791088889-34","https://www.lazada.co.th/tag/samsung-galaxy-watch-ultra/?spm=a2o4m.searchlist.search.2.793159eaMA3idL&q=samsung%20galaxy%20watch%20ultra&_keyori=ss&clickTrackInfo=pre_rerank_pos--0__diversity_before_top5--%5Bsamsung%20galaxy%20watch%20ultra%2C%20galaxy%20watch%20ultra%2C%20smart%20watch%20galaxy%20watch%20ultra%2C%20galaxy%20watch%20ultra%20%E0%B8%AA%E0%B8%B2%E0%B8%A2%2C%20galaxy%20watch%20ultra%202%5D__diversity_branch--item_mmr__matchType--18__mmr_score--0.6__srcQuery--samsung%20galaxy%20watch%20ultra__sim_hit--none__cvrScore--0.0__abId--505232__textId--4501734740480738003__score--1.0__isBack--0__diversity_after_top5--%5Bsamsung%20galaxy%20watch%20ultra%2C%20galaxy%20watch%20ultra%20%E0%B8%AA%E0%B8%B2%E0%B8%A2%2C%20smart%20watch%20galaxy%20watch%20ultra%2C%20galaxy%20watch%20ultra%2C%20galaxy%20watch%20ultra%202%5D__pvid--79812865-4236-4a2f-a96d-d07c93a781fa__matchList--18__listNo--0__norm_key--samsunggalaxywatchultra__inputQuery--%25E0%25B8%2599%25E0%25B8%25B2%25E0%25B8%25AC%25E0%25B8%25B4%25E0%25B8%2581%25E0%25B8%25B2%2Bgalaxy%2Bwatch%2Bul__scm--1007.25778.505232.0__spellQuery--samsung%20galaxy%20watch%20ultra__ctrScore--0.0&from=suggest_normal&sugg=samsung%20galaxy%20watch%20ultra_0_1&catalog_redirect_tag=true","Samsung Galaxy Watch Ultra (2025) (47mm) (สินค้ารับประกัน1ปี) By TG","฿26,145.00","Samsung Galaxy Watch Ultra (2025) (47mm) (สินค้ารับประกัน1ปี) By TG","https://www.lazada.co.th/products/pdp-i5253178406.html","4.6"
"1791088891-35","https://www.lazada.co.th/tag/samsung-galaxy-watch-ultra/?spm=a2o4m.searchlist.search.2.793159eaMA3idL&q=samsung%20galaxy%20watch%20ultra&_keyori=ss&clickTrackInfo=pre_rerank_pos--0__diversity_before_top5--%5Bsamsung%20galaxy%20watch%20ultra%2C%20galaxy%20watch%20ultra%2C%20smart%20watch%20galaxy%20watch%20ultra%2C%20galaxy%20watch%20ultra%20%E0%B8%AA%E0%B8%B2%E0%B8%A2%2C%20galaxy%20watch%20ultra%202%5D__diversity_branch--item_mmr__matchType--18__mmr_score--0.6__srcQuery--samsung%20galaxy%20watch%20ultra__sim_hit--none__cvrScore--0.0__abId--505232__textId--4501734740480738003__score--1.0__isBack--0__diversity_after_top5--%5Bsamsung%20galaxy%20watch%20ultra%2C%20galaxy%20watch%20ultra%20%E0%B8%AA%E0%B8%B2%E0%B8%A2%2C%20smart%20watch%20galaxy%20watch%20ultra%2C%20galaxy%20watch%20ultra%2C%20galaxy%20watch%20ultra%202%5D__pvid--79812865-4236-4a2f-a96d-d07c93a781fa__matchList--18__listNo--0__norm_key--samsunggalaxywatchultra__inputQuery--%25E0%25B8%2599%25E0%25B8%25B2%25E0%25B8%25AC%25E0%25B8%25B4%25E0%25B8%2581%25E0%25B8%25B2%2Bgalaxy%2Bwatch%2Bul__scm--1007.25778.505232.0__spellQuery--samsung%20galaxy%20watch%20ultra__ctrScore--0.0&from=suggest_normal&sugg=samsung%20galaxy%20watch%20ultra_0_1&catalog_redirect_tag=true","SAMSUNG Galaxy Watch Ultra สมาร์ทวอช Amoled 1.5นิ้ว ไทเทเนี่ยม สำหรับ Andriod เท่านั้น ประกันศูนย์","฿6,800.00","SAMSUNG Galaxy Watch Ultra สมาร์ทวอช Amoled 1.5นิ้ว ไทเทเนี่ยม สำหรับ Andriod เท่านั้น ประกันศูนย์","https://www.lazada.co.th/products/pdp-i16187909621.html","5"
"1791088893-36","https://www.lazada.co.th/tag/samsung-galaxy-watch-ultra/?spm=a2o4m.searchlist.search.2.793159eaMA3idL&q=samsung%20galaxy%20watch%20ultra&_keyori=ss&clickTrackInfo=pre_rerank_pos--0__diversity_before_top5--%5Bsamsung%20galaxy%20watch%20ultra%2C%20galaxy%20watch%20ultra%2C%20smart%20watch%20galaxy%20watch%20ultra%2C%20galaxy%20watch%20ultra%20%E0%B8%AA%E0%B8%B2%E0%B8%A2%2C%20galaxy%20watch%20ultra%202%5D__diversity_branch--item_mmr__matchType--18__mmr_score--0.6__srcQuery--samsung%20galaxy%20watch%20ultra__sim_hit--none__cvrScore--0.0__abId--505232__textId--4501734740480738003__score--1.0__isBack--0__diversity_after_top5--%5Bsamsung%20galaxy%20watch%20ultra%2C%20galaxy%20watch%20ultra%20%E0%B8%AA%E0%B8%B2%E0%B8%A2%2C%20smart%20watch%20galaxy%20watch%20ultra%2C%20galaxy%20watch%20ultra%2C%20galaxy%20watch%20ultra%202%5D__pvid--79812865-4236-4a2f-a96d-d07c93a781fa__matchList--18__listNo--0__norm_key--samsunggalaxywatchultra__inputQuery--%25E0%25B8%2599%25E0%25B8%25B2%25E0%25B8%25AC%25E0%25B8%25B4%25E0%25B8%2581%25E0%25B8%25B2%2Bgalaxy%2Bwatch%2Bul__scm--1007.25778.505232.0__spellQuery--samsung%20galaxy%20watch%20ultra__ctrScore--0.0&from=suggest_normal&sugg=samsung%20galaxy%20watch%20ultra_0_1&catalog_redirect_tag=true","Samsung Galaxy Watch Ultra 2 (2026) (47mm) (สินค้ารับประกัน1ปี) By TG","฿27,195.00","Samsung Galaxy Watch Ultra 2 (2026) (47mm) (สินค้ารับประกัน1ปี) By TG","https://www.lazada.co.th/products/pdp-i16226050788.html","5"
"1791088896-37","https://www.lazada.co.th/tag/samsung-galaxy-watch-ultra/?spm=a2o4m.searchlist.search.2.793159eaMA3idL&q=samsung%20galaxy%20watch%20ultra&_keyori=ss&clickTrackInfo=pre_rerank_pos--0__diversity_before_top5--%5Bsamsung%20galaxy%20watch%20ultra%2C%20galaxy%20watch%20ultra%2C%20smart%20watch%20galaxy%20watch%20ultra%2C%20galaxy%20watch%20ultra%20%E0%B8%AA%E0%B8%B2%E0%B8%A2%2C%20galaxy%20watch%20ultra%202%5D__diversity_branch--item_mmr__matchType--18__mmr_score--0.6__srcQuery--samsung%20galaxy%20watch%20ultra__sim_hit--none__cvrScore--0.0__abId--505232__textId--4501734740480738003__score--1.0__isBack--0__diversity_after_top5--%5Bsamsung%20galaxy%20watch%20ultra%2C%20galaxy%20watch%20ultra%20%E0%B8%AA%E0%B8%B2%E0%B8%A2%2C%20smart%20watch%20galaxy%20watch%20ultra%2C%20galaxy%20watch%20ultra%2C%20galaxy%20watch%20ultra%202%5D__pvid--79812865-4236-4a2f-a96d-d07c93a781fa__matchList--18__listNo--0__norm_key--samsunggalaxywatchultra__inputQuery--%25E0%25B8%2599%25E0%25B8%25B2%25E0%25B8%25AC%25E0%25B8%25B4%25E0%25B8%2581%25E0%25B8%25B2%2Bgalaxy%2Bwatch%2Bul__scm--1007.25778.505232.0__spellQuery--samsung%20galaxy%20watch%20ultra__ctrScore--0.0&from=suggest_normal&sugg=samsung%20galaxy%20watch%20ultra_0_1&catalog_redirect_tag=true","รวม นาฬิกา Galaxy Watch Series | Watch Ultra | Watch 7 | Watch 8 series สมาร์ทวอทช์ LTE Bluetooth ศูนย์ไทย SixteenPhone","฿6,880.00","รวม นาฬิกา Galaxy Watch Series | Watch Ultra | Watch 7 | Watch 8 series สมาร์ทวอทช์ LTE Bluetooth ศูนย์ไทย SixteenPhone","https://www.lazada.co.th/products/pdp-i5807184585.html","5"
"1791088898-38","https://www.lazada.co.th/tag/samsung-galaxy-watch-ultra/?spm=a2o4m.searchlist.search.2.793159eaMA3idL&q=samsung%20galaxy%20watch%20ultra&_keyori=ss&clickTrackInfo=pre_rerank_pos--0__diversity_before_top5--%5Bsamsung%20galaxy%20watch%20ultra%2C%20galaxy%20watch%20ultra%2C%20smart%20watch%20galaxy%20watch%20ultra%2C%20galaxy%20watch%20ultra%20%E0%B8%AA%E0%B8%B2%E0%B8%A2%2C%20galaxy%20watch%20ultra%202%5D__diversity_branch--item_mmr__matchType--18__mmr_score--0.6__srcQuery--samsung%20galaxy%20watch%20ultra__sim_hit--none__cvrScore--0.0__abId--505232__textId--4501734740480738003__score--1.0__isBack--0__diversity_after_top5--%5Bsamsung%20galaxy%20watch%20ultra%2C%20galaxy%20watch%20ultra%20%E0%B8%AA%E0%B8%B2%E0%B8%A2%2C%20smart%20watch%20galaxy%20watch%20ultra%2C%20galaxy%20watch%20ultra%2C%20galaxy%20watch%20ultra%202%5D__pvid--79812865-4236-4a2f-a96d-d07c93a781fa__matchList--18__listNo--0__norm_key--samsunggalaxywatchultra__inputQuery--%25E0%25B8%2599%25E0%25B8%25B2%25E0%25B8%25AC%25E0%25B8%25B4%25E0%25B8%2581%25E0%25B8%25B2%2Bgalaxy%2Bwatch%2Bul__scm--1007.25778.505232.0__spellQuery--samsung%20galaxy%20watch%20ultra__ctrScore--0.0&from=suggest_normal&sugg=samsung%20galaxy%20watch%20ultra_0_1&catalog_redirect_tag=true","SAMSUNG Galaxy Watch Ultra สมาร์ทวอช Amoled 1.5นิ้ว ไทเทเนี่ยม สำหรับ Andriod เท่านั้น ประกันศูนย์","฿6,500.00","SAMSUNG Galaxy Watch Ultra สมาร์ทวอช Amoled 1.5นิ้ว ไทเทเนี่ยม สำหรับ Andriod เท่านั้น ประกันศูนย์","https://www.lazada.co.th/products/pdp-i16165230307.html","3"
"1791088900-39","https://www.lazada.co.th/tag/samsung-galaxy-watch-ultra/?spm=a2o4m.searchlist.search.2.793159eaMA3idL&q=samsung%20galaxy%20watch%20ultra&_keyori=ss&clickTrackInfo=pre_rerank_pos--0__diversity_before_top5--%5Bsamsung%20galaxy%20watch%20ultra%2C%20galaxy%20watch%20ultra%2C%20smart%20watch%20galaxy%20watch%20ultra%2C%20galaxy%20watch%20ultra%20%E0%B8%AA%E0%B8%B2%E0%B8%A2%2C%20galaxy%20watch%20ultra%202%5D__diversity_branch--item_mmr__matchType--18__mmr_score--0.6__srcQuery--samsung%20galaxy%20watch%20ultra__sim_hit--none__cvrScore--0.0__abId--505232__textId--4501734740480738003__score--1.0__isBack--0__diversity_after_top5--%5Bsamsung%20galaxy%20watch%20ultra%2C%20galaxy%20watch%20ultra%20%E0%B8%AA%E0%B8%B2%E0%B8%A2%2C%20smart%20watch%20galaxy%20watch%20ultra%2C%20galaxy%20watch%20ultra%2C%20galaxy%20watch%20ultra%202%5D__pvid--79812865-4236-4a2f-a96d-d07c93a781fa__matchList--18__listNo--0__norm_key--samsunggalaxywatchultra__inputQuery--%25E0%25B8%2599%25E0%25B8%25B2%25E0%25B8%25AC%25E0%25B8%25B4%25E0%25B8%2581%25E0%25B8%25B2%2Bgalaxy%2Bwatch%2Bul__scm--1007.25778.505232.0__spellQuery--samsung%20galaxy%20watch%20ultra__ctrScore--0.0&from=suggest_normal&sugg=samsung%20galaxy%20watch%20ultra_0_1&catalog_redirect_tag=true","Samsung Galaxy Watch Ultra2 LTE","฿17,990.00","Samsung Galaxy Watch Ultra2 LTE","https://www.lazada.co.th/products/pdp-i16219034328.html","5"
"1791088903-40","https://www.lazada.co.th/tag/samsung-galaxy-watch-ultra/?spm=a2o4m.searchlist.search.2.793159eaMA3idL&q=samsung%20galaxy%20watch%20ultra&_keyori=ss&clickTrackInfo=pre_rerank_pos--0__diversity_before_top5--%5Bsamsung%20galaxy%20watch%20ultra%2C%20galaxy%20watch%20ultra%2C%20smart%20watch%20galaxy%20watch%20ultra%2C%20galaxy%20watch%20ultra%20%E0%B8%AA%E0%B8%B2%E0%B8%A2%2C%20galaxy%20watch%20ultra%202%5D__diversity_branch--item_mmr__matchType--18__mmr_score--0.6__srcQuery--samsung%20galaxy%20watch%20ultra__sim_hit--none__cvrScore--0.0__abId--505232__textId--4501734740480738003__score--1.0__isBack--0__diversity_after_top5--%5Bsamsung%20galaxy%20watch%20ultra%2C%20galaxy%20watch%20ultra%20%E0%B8%AA%E0%B8%B2%E0%B8%A2%2C%20smart%20watch%20galaxy%20watch%20ultra%2C%20galaxy%20watch%20ultra%2C%20galaxy%20watch%20ultra%202%5D__pvid--79812865-4236-4a2f-a96d-d07c93a781fa__matchList--18__listNo--0__norm_key--samsunggalaxywatchultra__inputQuery--%25E0%25B8%2599%25E0%25B8%25B2%25E0%25B8%25AC%25E0%25B8%25B4%25E0%25B8%2581%25E0%25B8%25B2%2Bgalaxy%2Bwatch%2Bul__scm--1007.25778.505232.0__spellQuery--samsung%20galaxy%20watch%20ultra__ctrScore--0.0&from=suggest_normal&sugg=samsung%20galaxy%20watch%20ultra_0_1&catalog_redirect_tag=true","Samsung Galaxy Watch Ultra(2025) 64GB LTE","฿13,790.00","Samsung Galaxy Watch Ultra(2025) 64GB LTE","https://www.lazada.co.th/products/pdp-i5811217165.html","5"
