web_scraper_order,web_scraper_start_url,pagination,ชื่อรุ่น,ราคา,item_page_title,item_page_link,rating_score
"1791089199-1","https://www.lazada.co.th/tag/samsung-galaxy-watch-ultra/?catalog_redirect_tag=true&page=5&q=samsung%20galaxy%20watch%20ultra","","Samsung Galaxy  Watch7 40mm Green  📍ราคา 3,500 - 📍","฿3,500.00","Samsung Galaxy  Watch7 40mm Green  📍ราคา 3,500 - 📍","https://www.lazada.co.th/products/pdp-i16256240638.html",""
"1791089201-2","https://www.lazada.co.th/tag/samsung-galaxy-watch-ultra/?catalog_redirect_tag=true&page=5&q=samsung%20galaxy%20watch%20ultra","","Pre-Order Samsung Galaxy Watch 9 44 mm (รับประกันศูนย์ 1 ปี) By Jaymart","฿11,771.00","Pre-Order Samsung Galaxy Watch 9 44 mm (รับประกันศูนย์ 1 ปี) By Jaymart","https://www.lazada.co.th/products/pdp-i16219887766.html","4.9"
"1791089203-3","https://www.lazada.co.th/tag/samsung-galaxy-watch-ultra/?catalog_redirect_tag=true&page=5&q=samsung%20galaxy%20watch%20ultra","","สมาร์ทวอทช์ Samsung Galaxy Watch 9 40mm (BT) (สินค้ารับประกัน1ปี) By TG","฿13,545.00","สมาร์ทวอทช์ Samsung Galaxy Watch 9 40mm (BT) (สินค้ารับประกัน1ปี) By TG","https://www.lazada.co.th/products/pdp-i16221833395.html","5"
"1791089205-4","https://www.lazada.co.th/tag/samsung-galaxy-watch-ultra/?catalog_redirect_tag=true&page=5&q=samsung%20galaxy%20watch%20ultra","","สมาร์ทวอทช์ Samsung Galaxy Watch 9 44mm (BT) (สินค้ารับประกัน1ปี) By TG","฿15,645.00","สมาร์ทวอทช์ Samsung Galaxy Watch 9 44mm (BT) (สินค้ารับประกัน1ปี) By TG","https://www.lazada.co.th/products/pdp-i16222648385.html","5"
"1791089207-5","https://www.lazada.co.th/tag/samsung-galaxy-watch-ultra/?catalog_redirect_tag=true&page=5&q=samsung%20galaxy%20watch%20ultra","","Pre-Order Samsung Galaxy Watch 9 40 mm (รับประกันศูนย์ 1 ปี) By Jaymart","฿10,191.00","Pre-Order Samsung Galaxy Watch 9 40 mm (รับประกันศูนย์ 1 ปี) By Jaymart","https://www.lazada.co.th/products/pdp-i16219931218.html","5"
"1791089209-6","https://www.lazada.co.th/tag/samsung-galaxy-watch-ultra/?catalog_redirect_tag=true&page=5&q=samsung%20galaxy%20watch%20ultra","","Galaxy Watch 7 47mm นาฬิกาอัจฉริยะ Watch 7 นาฬิกาอัจฉริยะบลูทูธ นาฬิกาสมาร์ทวอทช์ กันน้ำ GPS บลูทูธ ฟิตเนส ความดันโลหิต ออกซิเจนในเลือด การตรวจสอบการนอนหลับ กีฬา IOS และ Android","฿1,320.92","Galaxy Watch 7 47mm นาฬิกาอัจฉริยะ Watch 7 นาฬิกาอัจฉริยะบลูทูธ นาฬิกาสมาร์ทวอทช์ กันน้ำ GPS บลูทูธ ฟิตเนส ความดันโลหิต ออกซิเจนในเลือด การตรวจสอบการนอนหลับ กีฬา IOS และ Android","https://www.lazada.co.th/products/pdp-i5843165371.html","4.5"
"1791089212-7","https://www.lazada.co.th/tag/samsung-galaxy-watch-ultra/?catalog_redirect_tag=true&page=5&q=samsung%20galaxy%20watch%20ultra","","Smartwatch S7 สําหรับ samsung Galaxy WATCH Ultra 7 smart WATCH ไร้สายชาร์จ BT call สําหรับ man ผู้หญิงนาฬิกากันน้ํา","฿450.00","Smartwatch S7 สําหรับ samsung Galaxy WATCH Ultra 7 smart WATCH ไร้สายชาร์จ BT call สําหรับ man ผู้หญิงนาฬิกากันน้ํา","https://www.lazada.co.th/products/pdp-i5692682788.html","5"
"1791089214-8","https://www.lazada.co.th/tag/samsung-galaxy-watch-ultra/?catalog_redirect_tag=true&page=5&q=samsung%20galaxy%20watch%20ultra","","สมาร์ทวอทช์ Samsung Galaxy Watch 8 40mm (สินค้ารับประกัน1ปี) By TG","฿12,495.00","สมาร์ทวอทช์ Samsung Galaxy Watch 8 40mm (สินค้ารับประกัน1ปี) By TG","https://www.lazada.co.th/products/pdp-i5248017701.html","5"
"1791089216-9","https://www.lazada.co.th/tag/samsung-galaxy-watch-ultra/?catalog_redirect_tag=true&page=5&q=samsung%20galaxy%20watch%20ultra","","Samsung Galaxy Watch Ultra 2025 LTE 47mm สมาร์ทวอทช์พรีเมี่ยม Titanium จอ Sapphire AI Health GPS แท้ศูนย์","฿28,990.00","Samsung Galaxy Watch Ultra 2025 LTE 47mm สมาร์ทวอทช์พรีเมี่ยม Titanium จอ Sapphire AI Health GPS แท้ศูนย์","https://www.lazada.co.th/products/pdp-i16153836804.html",""
"1791089218-10","https://www.lazada.co.th/tag/samsung-galaxy-watch-ultra/?catalog_redirect_tag=true&page=5&q=samsung%20galaxy%20watch%20ultra","","***แท้ศูนย์ไทย ร่วมโค้ด Galaxy Watch Ultra2 LTE","฿25,999.00","***แท้ศูนย์ไทย ร่วมโค้ด Galaxy Watch Ultra2 LTE","https://www.lazada.co.th/products/pdp-i16228603039.html",""
"1791089220-11","https://www.lazada.co.th/tag/samsung-galaxy-watch-ultra/?catalog_redirect_tag=true&page=5&q=samsung%20galaxy%20watch%20ultra","","Samsung Galaxy Watch Ultra 2025 ประกันศูนย์ Samsung 1ปี","฿17,990.00","Samsung Galaxy Watch Ultra 2025 ประกันศูนย์ Samsung 1ปี","https://www.lazada.co.th/products/pdp-i5946002557.html",""
"1791089222-12","https://www.lazada.co.th/tag/samsung-galaxy-watch-ultra/?catalog_redirect_tag=true&page=5&q=samsung%20galaxy%20watch%20ultra","","Samsung Galaxy Watch Ultra 2025 LTE นาฬิกาอัจฉริยะ 47mm ดีไซน์ Titanium หน้าจอ Sapphire Crystal ฟีเจอร์สุขภาพ AI","฿29,950.00","Samsung Galaxy Watch Ultra 2025 LTE นาฬิกาอัจฉริยะ 47mm ดีไซน์ Titanium หน้าจอ Sapphire Crystal ฟีเจอร์สุขภาพ AI","https://www.lazada.co.th/products/pdp-i16153900034.html",""
"1791089225-13","https://www.lazada.co.th/tag/samsung-galaxy-watch-ultra/?catalog_redirect_tag=true&page=5&q=samsung%20galaxy%20watch%20ultra","","Samsung Galaxy Watch Ultra LTE GY ประกันศูนย์","฿23,390.00","Samsung Galaxy Watch Ultra LTE GY ประกันศูนย์","https://www.lazada.co.th/products/pdp-i5349473667.html",""
"1791089227-14","https://www.lazada.co.th/tag/samsung-galaxy-watch-ultra/?catalog_redirect_tag=true&page=5&q=samsung%20galaxy%20watch%20ultra","","Samsung Galaxy Watch Ultra 2025 LTE Titanium Blue โดย สยามทีวี by Siam T.V.","฿22,410.00","Samsung Galaxy Watch Ultra 2025 LTE Titanium Blue โดย สยามทีวี by Siam T.V.","https://www.lazada.co.th/products/pdp-i5861133440.html",""
"1791089229-15","https://www.lazada.co.th/tag/samsung-galaxy-watch-ultra/?catalog_redirect_tag=true&page=5&q=samsung%20galaxy%20watch%20ultra","","Samsung Galaxy Watch Ultra (LTE, 47mm) ประกันศูนย์","฿23,350.00","Samsung Galaxy Watch Ultra (LTE, 47mm) ประกันศูนย์","https://www.lazada.co.th/products/pdp-i5517827563.html",""
"1791089231-16","https://www.lazada.co.th/tag/samsung-galaxy-watch-ultra/?catalog_redirect_tag=true&page=5&q=samsung%20galaxy%20watch%20ultra","","สมาร์ทวอชท์ Samsung Galaxy Watch Ultra LTE 47mm สี Titanium Gray รุ่น LTE ประกันศูนย์","฿23,350.00","สมาร์ทวอชท์ Samsung Galaxy Watch Ultra LTE 47mm สี Titanium Gray รุ่น LTE ประกันศูนย์","https://www.lazada.co.th/products/pdp-i16172300254.html",""
"1791089233-17","https://www.lazada.co.th/tag/samsung-galaxy-watch-ultra/?catalog_redirect_tag=true&page=5&q=samsung%20galaxy%20watch%20ultra","","Samsung Galaxy Watch Ultra2 LTE 47 mm Titanium Gray โดย สยามทีวี by Siam T.V.","฿25,900.00","Samsung Galaxy Watch Ultra2 LTE 47 mm Titanium Gray โดย สยามทีวี by Siam T.V.","https://www.lazada.co.th/products/pdp-i16245562833.html",""
"1791089235-18","https://www.lazada.co.th/tag/samsung-galaxy-watch-ultra/?catalog_redirect_tag=true&page=5&q=samsung%20galaxy%20watch%20ultra","","สมาร์ทวอทช์ SAMSUNG Galaxy Watch Ultra2 (LTE) จอ 1.34 นิ้ว 3000 nits กันน้ำ IP69K","฿29,008.00","สมาร์ทวอทช์ SAMSUNG Galaxy Watch Ultra2 (LTE) จอ 1.34 นิ้ว 3000 nits กันน้ำ IP69K","https://www.lazada.co.th/products/pdp-i16231769038.html",""
"1791089237-19","https://www.lazada.co.th/tag/samsung-galaxy-watch-ultra/?catalog_redirect_tag=true&page=5&q=samsung%20galaxy%20watch%20ultra","","Samsung Galaxy Watch Ultra (LTE, 47mm)  ( รุ่น SS-AC-L705(TG)  ) ประกันศูนย์","฿23,769.00","Samsung Galaxy Watch Ultra (LTE, 47mm)  ( รุ่น SS-AC-L705(TG)  ) ประกันศูนย์","https://www.lazada.co.th/products/pdp-i5783985822.html",""
"1791089240-20","https://www.lazada.co.th/tag/samsung-galaxy-watch-ultra/?catalog_redirect_tag=true&page=5&q=samsung%20galaxy%20watch%20ultra","","สมาร์ตวอทช์ Samsung Galaxy Watch Ultra2 47mm LTE Titanium Smartwatch ประกันศูนย์","฿27,299.00","สมาร์ตวอทช์ Samsung Galaxy Watch Ultra2 47mm LTE Titanium Smartwatch ประกันศูนย์","https://www.lazada.co.th/products/pdp-i16281679432.html",""
"1791089242-21","https://www.lazada.co.th/tag/samsung-galaxy-watch-ultra/?catalog_redirect_tag=true&page=5&q=samsung%20galaxy%20watch%20ultra","","Samsung Galaxy Watch Ultra2 LTE 47 mm Titanium Silver โดย สยามทีวี by Siam T.V.","฿25,900.00","Samsung Galaxy Watch Ultra2 LTE 47 mm Titanium Silver โดย สยามทีวี by Siam T.V.","https://www.lazada.co.th/products/pdp-i16245017745.html",""
"1791089245-22","https://www.lazada.co.th/tag/samsung-galaxy-watch-ultra/?catalog_redirect_tag=true&page=5&q=samsung%20galaxy%20watch%20ultra","","Samsung Galaxy Watch Ultra (สินค้าเครื่องศูนย์ไทย ของแท้แน่นอน)(รับประกันร้าน) จัดส่งฟรี!!!","฿13,980.00","Samsung Galaxy Watch Ultra (สินค้าเครื่องศูนย์ไทย ของแท้แน่นอน)(รับประกันร้าน) จัดส่งฟรี!!!","https://www.lazada.co.th/products/pdp-i5851748660.html",""
"1791089247-23","https://www.lazada.co.th/tag/samsung-galaxy-watch-ultra/?catalog_redirect_tag=true&page=5&q=samsung%20galaxy%20watch%20ultra","","***แท้ศูนย์ไทย ร่วมโค้ด 2025 Galaxy Watch 8 Ultra LTE","฿16,999.00","***แท้ศูนย์ไทย ร่วมโค้ด 2025 Galaxy Watch 8 Ultra LTE","https://www.lazada.co.th/products/pdp-i5799932926.html",""
"1791089249-24","https://www.lazada.co.th/tag/samsung-galaxy-watch-ultra/?catalog_redirect_tag=true&page=5&q=samsung%20galaxy%20watch%20ultra","","Samsung Galaxy Watch Ultra 2025 เครื่องศูนย์ไทย","฿14,290.00","Samsung Galaxy Watch Ultra 2025 เครื่องศูนย์ไทย","https://www.lazada.co.th/products/pdp-i16188180089.html",""
"1791089252-25","https://www.lazada.co.th/tag/samsung-galaxy-watch-ultra/?catalog_redirect_tag=true&page=5&q=samsung%20galaxy%20watch%20ultra","","Samsung Watch Ultra-2025","฿13,900.00","Samsung Watch Ultra-2025","https://www.lazada.co.th/products/pdp-i16278083142.html",""
"1791089254-26","https://www.lazada.co.th/tag/samsung-galaxy-watch-ultra/?catalog_redirect_tag=true&page=5&q=samsung%20galaxy%20watch%20ultra","","Samsung Galaxy Watch Ultra 2025 เครื่องศูนย์ไทย","฿14,290.00","Samsung Galaxy Watch Ultra 2025 เครื่องศูนย์ไทย","https://www.lazada.co.th/products/pdp-i16187259753.html",""
"1791089256-27","https://www.lazada.co.th/tag/samsung-galaxy-watch-ultra/?catalog_redirect_tag=true&page=5&q=samsung%20galaxy%20watch%20ultra","","Samsung Galaxy Watch Ultra 2025 เครื่องศูนย์ไทย","฿14,290.00","Samsung Galaxy Watch Ultra 2025 เครื่องศูนย์ไทย","https://www.lazada.co.th/products/pdp-i16187345093.html",""
"1791089258-28","https://www.lazada.co.th/tag/samsung-galaxy-watch-ultra/?catalog_redirect_tag=true&page=5&q=samsung%20galaxy%20watch%20ultra","","Samsung Galaxy Watch Ultra
ประกันศูนย์ Samsung 1ปี","฿15,990.00","Samsung Galaxy Watch Ultra
ประกันศูนย์ Samsung 1ปี","https://www.lazada.co.th/products/pdp-i5478615135.html",""
"1791089260-29","https://www.lazada.co.th/tag/samsung-galaxy-watch-ultra/?catalog_redirect_tag=true&page=5&q=samsung%20galaxy%20watch%20ultra","","Samsung Galaxy Watch Ultra (สินค้าของแท้แน่นอน100% เครื่องศูนย์ไทย) รับประกันร้าน 1 เดือน จัดส่งฟรี)","฿12,980.00","Samsung Galaxy Watch Ultra (สินค้าของแท้แน่นอน100% เครื่องศูนย์ไทย) รับประกันร้าน 1 เดือน จัดส่งฟรี)","https://www.lazada.co.th/products/pdp-i5851846470.html","5"
"1791089262-30","https://www.lazada.co.th/tag/samsung-galaxy-watch-ultra/?catalog_redirect_tag=true&page=5&q=samsung%20galaxy%20watch%20ultra","","Samsung Galaxy Watch Ultra 2025 เครื่องศูนย์ไทย","฿14,290.00","Samsung Galaxy Watch Ultra 2025 เครื่องศูนย์ไทย","https://www.lazada.co.th/products/pdp-i16187283550.html","5"
"1791089264-31","https://www.lazada.co.th/tag/samsung-galaxy-watch-ultra/?catalog_redirect_tag=true&page=5&q=samsung%20galaxy%20watch%20ultra","","Samsung Galaxy Watch Ultra 2025 เครื่องศูนย์ไทย","฿14,290.00","Samsung Galaxy Watch Ultra 2025 เครื่องศูนย์ไทย","https://www.lazada.co.th/products/pdp-i16187265787.html",""
"1791089267-32","https://www.lazada.co.th/tag/samsung-galaxy-watch-ultra/?catalog_redirect_tag=true&page=5&q=samsung%20galaxy%20watch%20ultra","","SAMSUNG Galaxy Watch Ultra สมาร์ทวอช Amoled 1.5นิ้ว ไทเทเนี่ยม สำหรับ Andriod เท่านั้น ประกันศูนย์","฿13,890.00","SAMSUNG Galaxy Watch Ultra สมาร์ทวอช Amoled 1.5นิ้ว ไทเทเนี่ยม สำหรับ Andriod เท่านั้น ประกันศูนย์","https://www.lazada.co.th/products/pdp-i5851718471.html",""
"1791089269-33","https://www.lazada.co.th/tag/samsung-galaxy-watch-ultra/?catalog_redirect_tag=true&page=5&q=samsung%20galaxy%20watch%20ultra","","Samsung Galaxy Watch Ultra(2025) 64GB LTE","฿18,790.00","Samsung Galaxy Watch Ultra(2025) 64GB LTE","https://www.lazada.co.th/products/pdp-i5788192802.html","4.9"
"1791089271-34","https://www.lazada.co.th/tag/samsung-galaxy-watch-ultra/?catalog_redirect_tag=true&page=5&q=samsung%20galaxy%20watch%20ultra","","Samsung Galaxy Watch Ultra (2025) (47mm) (สินค้ารับประกัน1ปี) By TG","฿26,145.00","Samsung Galaxy Watch Ultra (2025) (47mm) (สินค้ารับประกัน1ปี) By TG","https://www.lazada.co.th/products/pdp-i5253178406.html","4.6"
"1791089274-35","https://www.lazada.co.th/tag/samsung-galaxy-watch-ultra/?catalog_redirect_tag=true&page=5&q=samsung%20galaxy%20watch%20ultra","","SAMSUNG Galaxy Watch Ultra สมาร์ทวอช Amoled 1.5นิ้ว ไทเทเนี่ยม สำหรับ Andriod เท่านั้น ประกันศูนย์","฿6,800.00","SAMSUNG Galaxy Watch Ultra สมาร์ทวอช Amoled 1.5นิ้ว ไทเทเนี่ยม สำหรับ Andriod เท่านั้น ประกันศูนย์","https://www.lazada.co.th/products/pdp-i16187909621.html","5"
"1791089276-36","https://www.lazada.co.th/tag/samsung-galaxy-watch-ultra/?catalog_redirect_tag=true&page=5&q=samsung%20galaxy%20watch%20ultra","","Samsung Galaxy Watch Ultra 2 (2026) (47mm) (สินค้ารับประกัน1ปี) By TG","฿27,195.00","Samsung Galaxy Watch Ultra 2 (2026) (47mm) (สินค้ารับประกัน1ปี) By TG","https://www.lazada.co.th/products/pdp-i16226050788.html","5"
"1791089278-37","https://www.lazada.co.th/tag/samsung-galaxy-watch-ultra/?catalog_redirect_tag=true&page=5&q=samsung%20galaxy%20watch%20ultra","","รวม นาฬิกา Galaxy Watch Series | Watch Ultra | Watch 7 | Watch 8 series สมาร์ทวอทช์ LTE Bluetooth ศูนย์ไทย SixteenPhone","฿6,880.00","รวม นาฬิกา Galaxy Watch Series | Watch Ultra | Watch 7 | Watch 8 series สมาร์ทวอทช์ LTE Bluetooth ศูนย์ไทย SixteenPhone","https://www.lazada.co.th/products/pdp-i5807184585.html","5"
"1791089280-38","https://www.lazada.co.th/tag/samsung-galaxy-watch-ultra/?catalog_redirect_tag=true&page=5&q=samsung%20galaxy%20watch%20ultra","","SAMSUNG Galaxy Watch Ultra สมาร์ทวอช Amoled 1.5นิ้ว ไทเทเนี่ยม สำหรับ Andriod เท่านั้น ประกันศูนย์","฿6,500.00","SAMSUNG Galaxy Watch Ultra สมาร์ทวอช Amoled 1.5นิ้ว ไทเทเนี่ยม สำหรับ Andriod เท่านั้น ประกันศูนย์","https://www.lazada.co.th/products/pdp-i16165230307.html","3"
"1791089283-39","https://www.lazada.co.th/tag/samsung-galaxy-watch-ultra/?catalog_redirect_tag=true&page=5&q=samsung%20galaxy%20watch%20ultra","","Samsung Galaxy Watch Ultra2 LTE","฿17,990.00","Samsung Galaxy Watch Ultra2 LTE","https://www.lazada.co.th/products/pdp-i16219034328.html","5"
"1791089285-40","https://www.lazada.co.th/tag/samsung-galaxy-watch-ultra/?catalog_redirect_tag=true&page=5&q=samsung%20galaxy%20watch%20ultra","","Samsung Galaxy Watch Ultra(2025) 64GB LTE","฿13,790.00","Samsung Galaxy Watch Ultra(2025) 64GB LTE","https://www.lazada.co.th/products/pdp-i5811217165.html","5"
"1791089287-41","https://www.lazada.co.th/tag/samsung-galaxy-watch-ultra/?catalog_redirect_tag=true&page=5&q=samsung%20galaxy%20watch%20ultra","","CCLCC สาย Milanese สีสันสดใสนาฬิกาสามารถใส่ได้กับ Samsung Galaxy สายนาฬิกา20มม. 22มม. 3 4 Classic 5 Pro 45มม. 40มม. 44มม. 46มม. S3เกียร์2/Huawei GT 2 3สายโปร","฿45.00","CCLCC สาย Milanese สีสันสดใสนาฬิกาสามารถใส่ได้กับ Samsung Galaxy สายนาฬิกา20มม. 22มม. 3 4 Classic 5 Pro 45มม. 40มม. 44มม. 46มม. S3เกียร์2/Huawei GT 2 3สายโปร","https://www.lazada.co.th/products/pdp-i4415072059.html","4.9"
"1791089290-42","https://www.lazada.co.th/tag/samsung-galaxy-watch-ultra/?catalog_redirect_tag=true&page=5&q=samsung%20galaxy%20watch%20ultra","","ฝาครอบเคสกระจกนิรภัยรวมชิ้น 2 In 1 สำหรับ Apple Watch Ultra SE Series 11 10 9 8 7 6 5 4 3 IWatch 49 46 45 44 41 40 มม ป้องกันรอยขีดข่วน กันกระแทก","฿49.00","ฝาครอบเคสกระจกนิรภัยรวมชิ้น 2 In 1 สำหรับ Apple Watch Ultra SE Series 11 10 9 8 7 6 5 4 3 IWatch 49 46 45 44 41 40 มม ป้องกันรอยขีดข่วน กันกระแทก","https://www.lazada.co.th/products/pdp-i16125138970.html","4.9"
"1791089292-43","https://www.lazada.co.th/tag/samsung-galaxy-watch-ultra/?catalog_redirect_tag=true&page=5&q=samsung%20galaxy%20watch%20ultra","","ฟิล์มไฮโดรเจลแบบนิ่มสำหรับนาฬิกา Apple Ultra 4/3/2 49mm IWatch Series11 10 9 8 7 6 5 4 SE3 SE2ฝาครอบ46mm 45mm 41mm 44mm 40mm 42อุปกรณ์ป้องกันหน้าจอ38mm มม.","฿26.00","ฟิล์มไฮโดรเจลแบบนิ่มสำหรับนาฬิกา Apple Ultra 4/3/2 49mm IWatch Series11 10 9 8 7 6 5 4 SE3 SE2ฝาครอบ46mm 45mm 41mm 44mm 40mm 42อุปกรณ์ป้องกันหน้าจอ38mm มม.","https://www.lazada.co.th/products/pdp-i5867255037.html","4.8"
"1791089294-44","https://www.lazada.co.th/tag/samsung-galaxy-watch-ultra/?catalog_redirect_tag=true&page=5&q=samsung%20galaxy%20watch%20ultra","","สำหรับ สาย Xiaomi Redmi watch 3 active / Redmi watch 3 Lite สายนาฬิกา","฿29.00","สำหรับ สาย Xiaomi Redmi watch 3 active / Redmi watch 3 Lite สายนาฬิกา","https://www.lazada.co.th/products/pdp-i5237774624.html","4.9"
"1791089296-45","https://www.lazada.co.th/tag/samsung-galaxy-watch-ultra/?catalog_redirect_tag=true&page=5&q=samsung%20galaxy%20watch%20ultra","","ฟิล์ม TPU สำหรับ A//pple Watch ultra 49MM สำหรับ iWatch Series ultra 10 9 8 7 6 5 SE 4  ฟิล์มนาฬิกา 49มม ฟิล์มสําหรับเเอเปิ้ลวอช  film for applewatch ultra","฿19.00","ฟิล์ม TPU สำหรับ A//pple Watch ultra 49MM สำหรับ iWatch Series ultra 10 9 8 7 6 5 SE 4  ฟิล์มนาฬิกา 49มม ฟิล์มสําหรับเเอเปิ้ลวอช  film for applewatch ultra","https://www.lazada.co.th/products/pdp-i4529807256.html","4.9"
"1791089298-46","https://www.lazada.co.th/tag/samsung-galaxy-watch-ultra/?catalog_redirect_tag=true&page=5&q=samsung%20galaxy%20watch%20ultra","","สายนาฬิกาซิลิโคนขนาด 22mm สายรัดทดแทน สำหรับ Redmi Watch 5 Active / Mi Watch 5 Lite / Huawei / Samsung / Aolon / Itel สมาร์ทวอทช์","฿60.00","สายนาฬิกาซิลิโคนขนาด 22mm สายรัดทดแทน สำหรับ Redmi Watch 5 Active / Mi Watch 5 Lite / Huawei / Samsung / Aolon / Itel สมาร์ทวอทช์","https://www.lazada.co.th/products/pdp-i5831821281.html","5"
"1791089301-47","https://www.lazada.co.th/tag/samsung-galaxy-watch-ultra/?catalog_redirect_tag=true&page=5&q=samsung%20galaxy%20watch%20ultra","","แม่เหล็กแท่นชาร์จไร้สายแบบพกพาสําหรับ Samsung Galaxy Watch 8 Classic 7 FE 40mm 44mm 46mm Ultra 2025 นาฬิกาสมาร์ท Galaxy Watch Ultra 47 มม.","฿585.00","แม่เหล็กแท่นชาร์จไร้สายแบบพกพาสําหรับ Samsung Galaxy Watch 8 Classic 7 FE 40mm 44mm 46mm Ultra 2025 นาฬิกาสมาร์ท Galaxy Watch Ultra 47 มม.","https://www.lazada.co.th/products/pdp-i5285388679.html","5"
"1791089303-48","https://www.lazada.co.th/tag/samsung-galaxy-watch-ultra/?catalog_redirect_tag=true&page=5&q=samsung%20galaxy%20watch%20ultra","","ฟิล์ม Samsung Smart Watch Galaxy Fit 3 กันรอยเต็มจอ แบบใสขอบโค้ง ไฮโดรเจล กระจกป้องกันจอ","฿25.00","ฟิล์ม Samsung Smart Watch Galaxy Fit 3 กันรอยเต็มจอ แบบใสขอบโค้ง ไฮโดรเจล กระจกป้องกันจอ","https://www.lazada.co.th/products/pdp-i5730300147.html",""
"1791089305-49","https://www.lazada.co.th/tag/samsung-galaxy-watch-ultra/?catalog_redirect_tag=true&page=5&q=samsung%20galaxy%20watch%20ultra","","🇹🇭พร้อมส่ง ฟิล์มกันรอย ฟิล์มกลม ฟิล์มกลมTPU 25mm-46mm เต็มจอ สำหรับSmart Watch Huawei Samsung Garmin Fitbit Xiaomi OPPO ทุกรุ่น 26mm 27mm 30mm 31mm 32mm 33mm 35mm 40mm 41mm 42mm 44mm 45mm","฿25.00","🇹🇭พร้อมส่ง ฟิล์มกันรอย ฟิล์มกลม ฟิล์มกลมTPU 25mm-46mm เต็มจอ สำหรับSmart Watch Huawei Samsung Garmin Fitbit Xiaomi OPPO ทุกรุ่น 26mm 27mm 30mm 31mm 32mm 33mm 35mm 40mm 41mm 42mm 44mm 45mm","https://www.lazada.co.th/products/pdp-i3815187515.html","4.9"
"1791089307-50","https://www.lazada.co.th/tag/samsung-galaxy-watch-ultra/?catalog_redirect_tag=true&page=5&q=samsung%20galaxy%20watch%20ultra","","เคส บัมเปอร์ เคสกันรอย TPU เคสกันกระแทก สำหรับ สมาร์ทวอทช์ Samsung Galaxy Watch Active 2 40มม. น้ำหนักเบา งอได้ - TPU Protective Case Cover for Samsung Galaxy Watch Active 2 40mm.","฿31.00","เคส บัมเปอร์ เคสกันรอย TPU เคสกันกระแทก สำหรับ สมาร์ทวอทช์ Samsung Galaxy Watch Active 2 40มม. น้ำหนักเบา งอได้ - TPU Protective Case Cover for Samsung Galaxy Watch Active 2 40mm.","https://www.lazada.co.th/products/pdp-i16152943204.html",""
"1791089310-51","https://www.lazada.co.th/tag/samsung-galaxy-watch-ultra/?catalog_redirect_tag=true&page=5&q=samsung%20galaxy%20watch%20ultra","","SPIGEN เคสสำหรับ Galaxy Watch Ultra 2 [Liquid Air] Premium Exterior for Everyday Scratch Defense / เคส Galaxy Watch Ultra 2","฿621.00","SPIGEN เคสสำหรับ Galaxy Watch Ultra 2 [Liquid Air] Premium Exterior for Everyday Scratch Defense / เคส Galaxy Watch Ultra 2","https://www.lazada.co.th/products/pdp-i16215086903.html","5"
"1791089312-52","https://www.lazada.co.th/tag/samsung-galaxy-watch-ultra/?catalog_redirect_tag=true&page=5&q=samsung%20galaxy%20watch%20ultra","","ฟิล์มกระจกนิรภัย HD for Smart Watch Ultra 4/3/2 49mm 45/44/41/40/38 iWatch Series 10 9 8 7 6 5 4 46/42mm ตัวป้องกันหน้าจอ","฿39.00","ฟิล์มกระจกนิรภัย HD for Smart Watch Ultra 4/3/2 49mm 45/44/41/40/38 iWatch Series 10 9 8 7 6 5 4 46/42mm ตัวป้องกันหน้าจอ","https://www.lazada.co.th/products/pdp-i5564351273.html","4.8"
"1791089314-53","https://www.lazada.co.th/tag/samsung-galaxy-watch-ultra/?catalog_redirect_tag=true&page=5&q=samsung%20galaxy%20watch%20ultra","","Magnetic Fast Charger สำหรับ Samsung Galaxy Watch 8 Classic 46 มม.7 40 มม.44 มม.47 มม ดูที่ชาร์จไร้สาย","฿129.00","Magnetic Fast Charger สำหรับ Samsung Galaxy Watch 8 Classic 46 มม.7 40 มม.44 มม.47 มม ดูที่ชาร์จไร้สาย","https://www.lazada.co.th/products/pdp-i6071481432.html","3.9"
"1791089316-54","https://www.lazada.co.th/tag/samsung-galaxy-watch-ultra/?catalog_redirect_tag=true&page=5&q=samsung%20galaxy%20watch%20ultra","","เคสพร้อมกระจกกันรอยคลุมรอบหน้าจอ เคส สำหรับI Watch เคส CASE watch 11 10 9  8 ultra 7 6/5/4/3/2/1 38/40mm 42/44/45/46/49mm","฿29.00","เคสพร้อมกระจกกันรอยคลุมรอบหน้าจอ เคส สำหรับI Watch เคส CASE watch 11 10 9  8 ultra 7 6/5/4/3/2/1 38/40mm 42/44/45/46/49mm","https://www.lazada.co.th/products/pdp-i2911114701.html","4.9"
"1791089318-55","https://www.lazada.co.th/tag/samsung-galaxy-watch-ultra/?catalog_redirect_tag=true&page=5&q=samsung%20galaxy%20watch%20ultra","","ฟิล์มไฮโดรเจล โฟกัส แบบด้าน Galaxy watch ultra 47 / 8 7 6 Classic / 5 pro / 4 40 44 mm. / Classic 46 mm. Focus hydroplus hydrogel film ฟิล์ม","฿89.00","ฟิล์มไฮโดรเจล โฟกัส แบบด้าน Galaxy watch ultra 47 / 8 7 6 Classic / 5 pro / 4 40 44 mm. / Classic 46 mm. Focus hydroplus hydrogel film ฟิล์ม","https://www.lazada.co.th/products/pdp-i4348348405.html","5"
"1791089321-56","https://www.lazada.co.th/tag/samsung-galaxy-watch-ultra/?catalog_redirect_tag=true&page=5&q=samsung%20galaxy%20watch%20ultra","","(G33) ฟิล์มกระจกกันรอย Glass film Samsung Galaxy Watch 46 mm +++พร้อมส่ง ฟรีชุดติดตั้ง+++","฿32.77","(G33) ฟิล์มกระจกกันรอย Glass film Samsung Galaxy Watch 46 mm +++พร้อมส่ง ฟรีชุดติดตั้ง+++","https://www.lazada.co.th/products/pdp-i262255755.html","4.8"
"1791089323-57","https://www.lazada.co.th/tag/samsung-galaxy-watch-ultra/?catalog_redirect_tag=true&page=5&q=samsung%20galaxy%20watch%20ultra","","【ขายร้อน】สำหรับนาฬิกาเรือนกระจกเทมเปอร์ปกป้องหน้าจอ46มม. 42มม. 45มม. 44มม. 49มม. 41มม. 40มม. IWatch Series 11 10 7 8 9 SE1/2/3 6 5 4 Ultra 2/ultra 3","฿81.00","【ขายร้อน】สำหรับนาฬิกาเรือนกระจกเทมเปอร์ปกป้องหน้าจอ46มม. 42มม. 45มม. 44มม. 49มม. 41มม. 40มม. IWatch Series 11 10 7 8 9 SE1/2/3 6 5 4 Ultra 2/ultra 3","https://www.lazada.co.th/products/pdp-i5372323023.html","4.9"
"1791089325-58","https://www.lazada.co.th/tag/samsung-galaxy-watch-ultra/?catalog_redirect_tag=true&page=5&q=samsung%20galaxy%20watch%20ultra","","นาฬิกาข้อมืออัจฉริยะ กันกระจกเทมเปอร์ฟิล์มสำหรับ Samsung Galaxyใส่ได้พอดี3 3D ไฮโดรเจลปกป้องหน้าจอสมาร์ทวอท์ช Samsung Fit 3","฿36.00","นาฬิกาข้อมืออัจฉริยะ กันกระจกเทมเปอร์ฟิล์มสำหรับ Samsung Galaxyใส่ได้พอดี3 3D ไฮโดรเจลปกป้องหน้าจอสมาร์ทวอท์ช Samsung Fit 3","https://www.lazada.co.th/products/pdp-i5695999496.html","5"
"1791089327-59","https://www.lazada.co.th/tag/samsung-galaxy-watch-ultra/?catalog_redirect_tag=true&page=5&q=samsung%20galaxy%20watch%20ultra","","ฟิล์มไฮโดรเจล โฟกัส แบบใส Galaxy watch ultra 47 / 8 7 6 / 5 pro / 4 40 44 / FE / Classic 46 mm. / 3 45 41 / active 2 40 44 / gear S3 / fit 3 Focus hydroplus hydrogel film ฟิล์ม","฿89.00","ฟิล์มไฮโดรเจล โฟกัส แบบใส Galaxy watch ultra 47 / 8 7 6 / 5 pro / 4 40 44 / FE / Classic 46 mm. / 3 45 41 / active 2 40 44 / gear S3 / fit 3 Focus hydroplus hydrogel film ฟิล์ม","https://www.lazada.co.th/products/pdp-i3009417207.html","4.9"
"1791089329-60","https://www.lazada.co.th/tag/samsung-galaxy-watch-ultra/?catalog_redirect_tag=true&page=5&q=samsung%20galaxy%20watch%20ultra","","สาย smart watch 40/44/45/41/46มม สายนาฬิกา smart watch 11 10 9 8 ultra 7 6 5 4 นิ่ม เเบบเเม่เหล็ก สายสําหรับแอปเปิ้ลวอช A-star","฿89.00","สาย smart watch 40/44/45/41/46มม สายนาฬิกา smart watch 11 10 9 8 ultra 7 6 5 4 นิ่ม เเบบเเม่เหล็ก สายสําหรับแอปเปิ้ลวอช A-star","https://www.lazada.co.th/products/pdp-i5521797244.html","4.9"
"1791089332-61","https://www.lazada.co.th/tag/samsung-galaxy-watch-ultra/?catalog_redirect_tag=true&page=5&q=samsung%20galaxy%20watch%20ultra","","9.9 Sale สายซิลิโคนดั้งเดิมสำหรับ Samsung Galaxy Watch 9/8 44mm 40mm แถบอุปกรณ์เสริม สายกีฬา แถบ Galaxy Watch 8 Classic 46mm","฿76.00","9.9 Sale สายซิลิโคนดั้งเดิมสำหรับ Samsung Galaxy Watch 9/8 44mm 40mm แถบอุปกรณ์เสริม สายกีฬา แถบ Galaxy Watch 8 Classic 46mm","https://www.lazada.co.th/products/pdp-i5856678951.html","4.8"
"1791089334-62","https://www.lazada.co.th/tag/samsung-galaxy-watch-ultra/?catalog_redirect_tag=true&page=5&q=samsung%20galaxy%20watch%20ultra","","Ringke เคส + ฟิล์มกระจก Galaxy Watch Ultra (47mm) - รุ่น Slim by Vgadz","฿550.00","Ringke เคส + ฟิล์มกระจก Galaxy Watch Ultra (47mm) - รุ่น Slim by Vgadz","https://www.lazada.co.th/products/pdp-i5339216477.html",""
"1791089336-63","https://www.lazada.co.th/tag/samsung-galaxy-watch-ultra/?catalog_redirect_tag=true&page=5&q=samsung%20galaxy%20watch%20ultra","","สายสปอร์ตซิลิโคนสำหรับนาฬิกา Samsung Galaxy Watch 8 Classic 46mm สร้อยข้อมือ Sabuk Marinir สองสีสำหรับ Smartwatch Galaxy Watch 9/8 40mm 44mm","฿60.00","สายสปอร์ตซิลิโคนสำหรับนาฬิกา Samsung Galaxy Watch 8 Classic 46mm สร้อยข้อมือ Sabuk Marinir สองสีสำหรับ Smartwatch Galaxy Watch 9/8 40mm 44mm","https://www.lazada.co.th/products/pdp-i5903296458.html",""
"1791089339-64","https://www.lazada.co.th/tag/samsung-galaxy-watch-ultra/?catalog_redirect_tag=true&page=5&q=samsung%20galaxy%20watch%20ultra","","BEIZIYE เคส+ฟิลม์กระจกในตัว สําหรับ Samsung Galaxy Watch Ultra2 47mm เคสนาฬิกาข้อมือ PC กระจก สําหรับ Galaxy Watch Ultra2","฿233.36","BEIZIYE เคส+ฟิลม์กระจกในตัว สําหรับ Samsung Galaxy Watch Ultra2 47mm เคสนาฬิกาข้อมือ PC กระจก สําหรับ Galaxy Watch Ultra2","https://www.lazada.co.th/products/pdp-i16229425167.html",""
"1791089341-65","https://www.lazada.co.th/tag/samsung-galaxy-watch-ultra/?catalog_redirect_tag=true&page=5&q=samsung%20galaxy%20watch%20ultra","","เทปยาง 22 มม. 20 มม for Samsung Galaxy Watch /Huawei GT /Redmi Watch 5 Active/Lite /Garmin Watch /Amazfit /Aolon/Xiaomi","฿32.00","เทปยาง 22 มม. 20 มม for Samsung Galaxy Watch /Huawei GT /Redmi Watch 5 Active/Lite /Garmin Watch /Amazfit /Aolon/Xiaomi","https://www.lazada.co.th/products/pdp-i5697073366.html",""
"1791089343-66","https://www.lazada.co.th/tag/samsung-galaxy-watch-ultra/?catalog_redirect_tag=true&page=5&q=samsung%20galaxy%20watch%20ultra","","9Gadget - เคส Bumper Samsung Galaxy Watch 7 40 mm เต็มจอ กระจกกันรอย ฟิล์มกันรอย ฟิล์มกระจกนิรภัย ฟิล์ม เคส สายนาฬิกา สายชาร์จ - Case Bumper Premium Tempered Glass Screen Protector for Samsung Galaxy Watch 7 40 mm","฿53.00","9Gadget - เคส Bumper Samsung Galaxy Watch 7 40 mm เต็มจอ กระจกกันรอย ฟิล์มกันรอย ฟิล์มกระจกนิรภัย ฟิล์ม เคส สายนาฬิกา สายชาร์จ - Case Bumper Premium Tempered Glass Screen Protector for Samsung Galaxy Watch 7 40 mm","https://www.lazada.co.th/products/pdp-i5387858790.html",""
"1791089345-67","https://www.lazada.co.th/tag/samsung-galaxy-watch-ultra/?catalog_redirect_tag=true&page=5&q=samsung%20galaxy%20watch%20ultra","","For Samsung Galaxy Watch Active 2 Watch 4 5 6 7 FE Watch 8 9 40mm 44mm/Watch3 41mm Watch 42mm/Watch 4 6 classic Watch 5Pro 20Mm แถบซิลิโคนนิ่มเปลี่ยนสมาร์ทสายนาฬิกา","฿43.07","For Samsung Galaxy Watch Active 2 Watch 4 5 6 7 FE Watch 8 9 40mm 44mm/Watch3 41mm Watch 42mm/Watch 4 6 classic Watch 5Pro 20Mm แถบซิลิโคนนิ่มเปลี่ยนสมาร์ทสายนาฬิกา","https://www.lazada.co.th/products/pdp-i16268050719.html",""
"1791089347-68","https://www.lazada.co.th/tag/samsung-galaxy-watch-ultra/?catalog_redirect_tag=true&page=5&q=samsung%20galaxy%20watch%20ultra","","ฟิล์มแก้วนิรภัย for Smartwatch Samsung Galaxy Watch 8 44mm 40mm 8 Classic 46mm อุปกรณ์เสริมฟิล์มป้องกันหน้าจอ","฿20.00","ฟิล์มแก้วนิรภัย for Smartwatch Samsung Galaxy Watch 8 44mm 40mm 8 Classic 46mm อุปกรณ์เสริมฟิล์มป้องกันหน้าจอ","https://www.lazada.co.th/products/pdp-i5906669582.html",""
"1791089350-69","https://www.lazada.co.th/tag/samsung-galaxy-watch-ultra/?catalog_redirect_tag=true&page=5&q=samsung%20galaxy%20watch%20ultra","","เคส สำหรับ Samsung Galaxy Watch 8 40mm 44mm เคสนาฬิกาข้อมือ TPU เคสกันรอยหน้าจอสําหรับ อุปกรณ์เสริมสม","฿107.35","เคส สำหรับ Samsung Galaxy Watch 8 40mm 44mm เคสนาฬิกาข้อมือ TPU เคสกันรอยหน้าจอสําหรับ อุปกรณ์เสริมสม","https://www.lazada.co.th/products/pdp-i5799130570.html",""
"1791089352-70","https://www.lazada.co.th/tag/samsung-galaxy-watch-ultra/?catalog_redirect_tag=true&page=5&q=samsung%20galaxy%20watch%20ultra","","ฟิล์มกันรอย Samsung Watch 8 และ Watch 8 Classic | ฟิล์มไฮโดรเจล | ฟิล์ม Samsung Watch 8 | ฟิล์ม Watch 8 Classis | ฟิล์มกันรอยนาฬิกา | ฟิล์ม Smart Watch","฿69.00","ฟิล์มกันรอย Samsung Watch 8 และ Watch 8 Classic | ฟิล์มไฮโดรเจล | ฟิล์ม Samsung Watch 8 | ฟิล์ม Watch 8 Classis | ฟิล์มกันรอยนาฬิกา | ฟิล์ม Smart Watch","https://www.lazada.co.th/products/pdp-i5808411946.html",""
"1791089354-71","https://www.lazada.co.th/tag/samsung-galaxy-watch-ultra/?catalog_redirect_tag=true&page=5&q=samsung%20galaxy%20watch%20ultra","","BTLIMER ปลอกหุ้มแข็ง เคสพีซี ป้องกันรอยขีดข่วน บัมเปอร์ ตัวป้องกันป้องกัน อุปกรณ์เสริมเสริม เคสคลุม สำหรับ Samsung Galaxy Watch 7 40/44mm ครับ","฿53.12","BTLIMER ปลอกหุ้มแข็ง เคสพีซี ป้องกันรอยขีดข่วน บัมเปอร์ ตัวป้องกันป้องกัน อุปกรณ์เสริมเสริม เคสคลุม สำหรับ Samsung Galaxy Watch 7 40/44mm ครับ","https://www.lazada.co.th/products/pdp-i16225975871.html",""
"1791089356-72","https://www.lazada.co.th/tag/samsung-galaxy-watch-ultra/?catalog_redirect_tag=true&page=5&q=samsung%20galaxy%20watch%20ultra","","สำหรับ Samsung Galaxy Watch 7 40mm เคส Galaxy Watch 7 44mm 2 ใน 1 ความคุ้มครองเต็มรูปแบบ Galaxy Watch 7 40mm 44mm (2024) ฝาครอบ TPU ปกป้องหน้าจอสำหรับ Samsung SmartWatch 7 กรณี","฿37.00","สำหรับ Samsung Galaxy Watch 7 40mm เคส Galaxy Watch 7 44mm 2 ใน 1 ความคุ้มครองเต็มรูปแบบ Galaxy Watch 7 40mm 44mm (2024) ฝาครอบ TPU ปกป้องหน้าจอสำหรับ Samsung SmartWatch 7 กรณี","https://www.lazada.co.th/products/pdp-i5246039700.html",""
"1791089359-73","https://www.lazada.co.th/tag/samsung-galaxy-watch-ultra/?catalog_redirect_tag=true&page=5&q=samsung%20galaxy%20watch%20ultra","","3D ภาพยนตร์เต็มจอ ฟิล์ม For Samsung Galaxy Watch 8 Classic 7 FE 6 5 4 40mm 44mm 46mm 6Classic 5Pro 45mm ฟิล์มกันรอย Galaxy Watch Ultra 2025 ป้องกันหน้าจอ HD Anti-Bubble","฿107.14","3D ภาพยนตร์เต็มจอ ฟิล์ม For Samsung Galaxy Watch 8 Classic 7 FE 6 5 4 40mm 44mm 46mm 6Classic 5Pro 45mm ฟิล์มกันรอย Galaxy Watch Ultra 2025 ป้องกันหน้าจอ HD Anti-Bubble","https://www.lazada.co.th/products/pdp-i577446985.html",""
"1791089361-74","https://www.lazada.co.th/tag/samsung-galaxy-watch-ultra/?catalog_redirect_tag=true&page=5&q=samsung%20galaxy%20watch%20ultra","","Samsung Galaxy Watch Ultra2 Trail Band Blue โดย สยามทีวี by Siam T.V.","฿2,151.00","Samsung Galaxy Watch Ultra2 Trail Band Blue โดย สยามทีวี by Siam T.V.","https://www.lazada.co.th/products/pdp-i16241319174.html",""
"1791089363-75","https://www.lazada.co.th/tag/samsung-galaxy-watch-ultra/?catalog_redirect_tag=true&page=5&q=samsung%20galaxy%20watch%20ultra","","Monofit สำหรบ Galaxy Watch Ultra 2025","฿466.51","Monofit สำหรบ Galaxy Watch Ultra 2025","https://www.lazada.co.th/products/pdp-i16202406423.html",""
"1791089365-76","https://www.lazada.co.th/tag/samsung-galaxy-watch-ultra/?catalog_redirect_tag=true&page=5&q=samsung%20galaxy%20watch%20ultra","","ซิลิโคนนิ่ม สายแม่เหล็ก สําหรับ Samsung Galaxy Watch 8 Classic 46mm 40mm 44mm Ultra 2025 สายนาฬิกาข้อมือสมาร์ทวอทช์","฿185.80","ซิลิโคนนิ่ม สายแม่เหล็ก สําหรับ Samsung Galaxy Watch 8 Classic 46mm 40mm 44mm Ultra 2025 สายนาฬิกาข้อมือสมาร์ทวอทช์","https://www.lazada.co.th/products/pdp-i5827534726.html",""
"1791089367-77","https://www.lazada.co.th/tag/samsung-galaxy-watch-ultra/?catalog_redirect_tag=true&page=5&q=samsung%20galaxy%20watch%20ultra","","เคส TPU สำหรับ Samsung Galaxy Watch 7 40mm, บางเฉียบครอบคลุมเต็มรูปแบบกันกระแทกฝาครอบป้องกันสำหรับ Samsung Galaxy Watch 7 44mmปกป้องหน้าจอ","฿40.00","เคส TPU สำหรับ Samsung Galaxy Watch 7 40mm, บางเฉียบครอบคลุมเต็มรูปแบบกันกระแทกฝาครอบป้องกันสำหรับ Samsung Galaxy Watch 7 44mmปกป้องหน้าจอ","https://www.lazada.co.th/products/pdp-i5247683346.html",""
"1791089370-78","https://www.lazada.co.th/tag/samsung-galaxy-watch-ultra/?catalog_redirect_tag=true&page=5&q=samsung%20galaxy%20watch%20ultra","","ฐานชาร์จสำหรับนาฬิกา For Samsung Galaxy Watch 8 Classic 7 FE 46 มม. 40 มม.44 มม. Galaxy Watch Ultra 2025 47 มม. แท่นชาร์จผู้ถือ 3D การพิมพ์สำหรับ แท่นชาร์จ","฿240.46","ฐานชาร์จสำหรับนาฬิกา For Samsung Galaxy Watch 8 Classic 7 FE 46 มม. 40 มม.44 มม. Galaxy Watch Ultra 2025 47 มม. แท่นชาร์จผู้ถือ 3D การพิมพ์สำหรับ แท่นชาร์จ","https://www.lazada.co.th/products/pdp-i5285267935.html",""
"1791089372-79","https://www.lazada.co.th/tag/samsung-galaxy-watch-ultra/?catalog_redirect_tag=true&page=5&q=samsung%20galaxy%20watch%20ultra","","นาฬิกา Samsung Galaxy กระจกนิรภัยสำหรับ7 6 4 5 Pro 40มม. 44มม. ฟิล์มป้องกันรอยขีดข่วนปกป้องหน้าจอสำหรับ Galaxy Watch 6/5 Pro/ 5/4 Smartwatch","฿29.61","นาฬิกา Samsung Galaxy กระจกนิรภัยสำหรับ7 6 4 5 Pro 40มม. 44มม. ฟิล์มป้องกันรอยขีดข่วนปกป้องหน้าจอสำหรับ Galaxy Watch 6/5 Pro/ 5/4 Smartwatch","https://www.lazada.co.th/products/pdp-i2763291946.html",""
"1791089374-80","https://www.lazada.co.th/tag/samsung-galaxy-watch-ultra/?catalog_redirect_tag=true&page=5&q=samsung%20galaxy%20watch%20ultra","","ฟิล์มกันรอย Samsung Watch 7 | ฟิล์มไฮโดรเจล | สินค้าของแท้ 100% | ฟิล์ม Samsung Watch 7","฿39.00","ฟิล์มกันรอย Samsung Watch 7 | ฟิล์มไฮโดรเจล | สินค้าของแท้ 100% | ฟิล์ม Samsung Watch 7","https://www.lazada.co.th/products/pdp-i5265823862.html",""
"1791089377-81","https://www.lazada.co.th/tag/samsung-galaxy-watch-ultra/?catalog_redirect_tag=true&page=5&q=samsung%20galaxy%20watch%20ultra","","HUAWEI WATCH GT 6 สมาร์ทวอช Health Monitor 100+ Sport Modes Sport Bracelet Bluetooth Call","฿10,215.00","HUAWEI WATCH GT 6 สมาร์ทวอช Health Monitor 100+ Sport Modes Sport Bracelet Bluetooth Call","https://www.lazada.co.th/products/pdp-i16091643707.html",""
"1791089391-82","https://www.lazada.co.th/tag/samsung-galaxy-watch-ultra/?catalog_redirect_tag=true&page=5&q=samsung%20galaxy%20watch%20ultra","","สายซิลิโคนยาง16มม. 18มม. 20มม. 22มม. สร้อยข้อมือปล่อยรวดเร็วกันน้ำอเนกประสงค์สำหรับ Samsung Huawei สมาร์ทวอท์ช Huami","฿32.40","สายซิลิโคนยาง16มม. 18มม. 20มม. 22มม. สร้อยข้อมือปล่อยรวดเร็วกันน้ำอเนกประสงค์สำหรับ Samsung Huawei สมาร์ทวอท์ช Huami","https://www.lazada.co.th/products/pdp-i4596355846.html","4.9"
"1791089393-83","https://www.lazada.co.th/tag/samsung-galaxy-watch-ultra/?catalog_redirect_tag=true&page=5&q=samsung%20galaxy%20watch%20ultra","","Milanese Magnetic Loop สาย16/18/20/22มม. สแตนเลส Quick Release Band สร้อยข้อมือสำหรับ Samsung Galaxy นาฬิกา4 5 44มม. 40มม. Huawei Gt 2/3 Pro Watchband","฿43.40","Milanese Magnetic Loop สาย16/18/20/22มม. สแตนเลส Quick Release Band สร้อยข้อมือสำหรับ Samsung Galaxy นาฬิกา4 5 44มม. 40มม. Huawei Gt 2/3 Pro Watchband","https://www.lazada.co.th/products/pdp-i4266415610.html","4.8"
"1791089395-84","https://www.lazada.co.th/tag/samsung-galaxy-watch-ultra/?catalog_redirect_tag=true&page=5&q=samsung%20galaxy%20watch%20ultra","","GEEKTHINK สายผ้าไนลอนแบบใหม่อเนกประสงค์20มม. 22มม. 30มม. แบนด์วิดธ์ที่กว้างขึ้นสำหรับ Samsung Galaxy Watch 6คลาสสิก43มม. 47มม. 7/6/5/4 40 44มม. สายสำหรับ Huawei GT 5/4","฿156.06","GEEKTHINK สายผ้าไนลอนแบบใหม่อเนกประสงค์20มม. 22มม. 30มม. แบนด์วิดธ์ที่กว้างขึ้นสำหรับ Samsung Galaxy Watch 6คลาสสิก43มม. 47มม. 7/6/5/4 40 44มม. สายสำหรับ Huawei GT 5/4","https://www.lazada.co.th/products/pdp-i5168900379.html",""
"1791089397-85","https://www.lazada.co.th/tag/samsung-galaxy-watch-ultra/?catalog_redirect_tag=true&page=5&q=samsung%20galaxy%20watch%20ultra","","ฟิล์มกันรอยหน้าจอ แบบบาง สําหรับ Watch 49 45 41 44 40 42 38 มม. ฟิล์มสําหรับแอปเปิ้ลวอช for Apple watch Series Ultra 8 7 SE 6 5 4 3 2 1","฿19.00","ฟิล์มกันรอยหน้าจอ แบบบาง สําหรับ Watch 49 45 41 44 40 42 38 มม. ฟิล์มสําหรับแอปเปิ้ลวอช for Apple watch Series Ultra 8 7 SE 6 5 4 3 2 1","https://www.lazada.co.th/products/pdp-i4334000395.html",""
"1791089400-86","https://www.lazada.co.th/tag/samsung-galaxy-watch-ultra/?catalog_redirect_tag=true&page=5&q=samsung%20galaxy%20watch%20ultra","","iwatch ฟิล์มไฮโดรเจล ฟิล์ม For Apple Watch Ultra 49mm 8 7 / 1 2 3 /4 5 6 SE ฟิล์มสําหรับแอปเปิ้ลวอช iwatch 45มม 40มม 44มม 42มม 38มม 41มม ป้องกันหน้าจอ","฿12.00","iwatch ฟิล์มไฮโดรเจล ฟิล์ม For Apple Watch Ultra 49mm 8 7 / 1 2 3 /4 5 6 SE ฟิล์มสําหรับแอปเปิ้ลวอช iwatch 45มม 40มม 44มม 42มม 38มม 41มม ป้องกันหน้าจอ","https://www.lazada.co.th/products/pdp-i4299130435.html","4.9"
"1791089402-87","https://www.lazada.co.th/tag/samsung-galaxy-watch-ultra/?catalog_redirect_tag=true&page=5&q=samsung%20galaxy%20watch%20ultra","","Casing PC บางเฉียบยากเคสนาฬิกาอัจฉริยะฝาครอบป้องกันปกป้องหน้าจอกระจกเทมเปอร์สำหรับ For Redmi Watch 4 5 6 5 Active 5Lite","฿40.85","Casing PC บางเฉียบยากเคสนาฬิกาอัจฉริยะฝาครอบป้องกันปกป้องหน้าจอกระจกเทมเปอร์สำหรับ For Redmi Watch 4 5 6 5 Active 5Lite","https://www.lazada.co.th/products/pdp-i16270913197.html",""
"1791089404-88","https://www.lazada.co.th/tag/samsung-galaxy-watch-ultra/?catalog_redirect_tag=true&page=5&q=samsung%20galaxy%20watch%20ultra","","ฟิล์มกันรอยหน้าจอ Samsung Watch สำหรับ Samsung Galaxy Watch 7 6 ฟิล์มคอมโพสิต 3D ขนาด 40mm 44mm Watch5Watch4","฿39.00","ฟิล์มกันรอยหน้าจอ Samsung Watch สำหรับ Samsung Galaxy Watch 7 6 ฟิล์มคอมโพสิต 3D ขนาด 40mm 44mm Watch5Watch4","https://www.lazada.co.th/products/pdp-i5662687889.html","5"
"1791089406-89","https://www.lazada.co.th/tag/samsung-galaxy-watch-ultra/?catalog_redirect_tag=true&page=5&q=samsung%20galaxy%20watch%20ultra","","สายนาฬิกาข้อมือสำหรับ SRP777J1 Seiko 20มม. 22มม. 24มม. สายซิลิโคนสำรองสำหรับสร้อยข้อมือยางดำน้ำเข็มขัดกันน้ำ","฿51.89","สายนาฬิกาข้อมือสำหรับ SRP777J1 Seiko 20มม. 22มม. 24มม. สายซิลิโคนสำรองสำหรับสร้อยข้อมือยางดำน้ำเข็มขัดกันน้ำ","https://www.lazada.co.th/products/pdp-i4958001797.html","5"
"1791089408-90","https://www.lazada.co.th/tag/samsung-galaxy-watch-ultra/?catalog_redirect_tag=true&page=5&q=samsung%20galaxy%20watch%20ultra","","Clemine นาฬิกาสมาร์ทวอชแฟชั่นสำหรับผู้ชายและผู้หญิงพร้อมฟังก์ชันวัดอัตราการเต้นของหัวใจและแสงสว่างในเวลากลางคืน","฿85.00","Clemine นาฬิกาสมาร์ทวอชแฟชั่นสำหรับผู้ชายและผู้หญิงพร้อมฟังก์ชันวัดอัตราการเต้นของหัวใจและแสงสว่างในเวลากลางคืน","https://www.lazada.co.th/products/pdp-i16212043923.html",""
"1791089411-91","https://www.lazada.co.th/tag/samsung-galaxy-watch-ultra/?catalog_redirect_tag=true&page=5&q=samsung%20galaxy%20watch%20ultra","","ยาง สายiWatch สายนาฬิกา Watch Ultra ซีรีส์ 10 8 9 7สายนาฬิกา Smart Watch ปรับง่าย สาย41/42/44/45/46/49mm สาย Smart Watch","฿36.00","ยาง สายiWatch สายนาฬิกา Watch Ultra ซีรีส์ 10 8 9 7สายนาฬิกา Smart Watch ปรับง่าย สาย41/42/44/45/46/49mm สาย Smart Watch","https://www.lazada.co.th/products/pdp-i5622859603.html","5"
"1791089413-92","https://www.lazada.co.th/tag/samsung-galaxy-watch-ultra/?catalog_redirect_tag=true&page=5&q=samsung%20galaxy%20watch%20ultra","","เครื่องแจ้งเตือนการชำระเงินผ่าน QR Code WeChat Pay เสียงประกาศยอดเงินทันที ลำโพงบลูทูธ ใช้ได้ทันทีไม่ต้องติดตั้ง","฿120.00","เครื่องแจ้งเตือนการชำระเงินผ่าน QR Code WeChat Pay เสียงประกาศยอดเงินทันที ลำโพงบลูทูธ ใช้ได้ทันทีไม่ต้องติดตั้ง","https://www.lazada.co.th/products/pdp-i16106544576.html","4.5"
"1791089415-93","https://www.lazada.co.th/tag/samsung-galaxy-watch-ultra/?catalog_redirect_tag=true&page=5&q=samsung%20galaxy%20watch%20ultra","","ฝาครอบเคสนาฬิกาอัจฉริยะป้องกันสกรีนทีพียูสำหรับนาฬิกา Samsung Galaxy Watch Active 2 40mm 44mm","฿19.95","ฝาครอบเคสนาฬิกาอัจฉริยะป้องกันสกรีนทีพียูสำหรับนาฬิกา Samsung Galaxy Watch Active 2 40mm 44mm","https://www.lazada.co.th/products/pdp-i16271760875.html",""
"1791089417-94","https://www.lazada.co.th/tag/samsung-galaxy-watch-ultra/?catalog_redirect_tag=true&page=5&q=samsung%20galaxy%20watch%20ultra","","แหวนฝาโลหะสำหรับ Samsung Galaxy Watch 6 5 4 40mm/44mmฝาครอบแหวนกันชนสำหรับ Samsung Galaxy Watch 6/4 Classic/Watch 5 Pro 47mm","฿66.00","แหวนฝาโลหะสำหรับ Samsung Galaxy Watch 6 5 4 40mm/44mmฝาครอบแหวนกันชนสำหรับ Samsung Galaxy Watch 6/4 Classic/Watch 5 Pro 47mm","https://www.lazada.co.th/products/pdp-i4994896006.html","4.7"
"1791089419-95","https://www.lazada.co.th/tag/samsung-galaxy-watch-ultra/?catalog_redirect_tag=true&page=5&q=samsung%20galaxy%20watch%20ultra","","อะไหล่สายรัดข้อมือไนลอนซิลิโคนอุปกรณ์เสริมสำหรับซัมซุง8/Watch 9 2026","฿100.00","อะไหล่สายรัดข้อมือไนลอนซิลิโคนอุปกรณ์เสริมสำหรับซัมซุง8/Watch 9 2026","https://www.lazada.co.th/products/pdp-i16267663668.html",""
"1791089422-96","https://www.lazada.co.th/tag/samsung-galaxy-watch-ultra/?catalog_redirect_tag=true&page=5&q=samsung%20galaxy%20watch%20ultra","","Garmin สมาร์ทวอท์ชกันน้ำ IP67ออกกำลังกายเพื่อสุขภาพ Tracker Men นาฬิกาข้อมือสปอร์ตผู้หญิงบลูทูธสำหรับ Android IOS","฿881.00","Garmin สมาร์ทวอท์ชกันน้ำ IP67ออกกำลังกายเพื่อสุขภาพ Tracker Men นาฬิกาข้อมือสปอร์ตผู้หญิงบลูทูธสำหรับ Android IOS","https://www.lazada.co.th/products/pdp-i3008913189.html","4.7"
"1791089424-97","https://www.lazada.co.th/tag/samsung-galaxy-watch-ultra/?catalog_redirect_tag=true&page=5&q=samsung%20galaxy%20watch%20ultra","","เคสกันรอย+ฟิล์มกระจกในตัวสำหรับ Samsung Galaxy Watch 9/8 40mm/44mm/Classic 46mm แบบนิ่ม/แบบแข็ง กันกระแทก ปิดจอครบ","฿60.00","เคสกันรอย+ฟิล์มกระจกในตัวสำหรับ Samsung Galaxy Watch 9/8 40mm/44mm/Classic 46mm แบบนิ่ม/แบบแข็ง กันกระแทก ปิดจอครบ","https://www.lazada.co.th/products/pdp-i5809658860.html","5"
"1791089426-98","https://www.lazada.co.th/tag/samsung-galaxy-watch-ultra/?catalog_redirect_tag=true&page=5&q=samsung%20galaxy%20watch%20ultra","","Z7อัลตร้า1.46นิ้วจอสีสมาร์ทวอท์ชสนับสนุนโทรผ่านบลูทูธ/ตรวจสอบสุขภาพ (สีฟ้า)","฿1,074.11","Z7อัลตร้า1.46นิ้วจอสีสมาร์ทวอท์ชสนับสนุนโทรผ่านบลูทูธ/ตรวจสอบสุขภาพ (สีฟ้า)","https://www.lazada.co.th/products/pdp-i16262879820.html",""
"1791089428-99","https://www.lazada.co.th/tag/samsung-galaxy-watch-ultra/?catalog_redirect_tag=true&page=5&q=samsung%20galaxy%20watch%20ultra","","สายรัดคาร์บอนไฟเบอร์สําหรับ Samsung Galaxy 6/6 classic/5/pro/4/Active 2 band 20 มม.22 มม.สร้อยข้อมือ Huawei watch GT 4-3-Pro-2e นาฬิกา","฿93.59","สายรัดคาร์บอนไฟเบอร์สําหรับ Samsung Galaxy 6/6 classic/5/pro/4/Active 2 band 20 มม.22 มม.สร้อยข้อมือ Huawei watch GT 4-3-Pro-2e นาฬิกา","https://www.lazada.co.th/products/pdp-i5413338400.html","4.9"
"1791089430-100","https://www.lazada.co.th/tag/samsung-galaxy-watch-ultra/?catalog_redirect_tag=true&page=5&q=samsung%20galaxy%20watch%20ultra","","สมาร์ทวอทช์ Galaxy 7 Max 40Mm โทรชาร์จไร้สายนาฬิการสมาร์ทวอชทรงกลมหน้าจอ AMOLED โทรผ่านบลูทูธความละเอียดสูงฟิตเนสกีฬาการติดตามอัตราการเต้นของหัวใจ","฿526.00","สมาร์ทวอทช์ Galaxy 7 Max 40Mm โทรชาร์จไร้สายนาฬิการสมาร์ทวอชทรงกลมหน้าจอ AMOLED โทรผ่านบลูทูธความละเอียดสูงฟิตเนสกีฬาการติดตามอัตราการเต้นของหัวใจ","https://www.lazada.co.th/products/pdp-i16260382815.html",""
"1791089433-101","https://www.lazada.co.th/tag/samsung-galaxy-watch-ultra/?catalog_redirect_tag=true&page=5&q=samsung%20galaxy%20watch%20ultra","","ตัวชาร์จซิลิโคน USB / TypeC สำหรับนาฬิกา Samsung Galaxy Watch 3 5 7 FE 4 6 Classic 5Pro Watch Active 2 Galaxy Watch Ultra 47mm Ultra 2025 47mm Watch 8 8 Classic","฿68.16","ตัวชาร์จซิลิโคน USB / TypeC สำหรับนาฬิกา Samsung Galaxy Watch 3 5 7 FE 4 6 Classic 5Pro Watch Active 2 Galaxy Watch Ultra 47mm Ultra 2025 47mm Watch 8 8 Classic","https://www.lazada.co.th/products/pdp-i16272012262.html",""
"1791089435-102","https://www.lazada.co.th/tag/samsung-galaxy-watch-ultra/?catalog_redirect_tag=true&page=5&q=samsung%20galaxy%20watch%20ultra","","แหวน+ฝาครอบสำหรับ Samsung Galaxy Watch 8 เคส 44mm 40m Protector Hard PC Scale Shell Galaxy Watch 8 เคสป้องกัน","฿72.00","แหวน+ฝาครอบสำหรับ Samsung Galaxy Watch 8 เคส 44mm 40m Protector Hard PC Scale Shell Galaxy Watch 8 เคสป้องกัน","https://www.lazada.co.th/products/pdp-i5811743049.html","5"
"1791089437-103","https://www.lazada.co.th/tag/samsung-galaxy-watch-ultra/?catalog_redirect_tag=true&page=5&q=samsung%20galaxy%20watch%20ultra","","สายซิลิโคนขนาด 20 มม. 22 มม. สำหรับนาฬิกา Samsung Galaxy Watch 4 5 6 7 44 มม. 40 มม. 5 Pro Classic 42 46 มม. 43 47 มม. สายรัดข้อมือ Active 2 Gear S3","฿65.27","สายซิลิโคนขนาด 20 มม. 22 มม. สำหรับนาฬิกา Samsung Galaxy Watch 4 5 6 7 44 มม. 40 มม. 5 Pro Classic 42 46 มม. 43 47 มม. สายรัดข้อมือ Active 2 Gear S3","https://www.lazada.co.th/products/pdp-i5047259334.html","4.9"
"1791089439-104","https://www.lazada.co.th/tag/samsung-galaxy-watch-ultra/?catalog_redirect_tag=true&page=5&q=samsung%20galaxy%20watch%20ultra","","Tali Jam Tangan Karet TPU แบบนิ่มสำหรับ Samsung Galaxy Watch 9 / Watch8 40มม. 44มม. อุปกรณ์เสริมเคสป้องกันหน้าจอสำหรับเล่นกีฬา","฿72.99","Tali Jam Tangan Karet TPU แบบนิ่มสำหรับ Samsung Galaxy Watch 9 / Watch8 40มม. 44มม. อุปกรณ์เสริมเคสป้องกันหน้าจอสำหรับเล่นกีฬา","https://www.lazada.co.th/products/pdp-i16269544710.html",""
"1791089441-105","https://www.lazada.co.th/tag/samsung-galaxy-watch-ultra/?catalog_redirect_tag=true&page=5&q=samsung%20galaxy%20watch%20ultra","","ฟิล์มกันรอยนาฬิกา Samsung Galaxy Watch 9 | ฟิล์ม Samsung Galaxy Watch 9  | ฟิล์มนาฬิกาสมาร์ทวอช | ฟิล์มโฟกัส | ฟิล์มนาฬิกา smartwatch","฿69.00","ฟิล์มกันรอยนาฬิกา Samsung Galaxy Watch 9 | ฟิล์ม Samsung Galaxy Watch 9  | ฟิล์มนาฬิกาสมาร์ทวอช | ฟิล์มโฟกัส | ฟิล์มนาฬิกา smartwatch","https://www.lazada.co.th/products/pdp-i16244985862.html","5"
"1791089443-106","https://www.lazada.co.th/tag/samsung-galaxy-watch-ultra/?catalog_redirect_tag=true&page=5&q=samsung%20galaxy%20watch%20ultra","","เคสซอฟท์ TPU สำหรับ Samsung Galaxy Watch 8 44mm 40mm อุปกรณ์เสริมสำหรับนาฬิกาอัจฉริยะ ฟิล์มกันหน้าจอ ฝาครอบป้องกันรอบด้าน สำหรับ Samsung Watch 8","฿30.00","เคสซอฟท์ TPU สำหรับ Samsung Galaxy Watch 8 44mm 40mm อุปกรณ์เสริมสำหรับนาฬิกาอัจฉริยะ ฟิล์มกันหน้าจอ ฝาครอบป้องกันรอบด้าน สำหรับ Samsung Watch 8","https://www.lazada.co.th/products/pdp-i5815525799.html","5"
"1791089446-107","https://www.lazada.co.th/tag/samsung-galaxy-watch-ultra/?catalog_redirect_tag=true&page=5&q=samsung%20galaxy%20watch%20ultra","","เคส สําหรับ Samsung Galaxy Watch 8 40mm 44mm เคส ฟิล์มกระจก กรอบกันรอย ซัมซุง เคส galaxy watch 8 44mm/40mm","฿39.00","เคส สําหรับ Samsung Galaxy Watch 8 40mm 44mm เคส ฟิล์มกระจก กรอบกันรอย ซัมซุง เคส galaxy watch 8 44mm/40mm","https://www.lazada.co.th/products/pdp-i5805863141.html","4.9"
"1791089448-108","https://www.lazada.co.th/tag/samsung-galaxy-watch-ultra/?catalog_redirect_tag=true&page=5&q=samsung%20galaxy%20watch%20ultra","","กระจก + เคสสำหรับ Samsung Galaxy Watch 8 40mm 44mm ป้องกันรอยขีดข่วนปกป้องเต็มปกป้องหน้าจอสำหรับ Samsung Galaxy ฝาครอบ Watch8","฿48.00","กระจก + เคสสำหรับ Samsung Galaxy Watch 8 40mm 44mm ป้องกันรอยขีดข่วนปกป้องเต็มปกป้องหน้าจอสำหรับ Samsung Galaxy ฝาครอบ Watch8","https://www.lazada.co.th/products/pdp-i5795150644.html","4.9"
"1791089450-109","https://www.lazada.co.th/tag/samsung-galaxy-watch-ultra/?catalog_redirect_tag=true&page=5&q=samsung%20galaxy%20watch%20ultra","","เคสTPU SoftสำหรับSamsung Galaxy Watch 7 / FE 40mm 44mm ตัวป้องกันหน้าจอTPUรอบฝาครอบป้องกันสำหรับGalaxy Watch 6 / 6 Classic / 5 / 4 / 4 Classic / Galaxy Active 2 40mm 44mm 42mm 46mm 43mm 47mm อุปกรณ์เสริม","฿19.70","เคสTPU SoftสำหรับSamsung Galaxy Watch 7 / FE 40mm 44mm ตัวป้องกันหน้าจอTPUรอบฝาครอบป้องกันสำหรับGalaxy Watch 6 / 6 Classic / 5 / 4 / 4 Classic / Galaxy Active 2 40mm 44mm 42mm 46mm 43mm 47mm อุปกรณ์เสริม","https://www.lazada.co.th/products/pdp-i5244931933.html","4.9"
"1791089453-110","https://www.lazada.co.th/tag/samsung-galaxy-watch-ultra/?catalog_redirect_tag=true&page=5&q=samsung%20galaxy%20watch%20ultra","","Ultra2 2026สมาร์ทวอท์ช47มม. Galaxy Ultra 2 SOS โทรผ่านบลูทูธเข็มทิศสำหรับผู้ชายผู้หญิง Smartwatch Olahraga กลางแจ้ง VS Watch 8ของขวัญ","฿1,349.00","Ultra2 2026สมาร์ทวอท์ช47มม. Galaxy Ultra 2 SOS โทรผ่านบลูทูธเข็มทิศสำหรับผู้ชายผู้หญิง Smartwatch Olahraga กลางแจ้ง VS Watch 8ของขวัญ","https://www.lazada.co.th/products/pdp-i16262120642.html",""
"1791089455-111","https://www.lazada.co.th/tag/samsung-galaxy-watch-ultra/?catalog_redirect_tag=true&page=5&q=samsung%20galaxy%20watch%20ultra","","MAFAM【🔥พร้อมส่ง🔥】1-5PCS ป้องกันหน้าจอแก้วนิรภัยสำหรับ Samsung Galaxy Watch 7 40mm 44mm ฟิล์มป้องกันสำหรับ Samsung Galaxy Watch 7 ติดตั้งง","฿39.00","MAFAM【🔥พร้อมส่ง🔥】1-5PCS ป้องกันหน้าจอแก้วนิรภัยสำหรับ Samsung Galaxy Watch 7 40mm 44mm ฟิล์มป้องกันสำหรับ Samsung Galaxy Watch 7 ติดตั้งง","https://www.lazada.co.th/products/pdp-i5913306935.html","4.9"
"1791089457-112","https://www.lazada.co.th/tag/samsung-galaxy-watch-ultra/?catalog_redirect_tag=true&page=5&q=samsung%20galaxy%20watch%20ultra","","สายซิลิโคนแบบหนังสำหรับนาฬิกา Galaxy Samsung ขนาด9/8 40mm 44mm สายรัดแนวสปอร์ตสำหรับนาฬิกา8 Classic 46mm Ultra 2 47mm","฿209.00","สายซิลิโคนแบบหนังสำหรับนาฬิกา Galaxy Samsung ขนาด9/8 40mm 44mm สายรัดแนวสปอร์ตสำหรับนาฬิกา8 Classic 46mm Ultra 2 47mm","https://www.lazada.co.th/products/pdp-i16269799566.html",""
"1791089459-113","https://www.lazada.co.th/tag/samsung-galaxy-watch-ultra/?catalog_redirect_tag=true&page=5&q=samsung%20galaxy%20watch%20ultra","","ฟิล์มแก้วนิรภัย LXR สำหรับ Samsung Galaxy Watch 9 8 44mm 40mm Watch 8 Classic 46mm อุปกรณ์เสริมป้องกันหน้าจอฟิล์มป้องกัน","฿29.00","ฟิล์มแก้วนิรภัย LXR สำหรับ Samsung Galaxy Watch 9 8 44mm 40mm Watch 8 Classic 46mm อุปกรณ์เสริมป้องกันหน้าจอฟิล์มป้องกัน","https://www.lazada.co.th/products/pdp-i5976310157.html","5"
"1791089461-114","https://www.lazada.co.th/tag/samsung-galaxy-watch-ultra/?catalog_redirect_tag=true&page=5&q=samsung%20galaxy%20watch%20ultra","","แถบนาวิกโยธินสำหรับ Samsung Galaxy Watch Ultra(2025) 47Mm สร้อยข้อมือซิลิโคนสปอร์ต Correa Galaxy Watch Ultra2 47Mm อุปกรณ์สายรัด","฿435.00","แถบนาวิกโยธินสำหรับ Samsung Galaxy Watch Ultra(2025) 47Mm สร้อยข้อมือซิลิโคนสปอร์ต Correa Galaxy Watch Ultra2 47Mm อุปกรณ์สายรัด","https://www.lazada.co.th/products/pdp-i16271790788.html",""
"1791089464-115","https://www.lazada.co.th/tag/samsung-galaxy-watch-ultra/?catalog_redirect_tag=true&page=5&q=samsung%20galaxy%20watch%20ultra","","กระจกนิรภัยสําหรับ  สำหรับ Samsung Galaxy Watch Ultra2 47 มม. Anti-Scratch ติดตั้งง่ายป้องกันหน้าจอ  Samsung Galaxy Watch 9 Ultra2 8 7 40mm 44mm","฿93.40","กระจกนิรภัยสําหรับ  สำหรับ Samsung Galaxy Watch Ultra2 47 มม. Anti-Scratch ติดตั้งง่ายป้องกันหน้าจอ  Samsung Galaxy Watch 9 Ultra2 8 7 40mm 44mm","https://www.lazada.co.th/products/pdp-i5288889224.html","4.9"
"1791089466-116","https://www.lazada.co.th/tag/samsung-galaxy-watch-ultra/?catalog_redirect_tag=true&page=5&q=samsung%20galaxy%20watch%20ultra","","HiShield ฟิล์มไฮโดรเจล Samsung Galaxy Watch Ultra/ Watch 7/ Watch FE/ Watch 6/ Watch 6 Classic/ Watch 5/ Watch 5 Pro/ Watch 4/ Watch 3/ Watch 46mm/ Watch 42mm/ Watch/ Watch Fit 2/ Watch 4/ Watch Active 2/ Watch Active/ Watch Fite","฿118.00","HiShield ฟิล์มไฮโดรเจล Samsung Galaxy Watch Ultra/ Watch 7/ Watch FE/ Watch 6/ Watch 6 Classic/ Watch 5/ Watch 5 Pro/ Watch 4/ Watch 3/ Watch 46mm/ Watch 42mm/ Watch/ Watch Fit 2/ Watch 4/ Watch Active 2/ Watch Active/ Watch Fite","https://www.lazada.co.th/products/pdp-i4396980906.html","4.7"
"1791089468-117","https://www.lazada.co.th/tag/samsung-galaxy-watch-ultra/?catalog_redirect_tag=true&page=5&q=samsung%20galaxy%20watch%20ultra","","ฟิล์มกระจก Samsung Galaxy Watch Ultra2 Ultra 2 ตัวป้องกันตําแหน่งด้วยตนเอง FM0026","฿91.80","ฟิล์มกระจก Samsung Galaxy Watch Ultra2 Ultra 2 ตัวป้องกันตําแหน่งด้วยตนเอง FM0026","https://www.lazada.co.th/products/pdp-i16247039554.html","3"
"1791089470-118","https://www.lazada.co.th/tag/samsung-galaxy-watch-ultra/?catalog_redirect_tag=true&page=5&q=samsung%20galaxy%20watch%20ultra","","ป้องกัน PC เคสฝาครอบสำหรับ for Samsung Galaxy Watch Ultra 47mm หน้าจอป้องกันกันชนแข็ง อุปกรณ์เสริมกรอบกลวง","฿32.00","ป้องกัน PC เคสฝาครอบสำหรับ for Samsung Galaxy Watch Ultra 47mm หน้าจอป้องกันกันชนแข็ง อุปกรณ์เสริมกรอบกลวง","https://www.lazada.co.th/products/pdp-i5850475505.html","5"
"1791089472-119","https://www.lazada.co.th/tag/samsung-galaxy-watch-ultra/?catalog_redirect_tag=true&page=5&q=samsung%20galaxy%20watch%20ultra","","ป้องกันหน้าจอกระจกเทมเปอร์สำหรับนาฬิกา Samsung Galaxy อัลตร้า2 47มม. 9 8 44มม. 40มม. ฟิล์มกันระเบิดกันรอยขีดข่วนเคสเป็นมิตร","฿47.00","ป้องกันหน้าจอกระจกเทมเปอร์สำหรับนาฬิกา Samsung Galaxy อัลตร้า2 47มม. 9 8 44มม. 40มม. ฟิล์มกันระเบิดกันรอยขีดข่วนเคสเป็นมิตร","https://www.lazada.co.th/products/pdp-i16231114300.html","5"
"1791089475-120","https://www.lazada.co.th/tag/samsung-galaxy-watch-ultra/?catalog_redirect_tag=true&page=5&q=samsung%20galaxy%20watch%20ultra","","เคสป้องกันสำหรับนาฬิกา Samsung Galaxy 9 8 44มม. 40มม. คลาสสิค7อัลตร้า2 47มม. ผิวนอกปกป้องพีซีสำหรับ Galaxy Watch 9กรอบ44มม.","฿56.00","เคสป้องกันสำหรับนาฬิกา Samsung Galaxy 9 8 44มม. 40มม. คลาสสิค7อัลตร้า2 47มม. ผิวนอกปกป้องพีซีสำหรับ Galaxy Watch 9กรอบ44มม.","https://www.lazada.co.th/products/pdp-i16224131198.html","5"
"1791089477-121","https://www.lazada.co.th/tag/samsung-galaxy-watch-ultra/?catalog_redirect_tag=true&page=5&q=samsung%20galaxy%20watch%20ultra","","GOOJODOQ I67 สมาร์ทวอทช์ 5 สายกันน้ําบลูทูธโทรการตรวจสอบสุขภาพการจัดการฟิตเนสกีฬา","฿485.00","GOOJODOQ I67 สมาร์ทวอทช์ 5 สายกันน้ําบลูทูธโทรการตรวจสอบสุขภาพการจัดการฟิตเนสกีฬา","https://www.lazada.co.th/products/pdp-i5805599711.html","4.9"
"1791089479-122","https://www.lazada.co.th/tag/samsung-galaxy-watch-ultra/?catalog_redirect_tag=true&page=5&q=samsung%20galaxy%20watch%20ultra","","Xiaomi Redmi Watch 5 Active นาฬิกาสมาร์ทวอทช์ การโทรผ่าน Bluetooth กันน้ำ 5ATM โหมดออกกำลังกาย 140+","฿1,139.00","Xiaomi Redmi Watch 5 Active นาฬิกาสมาร์ทวอทช์ การโทรผ่าน Bluetooth กันน้ำ 5ATM โหมดออกกำลังกาย 140+","https://www.lazada.co.th/products/pdp-i5687702851.html","5"
"1791089481-123","https://www.lazada.co.th/tag/samsung-galaxy-watch-ultra/?catalog_redirect_tag=true&page=5&q=samsung%20galaxy%20watch%20ultra","","Samsung Galaxy Watch7 AI สมาร์ทวอทช์ ระบบบลูทูธ 40MM,44MM","฿4,990.00","Samsung Galaxy Watch7 AI สมาร์ทวอทช์ ระบบบลูทูธ 40MM,44MM","https://www.lazada.co.th/products/pdp-i5487502303.html","5"
"1791089483-124","https://www.lazada.co.th/tag/samsung-galaxy-watch-ultra/?catalog_redirect_tag=true&page=5&q=samsung%20galaxy%20watch%20ultra","","WORTHBUY นาฬิกา นาฬิกาสไตล์ลำลองและแฟชั่น นาฬิกาสมาร์ทวอชแฟชั่นสำหรับผู้ชายและผู้หญิงพร้อมฟังก์ชันวัดอัตราการเต้นของหัวใจและแสงสว่างในเวลากลางคืน","฿30.99","WORTHBUY นาฬิกา นาฬิกาสไตล์ลำลองและแฟชั่น นาฬิกาสมาร์ทวอชแฟชั่นสำหรับผู้ชายและผู้หญิงพร้อมฟังก์ชันวัดอัตราการเต้นของหัวใจและแสงสว่างในเวลากลางคืน","https://www.lazada.co.th/products/pdp-i5976100944.html","4.8"
"1791089485-125","https://www.lazada.co.th/tag/samsung-galaxy-watch-ultra/?catalog_redirect_tag=true&page=5&q=samsung%20galaxy%20watch%20ultra","","【ผู้เชี่ยวชาญด้านการจัดการสุขภาพ】สมาร์ทวอทช์บลูทูธตรวจสอบอัตราการเต้นหัวใจและการนอนหลับได้ กันน้ำ นาฬิกากีฬา จอทัสกรีน นาฬิกา นาฬิกาสำหรับใส่ออกกำลังกาย นาฬิกาสมาร์ทวอทช์","฿327.76","【ผู้เชี่ยวชาญด้านการจัดการสุขภาพ】สมาร์ทวอทช์บลูทูธตรวจสอบอัตราการเต้นหัวใจและการนอนหลับได้ กันน้ำ นาฬิกากีฬา จอทัสกรีน นาฬิกา นาฬิกาสำหรับใส่ออกกำลังกาย นาฬิกาสมาร์ทวอทช์","https://www.lazada.co.th/products/pdp-i16090301012.html","4.7"
"1791089487-126","https://www.lazada.co.th/tag/samsung-galaxy-watch-ultra/?catalog_redirect_tag=true&page=5&q=samsung%20galaxy%20watch%20ultra","","QiaoYiLuo นาฬิกาสมาร์ทวอชแฟชั่นสำหรับผู้ชายและผู้หญิงพร้อมฟังก์ชันวัดอัตราการเต้นของหัวใจและแสงสว่างในเวลากลางคืน","฿24.00","QiaoYiLuo นาฬิกาสมาร์ทวอชแฟชั่นสำหรับผู้ชายและผู้หญิงพร้อมฟังก์ชันวัดอัตราการเต้นของหัวใจและแสงสว่างในเวลากลางคืน","https://www.lazada.co.th/products/pdp-i16165929638.html","5"
"1791089490-127","https://www.lazada.co.th/tag/samsung-galaxy-watch-ultra/?catalog_redirect_tag=true&page=5&q=samsung%20galaxy%20watch%20ultra","","NEW Aolon x Huafit S12 นาฬิกา ผู้ชาย โทรได้ นาฬิกาวัดหัวใจ นาฬิกานับก้าว smart watch 1ATM กันน้ำ สมาร์ทวอทช์ ผู้หญิง 2026","฿389.00","NEW Aolon x Huafit S12 นาฬิกา ผู้ชาย โทรได้ นาฬิกาวัดหัวใจ นาฬิกานับก้าว smart watch 1ATM กันน้ำ สมาร์ทวอทช์ ผู้หญิง 2026","https://www.lazada.co.th/products/pdp-i16254873783.html","5"
"1791089492-128","https://www.lazada.co.th/tag/samsung-galaxy-watch-ultra/?catalog_redirect_tag=true&page=5&q=samsung%20galaxy%20watch%20ultra","","นาฬิกาสมาร์ทวอชแฟชั่นสำหรับผู้ชายและผู้หญิงพร้อมฟังก์ชันวัดอัตราการเต้นของหัวใจและแสงสว่างในเวลากลางคืน","฿28.00","นาฬิกาสมาร์ทวอชแฟชั่นสำหรับผู้ชายและผู้หญิงพร้อมฟังก์ชันวัดอัตราการเต้นของหัวใจและแสงสว่างในเวลากลางคืน","https://www.lazada.co.th/products/pdp-i16165963625.html",""
"1791089494-129","https://www.lazada.co.th/tag/samsung-galaxy-watch-ultra/?catalog_redirect_tag=true&page=5&q=samsung%20galaxy%20watch%20ultra","","Smart Watch Watch8 ultra นาฬิกาสมาร์ทวอชท์","฿260.00","Smart Watch Watch8 ultra นาฬิกาสมาร์ทวอชท์","https://www.lazada.co.th/products/pdp-i5708903310.html",""
"1791089496-130","https://www.lazada.co.th/tag/samsung-galaxy-watch-ultra/?catalog_redirect_tag=true&page=5&q=samsung%20galaxy%20watch%20ultra","","DUOHANZI นาฬิกาสมาร์ทวอชแฟชั่นสำหรับผู้ชายและผู้หญิงพร้อมฟังก์ชันวัดอัตราการเต้นของหัวใจและแสงสว่างในเวลากลางคืน","฿29.00","DUOHANZI นาฬิกาสมาร์ทวอชแฟชั่นสำหรับผู้ชายและผู้หญิงพร้อมฟังก์ชันวัดอัตราการเต้นของหัวใจและแสงสว่างในเวลากลางคืน","https://www.lazada.co.th/products/pdp-i16085520276.html","5"
"1791089498-131","https://www.lazada.co.th/tag/samsung-galaxy-watch-ultra/?catalog_redirect_tag=true&page=5&q=samsung%20galaxy%20watch%20ultra","","นาฬิกาสมาร์ทวอชพร้อมฟังก์ชันวัดหัวใจและนับก้าวสำหรับคนรักการออกกำลังกาย","฿15.00","นาฬิกาสมาร์ทวอชพร้อมฟังก์ชันวัดหัวใจและนับก้าวสำหรับคนรักการออกกำลังกาย","https://www.lazada.co.th/products/pdp-i16167692138.html","5"
"1791089500-132","https://www.lazada.co.th/tag/samsung-galaxy-watch-ultra/?catalog_redirect_tag=true&page=5&q=samsung%20galaxy%20watch%20ultra","","GOOJODOQ FB060 สมาร์ทวอทช์ Ip68 กันน้ำ Bluetooth Smartwatch เครื่องวัดสุขภาพ การจัดการฟิตเนส","฿760.32","GOOJODOQ FB060 สมาร์ทวอทช์ Ip68 กันน้ำ Bluetooth Smartwatch เครื่องวัดสุขภาพ การจัดการฟิตเนส","https://www.lazada.co.th/products/pdp-i16258964865.html","4.9"
"1791089503-133","https://www.lazada.co.th/tag/samsung-galaxy-watch-ultra/?catalog_redirect_tag=true&page=5&q=samsung%20galaxy%20watch%20ultra","","เคส Samsung Galaxy Fit 3 case กระจกนิรภัย เคสกระจก และเคส สําหรับ Samsung Galaxy Fit3 Smart Watch เคส PC galaxy watch Fit 3","฿59.00","เคส Samsung Galaxy Fit 3 case กระจกนิรภัย เคสกระจก และเคส สําหรับ Samsung Galaxy Fit3 Smart Watch เคส PC galaxy watch Fit 3","https://www.lazada.co.th/products/pdp-i5112366599.html","5"
"1791089505-134","https://www.lazada.co.th/tag/samsung-galaxy-watch-ultra/?catalog_redirect_tag=true&page=5&q=samsung%20galaxy%20watch%20ultra","","Samsung Galaxy Watch9 LTE","฿12,990.00","Samsung Galaxy Watch9 LTE","https://www.lazada.co.th/products/pdp-i16237942782.html","5"
"1791089507-135","https://www.lazada.co.th/tag/samsung-galaxy-watch-ultra/?catalog_redirect_tag=true&page=5&q=samsung%20galaxy%20watch%20ultra","","Linkee สมาร์ทวอทช์สำหรับผู้ชายผู้หญิง Y68สมาร์ทวอท์ชบลูทูธสายรัดข้อมือฟิตเนสความดันโลหิตเครื่องวัดชีพจรเล่นกีฬา","฿108.71","Linkee สมาร์ทวอทช์สำหรับผู้ชายผู้หญิง Y68สมาร์ทวอท์ชบลูทูธสายรัดข้อมือฟิตเนสความดันโลหิตเครื่องวัดชีพจรเล่นกีฬา","https://www.lazada.co.th/products/pdp-i5316556978.html","5"
"1791089509-136","https://www.lazada.co.th/tag/samsung-galaxy-watch-ultra/?catalog_redirect_tag=true&page=5&q=samsung%20galaxy%20watch%20ultra","","Smart Watch สมาร์ทวอทช์ นาฬิกาหน้าจอโค้ง 2.19''เบซิเยร์ พื้นผิว smartwatch นาฬิกาวิ่ง หน้าจอมาตรฐาน อะโดบี RGB","฿919.00","Smart Watch สมาร์ทวอทช์ นาฬิกาหน้าจอโค้ง 2.19''เบซิเยร์ พื้นผิว smartwatch นาฬิกาวิ่ง หน้าจอมาตรฐาน อะโดบี RGB","https://www.lazada.co.th/products/pdp-i6053197028.html","5"
"1791089511-137","https://www.lazada.co.th/tag/samsung-galaxy-watch-ultra/?catalog_redirect_tag=true&page=5&q=samsung%20galaxy%20watch%20ultra","","สาย Milanese สำหรับ Samsung Galaxy Watch 3 4 5 Pro Classic/Active 2/3/สายนาฬิกาเกียร์ S3สายนาฬิกาข้อมือชายแดนอัจฉริยะสร้อยข้อมือแม่เหล็กสายสำหรับ Huawei GT2 GT3 Amazfit Gts Gts Gts 2 Mini/bip U","฿39.25","สาย Milanese สำหรับ Samsung Galaxy Watch 3 4 5 Pro Classic/Active 2/3/สายนาฬิกาเกียร์ S3สายนาฬิกาข้อมือชายแดนอัจฉริยะสร้อยข้อมือแม่เหล็กสายสำหรับ Huawei GT2 GT3 Amazfit Gts Gts Gts 2 Mini/bip U","https://www.lazada.co.th/products/pdp-i4524096439.html","4.9"
"1791089514-138","https://www.lazada.co.th/tag/samsung-galaxy-watch-ultra/?catalog_redirect_tag=true&page=5&q=samsung%20galaxy%20watch%20ultra","","สายนาฬิกาซิลิโคนแม่เหล็กที่สามารถหายใจได้","฿252.00","สายนาฬิกาซิลิโคนแม่เหล็กที่สามารถหายใจได้","https://www.lazada.co.th/products/pdp-i16272284176.html",""
"1791089516-139","https://www.lazada.co.th/tag/samsung-galaxy-watch-ultra/?catalog_redirect_tag=true&page=5&q=samsung%20galaxy%20watch%20ultra","","เคสกระจกสําหรับ Samsung Galaxy Watch7 40mm/44mm เคส Galaxy Watch7 40mm/44mm เคสนาฬิกา Galaxy Watch 7 เคสนาฬิกา Watch7","฿59.00","เคสกระจกสําหรับ Samsung Galaxy Watch7 40mm/44mm เคส Galaxy Watch7 40mm/44mm เคสนาฬิกา Galaxy Watch 7 เคสนาฬิกา Watch7","https://www.lazada.co.th/products/pdp-i5282916601.html","4.9"
"1791089518-140","https://www.lazada.co.th/tag/samsung-galaxy-watch-ultra/?catalog_redirect_tag=true&page=5&q=samsung%20galaxy%20watch%20ultra","","[เคสแบบนุ่ม + สายนาฬิกา] เหมาะสำหรับ Samsung Galaxy Fit 3 SM-R390สายซิลิโคนสายรัดสำรอง","฿34.23","[เคสแบบนุ่ม + สายนาฬิกา] เหมาะสำหรับ Samsung Galaxy Fit 3 SM-R390สายซิลิโคนสายรัดสำรอง","https://www.lazada.co.th/products/pdp-i5752948488.html","5"
"1791089520-141","https://www.lazada.co.th/tag/samsung-galaxy-watch-ultra/?catalog_redirect_tag=true&page=5&q=samsung%20galaxy%20watch%20ultra","","3D ฟิล์มสำหรับapplewatch ultra 49มม ฟิล์มกันรอยใช้งานเหมือนฟิล์มกระจก film  smart watch  ultra 46/49mm45/44/41/40/49mm 3D","฿29.00","3D ฟิล์มสำหรับapplewatch ultra 49มม ฟิล์มกันรอยใช้งานเหมือนฟิล์มกระจก film  smart watch  ultra 46/49mm45/44/41/40/49mm 3D","https://www.lazada.co.th/products/pdp-i4594031781.html","4.9"
"1791089522-142","https://www.lazada.co.th/tag/samsung-galaxy-watch-ultra/?catalog_redirect_tag=true&page=5&q=samsung%20galaxy%20watch%20ultra","","20 มม.22 มม.นาฬิกา QUICK RELEASE สายหนังสําหรับ Samsung Galaxy Watch 3 Active2 40 44 มม.Huawei Watch GT 2 นาฬิกา 18 24 มม.","฿88.76","20 มม.22 มม.นาฬิกา QUICK RELEASE สายหนังสําหรับ Samsung Galaxy Watch 3 Active2 40 44 มม.Huawei Watch GT 2 นาฬิกา 18 24 มม.","https://www.lazada.co.th/products/pdp-i6071879079.html","5"
"1791089524-143","https://www.lazada.co.th/tag/samsung-galaxy-watch-ultra/?catalog_redirect_tag=true&page=5&q=samsung%20galaxy%20watch%20ultra","","【รองรับซิมการ์ด】HAU WEI S9 Ultra Smartwatch 5G ซิมการ์ดเวอร์ชันเซลลูล่าร์ RAM 4/64GB GPS จอแสดงผล AMOLED รับชม YouTube TikTok หน้าจอสัมผัสเต็มรูปแบบ IP68 กันน้ำ รองรับการโทรแบบฮอตสปอต การเล่นวิดีโอ กีฬา นาฬิกา ผู้ชาย ผู้หญิง นาฬิกาสำหรับผู้ชายและผู้หญิง","฿368.65","【รองรับซิมการ์ด】HAU WEI S9 Ultra Smartwatch 5G ซิมการ์ดเวอร์ชันเซลลูล่าร์ RAM 4/64GB GPS จอแสดงผล AMOLED รับชม YouTube TikTok หน้าจอสัมผัสเต็มรูปแบบ IP68 กันน้ำ รองรับการโทรแบบฮอตสปอต การเล่นวิดีโอ กีฬา นาฬิกา ผู้ชาย ผู้หญิง นาฬิกาสำหรับผู้ชายและผู้หญิง","https://www.lazada.co.th/products/pdp-i5970606944.html","5"
"1791089527-144","https://www.lazada.co.th/tag/samsung-galaxy-watch-ultra/?catalog_redirect_tag=true&page=5&q=samsung%20galaxy%20watch%20ultra","","นาฬิกาซัก 6 สาย 15 นาที หลายเกรด นาฬิกาซักเครื่องซักผ้า  Haier toshiba samsung panasonic ลานซัก","฿88.00","นาฬิกาซัก 6 สาย 15 นาที หลายเกรด นาฬิกาซักเครื่องซักผ้า  Haier toshiba samsung panasonic ลานซัก","https://www.lazada.co.th/products/pdp-i5870280885.html","5"
"1791089529-145","https://www.lazada.co.th/tag/samsung-galaxy-watch-ultra/?catalog_redirect_tag=true&page=5&q=samsung%20galaxy%20watch%20ultra","","สายซิลิโคนกีฬาขนาด 22 มิลลิเมตร อเนกประสงค์ สำหรับ Redmi Watch 5 Active Mi Watch 5 Lite Xiaomi S4 S3 S2 Amazfit Samsung Itel Aolon","฿49.00","สายซิลิโคนกีฬาขนาด 22 มิลลิเมตร อเนกประสงค์ สำหรับ Redmi Watch 5 Active Mi Watch 5 Lite Xiaomi S4 S3 S2 Amazfit Samsung Itel Aolon","https://www.lazada.co.th/products/pdp-i5738207050.html","4.9"
"1791089531-146","https://www.lazada.co.th/tag/samsung-galaxy-watch-ultra/?catalog_redirect_tag=true&page=5&q=samsung%20galaxy%20watch%20ultra","","สายนาฬิกาซิลิโคนแบบถอดง่าย18มม. 20มม. 22มม. 24มม.,สายรัดข้อมือแบบหัวเข็มขัดพับได้กันน้ำสำหรับ Hua Wei Samsung","฿66.09","สายนาฬิกาซิลิโคนแบบถอดง่าย18มม. 20มม. 22มม. 24มม.,สายรัดข้อมือแบบหัวเข็มขัดพับได้กันน้ำสำหรับ Hua Wei Samsung","https://www.lazada.co.th/products/pdp-i5299130289.html","4.9"
"1791089534-147","https://www.lazada.co.th/tag/samsung-galaxy-watch-ultra/?catalog_redirect_tag=true&page=5&q=samsung%20galaxy%20watch%20ultra","","casenana ฟิล์ม ฟิล์มกันรอย สำหรับ Samsung Galaxy Watch 8 Watch7 Ultra2025 Film Protection","฿49.00","casenana ฟิล์ม ฟิล์มกันรอย สำหรับ Samsung Galaxy Watch 8 Watch7 Ultra2025 Film Protection","https://www.lazada.co.th/products/pdp-i5813270524.html","5"
"1791089536-148","https://www.lazada.co.th/tag/samsung-galaxy-watch-ultra/?catalog_redirect_tag=true&page=5&q=samsung%20galaxy%20watch%20ultra","","Shopdodi ฟิล์ม สำหรับ Samsung Galaxy Watch8 Watch 8Classic Ultra2 Watch7 Watch FE Film ฟิล์มกันรอย","฿45.70","Shopdodi ฟิล์ม สำหรับ Samsung Galaxy Watch8 Watch 8Classic Ultra2 Watch7 Watch FE Film ฟิล์มกันรอย","https://www.lazada.co.th/products/pdp-i5279433621.html","4.8"
"1791089539-149","https://www.lazada.co.th/tag/samsung-galaxy-watch-ultra/?catalog_redirect_tag=true&page=5&q=samsung%20galaxy%20watch%20ultra","","film Galaxy Watch 7 40mm/44mm 3D TPU เต็มจอ ฟิล์มsamsung galaxy Watch 7Ultra  47mm ฟิล์มกันรอย","฿39.00","film Galaxy Watch 7 40mm/44mm 3D TPU เต็มจอ ฟิล์มsamsung galaxy Watch 7Ultra  47mm ฟิล์มกันรอย","https://www.lazada.co.th/products/pdp-i5271327828.html",""
"1791089541-150","https://www.lazada.co.th/tag/samsung-galaxy-watch-ultra/?catalog_redirect_tag=true&page=5&q=samsung%20galaxy%20watch%20ultra","","20mm 22mm สายนาฬิกาสำหรับ Redmi Watch 5 Active / Redmi Watch 5 Lite / Redmi Watch 3 Active / Samsung Galaxy Watch 7 6 5 4 Pro Classic 40mm 44mm 46mm 42mm 43mm 47mm Active 2เกียร์S3 Frontier / Huawei Watch GT 5 4 3 2 Pro / Realme Watch สายรัด","฿52.03","20mm 22mm สายนาฬิกาสำหรับ Redmi Watch 5 Active / Redmi Watch 5 Lite / Redmi Watch 3 Active / Samsung Galaxy Watch 7 6 5 4 Pro Classic 40mm 44mm 46mm 42mm 43mm 47mm Active 2เกียร์S3 Frontier / Huawei Watch GT 5 4 3 2 Pro / Realme Watch สายรัด","https://www.lazada.co.th/products/pdp-i4813700729.html",""
"1791089543-151","https://www.lazada.co.th/tag/samsung-galaxy-watch-ultra/?catalog_redirect_tag=true&page=5&q=samsung%20galaxy%20watch%20ultra","","ฟิล์มกระจกนิรภัยสำหรับ Samsung Galaxy Watch 8 Bands 44mm 40mm อุปกรณ์เสริมนาฬิกาอัจฉริยะ ฟิล์มกันรอยหน้าจอ HD ฟิล์มไฮดรอลิกสำหรับ Galaxy Watch 8 Classic 46mm ฝาครอบ","฿33.00","ฟิล์มกระจกนิรภัยสำหรับ Samsung Galaxy Watch 8 Bands 44mm 40mm อุปกรณ์เสริมนาฬิกาอัจฉริยะ ฟิล์มกันรอยหน้าจอ HD ฟิล์มไฮดรอลิกสำหรับ Galaxy Watch 8 Classic 46mm ฝาครอบ","https://www.lazada.co.th/products/pdp-i5818922813.html",""
"1791089545-152","https://www.lazada.co.th/tag/samsung-galaxy-watch-ultra/?catalog_redirect_tag=true&page=5&q=samsung%20galaxy%20watch%20ultra","","SPIGEN เคสสำหรับ Galaxy Watch Ultra 2 [Bezel Tune Pro] Sleek Case and Bezel Guard for Everyday Protection / เคส Galaxy Watch Ultra 2","฿1,251.00","SPIGEN เคสสำหรับ Galaxy Watch Ultra 2 [Bezel Tune Pro] Sleek Case and Bezel Guard for Everyday Protection / เคส Galaxy Watch Ultra 2","https://www.lazada.co.th/products/pdp-i16214501255.html",""
"1791089548-153","https://www.lazada.co.th/tag/samsung-galaxy-watch-ultra/?catalog_redirect_tag=true&page=5&q=samsung%20galaxy%20watch%20ultra","","ฟิล์มกระจก สำหรับนาฬิกา Garmin Forerunner 165 170 70 955 255 / Fenix 8 / Samsung Watch 7 8 9 / Huawei Gt6 Gt7 / imoo","฿60.00","ฟิล์มกระจก สำหรับนาฬิกา Garmin Forerunner 165 170 70 955 255 / Fenix 8 / Samsung Watch 7 8 9 / Huawei Gt6 Gt7 / imoo","https://www.lazada.co.th/products/pdp-i5930816108.html",""
"1791089550-154","https://www.lazada.co.th/tag/samsung-galaxy-watch-ultra/?catalog_redirect_tag=true&page=5&q=samsung%20galaxy%20watch%20ultra","","กระจก + เคสสำหรับ Samsung Galaxy Watch 7 40มม. 44มม. กันกระแทกรุนแรง PC ปกป้องหน้าจอฝาครอบ7","฿40.95","กระจก + เคสสำหรับ Samsung Galaxy Watch 7 40มม. 44มม. กันกระแทกรุนแรง PC ปกป้องหน้าจอฝาครอบ7","https://www.lazada.co.th/products/pdp-i5263877176.html",""
"1791089552-155","https://www.lazada.co.th/tag/samsung-galaxy-watch-ultra/?catalog_redirect_tag=true&page=5&q=samsung%20galaxy%20watch%20ultra","","สาย สําหรับ Samsung Galaxy Watch 8 Classic 46mm 40mm 44mm Ultra 2025 นาฬิกาอัจฉริยะ สายนาฬิกาข้อมือไนล่อน ผ้าแคนวาส","฿393.28","สาย สําหรับ Samsung Galaxy Watch 8 Classic 46mm 40mm 44mm Ultra 2025 นาฬิกาอัจฉริยะ สายนาฬิกาข้อมือไนล่อน ผ้าแคนวาส","https://www.lazada.co.th/products/pdp-i5823998126.html",""
"1791089554-156","https://www.lazada.co.th/tag/samsung-galaxy-watch-ultra/?catalog_redirect_tag=true&page=5&q=samsung%20galaxy%20watch%20ultra","","เคส Samsung Galaxy Watch 5 / Watch 4 40mm 44mm เคส ฟิล์มกระจก กรอบกันรอย ซัมซุง galaxy watch 5/4","฿59.00","เคส Samsung Galaxy Watch 5 / Watch 4 40mm 44mm เคส ฟิล์มกระจก กรอบกันรอย ซัมซุง galaxy watch 5/4","https://www.lazada.co.th/products/pdp-i5017329338.html",""
"1791089556-157","https://www.lazada.co.th/tag/samsung-galaxy-watch-ultra/?catalog_redirect_tag=true&page=5&q=samsung%20galaxy%20watch%20ultra","","สาย สำหรับ Samsung Galaxy Watch 8 Classic 46mm 40mm 44mm Ultra 2025 ต้นฉบับ สายรัดกีฬาซิลิโคน ยางสาย สร้อยข้อมืออุปกรณ์เสริม","฿167.56","สาย สำหรับ Samsung Galaxy Watch 8 Classic 46mm 40mm 44mm Ultra 2025 ต้นฉบับ สายรัดกีฬาซิลิโคน ยางสาย สร้อยข้อมืออุปกรณ์เสริม","https://www.lazada.co.th/products/pdp-i5814477604.html",""
"1791089559-158","https://www.lazada.co.th/tag/samsung-galaxy-watch-ultra/?catalog_redirect_tag=true&page=5&q=samsung%20galaxy%20watch%20ultra","","SPIGEN สายสำหรับ Galaxy Watch Ultra 2 / 1 [WBF1] Soft and Lightweight Band for All-Day Comfort / สาย Galaxy Watch Ultra 2 / 1","฿711.00","SPIGEN สายสำหรับ Galaxy Watch Ultra 2 / 1 [WBF1] Soft and Lightweight Band for All-Day Comfort / สาย Galaxy Watch Ultra 2 / 1","https://www.lazada.co.th/products/pdp-i16214435721.html",""
"1791089561-159","https://www.lazada.co.th/tag/samsung-galaxy-watch-ultra/?catalog_redirect_tag=true&page=5&q=samsung%20galaxy%20watch%20ultra","","Samsung ใหม่ สมาร์ทวอทช์ นาฬิกาสมาร์ทwatch นาฬิกา smart watch แท้  กีฬาฟิตเนสนาฬิกาสนับสนุน กันน้ำ รองรับ Android iOS","฿670.19","Samsung ใหม่ สมาร์ทวอทช์ นาฬิกาสมาร์ทwatch นาฬิกา smart watch แท้  กีฬาฟิตเนสนาฬิกาสนับสนุน กันน้ำ รองรับ Android iOS","https://www.lazada.co.th/products/pdp-i4762939681.html",""
"1791089563-160","https://www.lazada.co.th/tag/samsung-galaxy-watch-ultra/?catalog_redirect_tag=true&page=5&q=samsung%20galaxy%20watch%20ultra","","เคสป้องกันสำหรับนาฬิกา Samsung Galaxy 9 8 44มม. 40มม. 8 Classic 7 Ultra 2 47มม. กรอบป้องกัน9 44มม.","฿58.00","เคสป้องกันสำหรับนาฬิกา Samsung Galaxy 9 8 44มม. 40มม. 8 Classic 7 Ultra 2 47มม. กรอบป้องกัน9 44มม.","https://www.lazada.co.th/products/pdp-i16227315042.html",""
"1791089578-161","https://www.lazada.co.th/tag/samsung-galaxy-watch-ultra/?catalog_redirect_tag=true&page=5&q=samsung%20galaxy%20watch%20ultra","","STAR FRUIT นาฬิกาสมาร์ทวอชพร้อมฟังก์ชันวัดหัวใจและนับก้าวสำหรับคนรักการออกกำลังกาย","฿22.00","STAR FRUIT นาฬิกาสมาร์ทวอชพร้อมฟังก์ชันวัดหัวใจและนับก้าวสำหรับคนรักการออกกำลังกาย","https://www.lazada.co.th/products/pdp-i5712552699.html","4.4"
"1791089581-162","https://www.lazada.co.th/tag/samsung-galaxy-watch-ultra/?catalog_redirect_tag=true&page=5&q=samsung%20galaxy%20watch%20ultra","","H9 นาฬิกาอัจฉริยะสามารถรับสายได้ทุกเพศ, สมาร์ทวอท์ชกีฬา, ฟังก์ชั่นเตือนข้อความ, ควบคุมเพลงด้วยระบบอัจฉริยะสามารถใช้งานร่วมกับ","฿45.00","H9 นาฬิกาอัจฉริยะสามารถรับสายได้ทุกเพศ, สมาร์ทวอท์ชกีฬา, ฟังก์ชั่นเตือนข้อความ, ควบคุมเพลงด้วยระบบอัจฉริยะสามารถใช้งานร่วมกับ","https://www.lazada.co.th/products/pdp-i5599933678.html","4.6"
"1791089583-163","https://www.lazada.co.th/tag/samsung-galaxy-watch-ultra/?catalog_redirect_tag=true&page=5&q=samsung%20galaxy%20watch%20ultra","","สมาร์ทวอทช์ SmartWatch  &lt;จัดส่ง 24 ชั่วโมง&gt;นาฬิกาดิจิตอล LED แฟชั่นสายซิลิโคนผู้ชายและผู้หญิงนาฬิกาอิเล็กทรอนิกส์คู่สไตล์ย้อนยุคนาฬิกา ผู้หญิง","฿12.24","สมาร์ทวอทช์ SmartWatch  &lt;จัดส่ง 24 ชั่วโมง&gt;นาฬิกาดิจิตอล LED แฟชั่นสายซิลิโคนผู้ชายและผู้หญิงนาฬิกาอิเล็กทรอนิกส์คู่สไตล์ย้อนยุคนาฬิกา ผู้หญิง","https://www.lazada.co.th/products/pdp-i5954703585.html","4.4"
"1791089585-164","https://www.lazada.co.th/tag/samsung-galaxy-watch-ultra/?catalog_redirect_tag=true&page=5&q=samsung%20galaxy%20watch%20ultra","","สมาร์ตวอตช์พร้อมตัวนับเครื่องวัดชีพจรและตัวนับก้าวสำหรับผู้ที่ชื่นชอบการออกกำลังกาย","฿18.00","สมาร์ตวอตช์พร้อมตัวนับเครื่องวัดชีพจรและตัวนับก้าวสำหรับผู้ที่ชื่นชอบการออกกำลังกาย","https://www.lazada.co.th/products/pdp-i5773718439.html","4"
"1791089587-165","https://www.lazada.co.th/tag/samsung-galaxy-watch-ultra/?catalog_redirect_tag=true&page=5&q=samsung%20galaxy%20watch%20ultra","","Aolon Tetra R4 สมาร์ทวอทช์ 1.43 นิ้ว AOD ภาษาไทยเมนู การโทรบลูทูธ เข็มทิศ ไฟฉาย นาฬิกาข้อมือสำหรับกิจกรรมกลางแจ้ง ติดตามสุขภาพ กันน้ำ IP68 นาฬิกาสมาร์ทวอทช์ นาฬิกาข้อมือผู้ชาย AMOLED","฿1,299.00","Aolon Tetra R4 สมาร์ทวอทช์ 1.43 นิ้ว AOD ภาษาไทยเมนู การโทรบลูทูธ เข็มทิศ ไฟฉาย นาฬิกาข้อมือสำหรับกิจกรรมกลางแจ้ง ติดตามสุขภาพ กันน้ำ IP68 นาฬิกาสมาร์ทวอทช์ นาฬิกาข้อมือผู้ชาย AMOLED","https://www.lazada.co.th/products/pdp-i5466237172.html","4.9"
"1791089589-166","https://www.lazada.co.th/tag/samsung-galaxy-watch-ultra/?catalog_redirect_tag=true&page=5&q=samsung%20galaxy%20watch%20ultra","","AOJN สมาร์ทวอทช์ SmartWatch นาฬิกา LED ใหม่ P7 พร้อมปุ่มคู่ ดีไซน์ทันสมัยและสปอร์ต","฿17.34","AOJN สมาร์ทวอทช์ SmartWatch นาฬิกา LED ใหม่ P7 พร้อมปุ่มคู่ ดีไซน์ทันสมัยและสปอร์ต","https://www.lazada.co.th/products/pdp-i5844388396.html","4.4"
"1791089591-167","https://www.lazada.co.th/tag/samsung-galaxy-watch-ultra/?catalog_redirect_tag=true&page=5&q=samsung%20galaxy%20watch%20ultra","","Li-Ning สมาร์ทวอทช์ SmartWatch นาฬิกาดิจิตอลกีฬาสปอร์ตแบบกันน้ำและมีแสงสว่างในเวลากลางคืนที่เรียบง่ายและทันสมัย","฿11.76","Li-Ning สมาร์ทวอทช์ SmartWatch นาฬิกาดิจิตอลกีฬาสปอร์ตแบบกันน้ำและมีแสงสว่างในเวลากลางคืนที่เรียบง่ายและทันสมัย","https://www.lazada.co.th/products/pdp-i5958296083.html","4.4"
"1791089594-168","https://www.lazada.co.th/tag/samsung-galaxy-watch-ultra/?catalog_redirect_tag=true&page=5&q=samsung%20galaxy%20watch%20ultra","","Garmin Forerunner 165 การ์มิน นาฬิกาสมาร์ทวอชท์วิเคราะห์การวิ่ง (GARMIN by CMG)","฿6,890.00","Garmin Forerunner 165 การ์มิน นาฬิกาสมาร์ทวอชท์วิเคราะห์การวิ่ง (GARMIN by CMG)","https://www.lazada.co.th/products/pdp-i5082591652.html","5"
"1791089596-169","https://www.lazada.co.th/tag/samsung-galaxy-watch-ultra/?catalog_redirect_tag=true&page=5&q=samsung%20galaxy%20watch%20ultra","","T500Ultra สมาร์ทวอทช์พร้อมระบบติดตามการออกกำลังกายเครื่องวัดชีพจรและการควบคุมกล้องระยะไกล","฿115.00","T500Ultra สมาร์ทวอทช์พร้อมระบบติดตามการออกกำลังกายเครื่องวัดชีพจรและการควบคุมกล้องระยะไกล","https://www.lazada.co.th/products/pdp-i5773645545.html","4.6"
"1791089598-170","https://www.lazada.co.th/tag/samsung-galaxy-watch-ultra/?catalog_redirect_tag=true&page=5&q=samsung%20galaxy%20watch%20ultra","","Xiaomi smart watch สมาร์ทนาฬิกา นาฬิกาสมาร์ท นาฬิกาแบรนด์เดิม นาฬิกาผู้หญิง นาฬิกากีฬาผู้ชาย นาฬิกาเด็ก นาฬิกาผู้หญิง","฿388.10","Xiaomi smart watch สมาร์ทนาฬิกา นาฬิกาสมาร์ท นาฬิกาแบรนด์เดิม นาฬิกาผู้หญิง นาฬิกากีฬาผู้ชาย นาฬิกาเด็ก นาฬิกาผู้หญิง","https://www.lazada.co.th/products/pdp-i5694940647.html","4.9"
"1791089600-171","https://www.lazada.co.th/tag/samsung-galaxy-watch-ultra/?catalog_redirect_tag=true&page=5&q=samsung%20galaxy%20watch%20ultra","","TAIDU  นาฬิกาสมาร์ทวอช T500Ultra พร้อมฟังก์ชันติดตามสุขภาพ การตรวจสอบอัตราการเต้นของหัวใจ และการควบคุมกล้องระยะไกล","฿117.00","TAIDU  นาฬิกาสมาร์ทวอช T500Ultra พร้อมฟังก์ชันติดตามสุขภาพ การตรวจสอบอัตราการเต้นของหัวใจ และการควบคุมกล้องระยะไกล","https://www.lazada.co.th/products/pdp-i5819223496.html","4.7"
"1791089602-172","https://www.lazada.co.th/tag/samsung-galaxy-watch-ultra/?catalog_redirect_tag=true&page=5&q=samsung%20galaxy%20watch%20ultra","","นาฬิกาสมาร์ทวอชแฟชั่นสำหรับผู้ชายและผู้หญิงพร้อมฟังก์ชันวัดอัตราการเต้นของหัวใจและแสงสว่างในเวลากลางคืน","฿23.00","นาฬิกาสมาร์ทวอชแฟชั่นสำหรับผู้ชายและผู้หญิงพร้อมฟังก์ชันวัดอัตราการเต้นของหัวใจและแสงสว่างในเวลากลางคืน","https://www.lazada.co.th/products/pdp-i16166756286.html","5"
"1791089604-173","https://www.lazada.co.th/tag/samsung-galaxy-watch-ultra/?catalog_redirect_tag=true&page=5&q=samsung%20galaxy%20watch%20ultra","","VINTLOOK นาฬิกา,นาฬิกา,นาฬิกาดิจิตอล,สายรัดข้อมือกันน้ำ LED สี่เหลี่ยม สมาร์ตวอตช์ พร้อมเครื่องวัดชีพจรและเคาน์เตอร์นับก้าวสำหรับผู้ที่ชื่นชอบการออกกำลังกาย","฿10.31","VINTLOOK นาฬิกา,นาฬิกา,นาฬิกาดิจิตอล,สายรัดข้อมือกันน้ำ LED สี่เหลี่ยม สมาร์ตวอตช์ พร้อมเครื่องวัดชีพจรและเคาน์เตอร์นับก้าวสำหรับผู้ที่ชื่นชอบการออกกำลังกาย","https://www.lazada.co.th/products/pdp-i5622494395.html","4.4"
"1791089607-174","https://www.lazada.co.th/tag/samsung-galaxy-watch-ultra/?catalog_redirect_tag=true&page=5&q=samsung%20galaxy%20watch%20ultra","","SPIGEN 2 Pack ฟิล์มกระจกสำหรับ Galaxy Watch Ultra 2 [Glas.tR EZ Fit] Less Time, Guaranteed Alignment / ฟิล์ม Galaxy Watch Ultra 2","฿490.00","SPIGEN 2 Pack ฟิล์มกระจกสำหรับ Galaxy Watch Ultra 2 [Glas.tR EZ Fit] Less Time, Guaranteed Alignment / ฟิล์ม Galaxy Watch Ultra 2","https://www.lazada.co.th/products/pdp-i16214463232.html","5"
"1791089609-175","https://www.lazada.co.th/tag/samsung-galaxy-watch-ultra/?catalog_redirect_tag=true&page=5&q=samsung%20galaxy%20watch%20ultra","","AOJN สมาร์ทวอทช์ SmartWatchนาฬิกาวินเทจ, โรมัน, ผู้หญิงนักเรียนอารมณ์เรียบง่ายนาฬิกาผู้หญิง","฿17.34","AOJN สมาร์ทวอทช์ SmartWatchนาฬิกาวินเทจ, โรมัน, ผู้หญิงนักเรียนอารมณ์เรียบง่ายนาฬิกาผู้หญิง","https://www.lazada.co.th/products/pdp-i16079180162.html","4.7"
"1791089611-176","https://www.lazada.co.th/tag/samsung-galaxy-watch-ultra/?catalog_redirect_tag=true&page=5&q=samsung%20galaxy%20watch%20ultra","","AXON Moni Health V.3  Smart Watch คุยสายได้ กันน้ำ กันเหงื่อ จอ 1.83"" สัมผัส Full Screen แบตอึด ประกัน 2 ปี","฿790.00","AXON Moni Health V.3  Smart Watch คุยสายได้ กันน้ำ กันเหงื่อ จอ 1.83"" สัมผัส Full Screen แบตอึด ประกัน 2 ปี","https://www.lazada.co.th/products/pdp-i5948363577.html","5"
"1791089613-177","https://www.lazada.co.th/tag/samsung-galaxy-watch-ultra/?catalog_redirect_tag=true&page=5&q=samsung%20galaxy%20watch%20ultra","","Aolon GT6 Pro นาฬิกาอัจฉริยะผู้ชาย นาฬิกากลางแจ้งระดับมืออาชีพ วัดอัตราการเต้นหัวใจ ออกซิเจนในเลือด ติดตามการนอน หน้าจอ AMOLED คมชัด ไฟฉายในตัว กันน้ำ 1ATM แบตอึด","฿1,449.00","Aolon GT6 Pro นาฬิกาอัจฉริยะผู้ชาย นาฬิกากลางแจ้งระดับมืออาชีพ วัดอัตราการเต้นหัวใจ ออกซิเจนในเลือด ติดตามการนอน หน้าจอ AMOLED คมชัด ไฟฉายในตัว กันน้ำ 1ATM แบตอึด","https://www.lazada.co.th/products/pdp-i6071601208.html","4.9"
"1791089615-178","https://www.lazada.co.th/tag/samsung-galaxy-watch-ultra/?catalog_redirect_tag=true&page=5&q=samsung%20galaxy%20watch%20ultra","","[ใหม่ล่าสุด] Xiaomi Mi band 11 active นาฬิกาสมาร์ทวอทช์ จอแสดงผล 1.47"" การวัดออกซิเจนในเลือด smart watch","฿999.00","[ใหม่ล่าสุด] Xiaomi Mi band 11 active นาฬิกาสมาร์ทวอทช์ จอแสดงผล 1.47"" การวัดออกซิเจนในเลือด smart watch","https://www.lazada.co.th/products/pdp-i4989376952.html","4.9"
"1791089617-179","https://www.lazada.co.th/tag/samsung-galaxy-watch-ultra/?catalog_redirect_tag=true&page=5&q=samsung%20galaxy%20watch%20ultra","","SAMSUNG Galaxy Fit3 สมาร์ทวอทช์ รุ่น SSG-SM-R390NIDAASA รุ่น SSG-SM-R390NZAAASA รุ่น SSG-SM-R390NZSAASA","฿1,980.00","SAMSUNG Galaxy Fit3 สมาร์ทวอทช์ รุ่น SSG-SM-R390NIDAASA รุ่น SSG-SM-R390NZAAASA รุ่น SSG-SM-R390NZSAASA","https://www.lazada.co.th/products/pdp-i5834389823.html",""
"1791089620-180","https://www.lazada.co.th/tag/samsung-galaxy-watch-ultra/?catalog_redirect_tag=true&page=5&q=samsung%20galaxy%20watch%20ultra","","Clemine นาฬิกาดิจิตอลแฟชั่นสำหรับวัยรุ่น พร้อมติดตามอัตราการเต้นของหัวใจ กันน้ำและหน้าจอเรืองแสงในที่มืด","฿15.00","Clemine นาฬิกาดิจิตอลแฟชั่นสำหรับวัยรุ่น พร้อมติดตามอัตราการเต้นของหัวใจ กันน้ำและหน้าจอเรืองแสงในที่มืด","https://www.lazada.co.th/products/pdp-i5995844501.html","4.6"
"1791089622-181","https://www.lazada.co.th/tag/samsung-galaxy-watch-ultra/?catalog_redirect_tag=true&page=5&q=samsung%20galaxy%20watch%20ultra","","【COD】นาฬิกาสมาร์ทวอทช์ S10 Pro Max หน้าจอเต็ม 2.3 นิ้ว กันน้ำระดับ IP68 โทรออกและเปลี่ยนวอลเปเปอร์ได้ วัดอัตราการเต้นของหัวใจ ความดันโลหิต นาฬิกาสมาร์ทวอทช์","฿375.46","【COD】นาฬิกาสมาร์ทวอทช์ S10 Pro Max หน้าจอเต็ม 2.3 นิ้ว กันน้ำระดับ IP68 โทรออกและเปลี่ยนวอลเปเปอร์ได้ วัดอัตราการเต้นของหัวใจ ความดันโลหิต นาฬิกาสมาร์ทวอทช์","https://www.lazada.co.th/products/pdp-i5875948584.html","4.8"
"1791089624-182","https://www.lazada.co.th/tag/samsung-galaxy-watch-ultra/?catalog_redirect_tag=true&page=5&q=samsung%20galaxy%20watch%20ultra","","GARMIN นาฬิกา smart watch แท้ ของแท้ สมาร์ทวอทช์ smart watch นาฬิกาสมาร์ทwatch สมาร์ทนาฬิกากีฬาฟิตเนสนาฬิกาแท้ รองรับการโทรด้วยบลูทูธ การแจ้งเตือนข้อความ, การนับก้าวการออกกำลังกาย Android IOS","฿751.51","GARMIN นาฬิกา smart watch แท้ ของแท้ สมาร์ทวอทช์ smart watch นาฬิกาสมาร์ทwatch สมาร์ทนาฬิกากีฬาฟิตเนสนาฬิกาแท้ รองรับการโทรด้วยบลูทูธ การแจ้งเตือนข้อความ, การนับก้าวการออกกำลังกาย Android IOS","https://www.lazada.co.th/products/pdp-i4748876637.html","4.6"
"1791089626-183","https://www.lazada.co.th/tag/samsung-galaxy-watch-ultra/?catalog_redirect_tag=true&page=5&q=samsung%20galaxy%20watch%20ultra","","ไขควง 5 ใน 1 หัวแม่เหล็ก ปลาย ชุบแข็ง สำหรับ ซ่อม iPhone Samsung - 5 in 1 Screwdriver Disassemble for iPhone Apple Watch Samsung Macbook","฿25.00","ไขควง 5 ใน 1 หัวแม่เหล็ก ปลาย ชุบแข็ง สำหรับ ซ่อม iPhone Samsung - 5 in 1 Screwdriver Disassemble for iPhone Apple Watch Samsung Macbook","https://www.lazada.co.th/products/pdp-i5067830188.html","4.8"
"1791089628-184","https://www.lazada.co.th/tag/samsung-galaxy-watch-ultra/?catalog_redirect_tag=true&page=5&q=samsung%20galaxy%20watch%20ultra","","แบตเตอรี่ EB-BR830ABY For Samsung Galaxy Watch 3(41mm) SM-R855E Watch Active 2 (40mm) SM-R830 SM-R835 SM-R835U","฿240.00","แบตเตอรี่ EB-BR830ABY For Samsung Galaxy Watch 3(41mm) SM-R855E Watch Active 2 (40mm) SM-R830 SM-R835 SM-R835U","https://www.lazada.co.th/products/pdp-i16140596627.html","5"
"1791089630-185","https://www.lazada.co.th/tag/samsung-galaxy-watch-ultra/?catalog_redirect_tag=true&page=5&q=samsung%20galaxy%20watch%20ultra","","Smartwatch N8 Max 2025 สมาร์ทวอทช์ นาฬิกาคู่ นาฬิกาสตรีจอใหญ่ ตรวจวัดความดันและอัตราการเต้นหัวใจ รุ่นใหม่ล่าสุด พร้อมระบบ COD","฿381.68","Smartwatch N8 Max 2025 สมาร์ทวอทช์ นาฬิกาคู่ นาฬิกาสตรีจอใหญ่ ตรวจวัดความดันและอัตราการเต้นหัวใจ รุ่นใหม่ล่าสุด พร้อมระบบ COD","https://www.lazada.co.th/products/pdp-i6000950906.html","4.6"
"1791089633-186","https://www.lazada.co.th/tag/samsung-galaxy-watch-ultra/?catalog_redirect_tag=true&page=5&q=samsung%20galaxy%20watch%20ultra","","AOJN สมาร์ทวอทช์ SmartWatch【จัดส่งในท้องถิ่นในประเทศไทย】นาฬิกาดิจิตอล LED แฟชั่นสายซิลิโคนผู้ชายและผู้หญิงนาฬิกาอิเล็กทรอนิกส์คู่สไตล์ย้อนยุคนาฬิกา ผู้หญิง","฿11.76","AOJN สมาร์ทวอทช์ SmartWatch【จัดส่งในท้องถิ่นในประเทศไทย】นาฬิกาดิจิตอล LED แฟชั่นสายซิลิโคนผู้ชายและผู้หญิงนาฬิกาอิเล็กทรอนิกส์คู่สไตล์ย้อนยุคนาฬิกา ผู้หญิง","https://www.lazada.co.th/products/pdp-i5831825477.html","4.5"
"1791089635-187","https://www.lazada.co.th/tag/samsung-galaxy-watch-ultra/?catalog_redirect_tag=true&page=5&q=samsung%20galaxy%20watch%20ultra","","Li-Ning สมาร์ทวอทช์ SmartWatch นาฬิกาสมาร์ทวอชแฟชั่นสำหรับผู้ชายและผู้หญิงพร้อมฟังก์ชันวัดอัตราการเต้นของหัวใจและแสงสว่างในเวลากลางคืน","฿11.76","Li-Ning สมาร์ทวอทช์ SmartWatch นาฬิกาสมาร์ทวอชแฟชั่นสำหรับผู้ชายและผู้หญิงพร้อมฟังก์ชันวัดอัตราการเต้นของหัวใจและแสงสว่างในเวลากลางคืน","https://www.lazada.co.th/products/pdp-i5958549172.html","4.3"
"1791089637-188","https://www.lazada.co.th/tag/samsung-galaxy-watch-ultra/?catalog_redirect_tag=true&page=5&q=samsung%20galaxy%20watch%20ultra","","Samsung Watch Charger Magnetic Wireless Charger สาย USB C สำหรับ Galaxy WATCH 6 classic/ 6/5 pro/ 5/4/4 classic/ 3 /active 2 /active Type C Fast CHARGING Dock Charger ADAPTER CABLE (1M))","฿138.00","Samsung Watch Charger Magnetic Wireless Charger สาย USB C สำหรับ Galaxy WATCH 6 classic/ 6/5 pro/ 5/4/4 classic/ 3 /active 2 /active Type C Fast CHARGING Dock Charger ADAPTER CABLE (1M))","https://www.lazada.co.th/products/pdp-i5164726579.html","4.7"
"1791089639-189","https://www.lazada.co.th/tag/samsung-galaxy-watch-ultra/?catalog_redirect_tag=true&page=5&q=samsung%20galaxy%20watch%20ultra","","GOOJODOQ 700mAh smartwatch 2.01 ""HD จอแสดงผลขนาดใหญ่ 24/7 การตรวจสอบสุขภาพ 3D Dynamic Cube UI การแจ้งเตือนอัจฉริยะและการโทร","฿592.00","GOOJODOQ 700mAh smartwatch 2.01 ""HD จอแสดงผลขนาดใหญ่ 24/7 การตรวจสอบสุขภาพ 3D Dynamic Cube UI การแจ้งเตือนอัจฉริยะและการโทร","https://www.lazada.co.th/products/pdp-i5989691488.html","4.9"
"1791089641-190","https://www.lazada.co.th/tag/samsung-galaxy-watch-ultra/?catalog_redirect_tag=true&page=5&q=samsung%20galaxy%20watch%20ultra","","brim | ที่ชาร์จแบบแม่เหล็กสำหรับ Samsung Galaxy Watch","฿118.00","brim | ที่ชาร์จแบบแม่เหล็กสำหรับ Samsung Galaxy Watch","https://www.lazada.co.th/products/pdp-i6061803433.html","4.6"
"1791089644-191","https://www.lazada.co.th/tag/samsung-galaxy-watch-ultra/?catalog_redirect_tag=true&page=5&q=samsung%20galaxy%20watch%20ultra","","Samsung Galaxy Watch7 AI สมาร์ทวอทช์ ระบบบลูทูธ 40MM,44MM","฿4,990.00","Samsung Galaxy Watch7 AI สมาร์ทวอทช์ ระบบบลูทูธ 40MM,44MM","https://www.lazada.co.th/products/pdp-i5223874171.html","5"
"1791089646-192","https://www.lazada.co.th/tag/samsung-galaxy-watch-ultra/?catalog_redirect_tag=true&page=5&q=samsung%20galaxy%20watch%20ultra","","LIGE สมาร์ทวอท์ชดั้งเดิมสำหรับผู้ชายและผู้หญิงโทรไร้สายผู้ช่วยเสียงสายรัดข้อมือฟิตเนสสุขภาพกันน้ำได้50เมตรนาฬิกากีฬาหลากหลายโหมด","฿669.00","LIGE สมาร์ทวอท์ชดั้งเดิมสำหรับผู้ชายและผู้หญิงโทรไร้สายผู้ช่วยเสียงสายรัดข้อมือฟิตเนสสุขภาพกันน้ำได้50เมตรนาฬิกากีฬาหลากหลายโหมด","https://www.lazada.co.th/products/pdp-i5654020343.html","5"
"1791089648-193","https://www.lazada.co.th/tag/samsung-galaxy-watch-ultra/?catalog_redirect_tag=true&page=5&q=samsung%20galaxy%20watch%20ultra","","AOJN สมาร์ทวอทช์ SmartWatch【จัดส่งในท้องถิ่นในประเทศไทย】Jam Tangan Digital ปุ่มไฟไฟ LED กลางคืนแบบใหม่สำหรับกีฬากลางแจ้งและเทรนด์แฟชั่น","฿17.34","AOJN สมาร์ทวอทช์ SmartWatch【จัดส่งในท้องถิ่นในประเทศไทย】Jam Tangan Digital ปุ่มไฟไฟ LED กลางคืนแบบใหม่สำหรับกีฬากลางแจ้งและเทรนด์แฟชั่น","https://www.lazada.co.th/products/pdp-i5831704976.html","4.5"
"1791089650-194","https://www.lazada.co.th/tag/samsung-galaxy-watch-ultra/?catalog_redirect_tag=true&page=5&q=samsung%20galaxy%20watch%20ultra","","Muse Harbor  นาฬิกาสมาร์ทวอชแฟชั่นสำหรับผู้ชายและผู้หญิงพร้อมฟังก์ชันวัดอัตราการเต้นของหัวใจและแสงสว่างในเวลากลางคืน","฿12.00","Muse Harbor  นาฬิกาสมาร์ทวอชแฟชั่นสำหรับผู้ชายและผู้หญิงพร้อมฟังก์ชันวัดอัตราการเต้นของหัวใจและแสงสว่างในเวลากลางคืน","https://www.lazada.co.th/products/pdp-i16164451142.html","4.7"
"1791089653-195","https://www.lazada.co.th/tag/samsung-galaxy-watch-ultra/?catalog_redirect_tag=true&page=5&q=samsung%20galaxy%20watch%20ultra","","LIGE สมาร์ทวอท์ชกันน้ำอเนกประสงค์สำหรับผู้ชายและผู้หญิงสายรัดข้อมือฟิตเนสกันน้ำระดับโทรผ่านบลูทูธและอัตราการคลื่นหัวใจ","฿489.00","LIGE สมาร์ทวอท์ชกันน้ำอเนกประสงค์สำหรับผู้ชายและผู้หญิงสายรัดข้อมือฟิตเนสกันน้ำระดับโทรผ่านบลูทูธและอัตราการคลื่นหัวใจ","https://www.lazada.co.th/products/pdp-i5340330541.html","4.8"
"1791089655-196","https://www.lazada.co.th/tag/samsung-galaxy-watch-ultra/?catalog_redirect_tag=true&page=5&q=samsung%20galaxy%20watch%20ultra","","เครื่องชาร์จแม่เหล็กแบบเร็ว for Samsung Galaxy Watch 8 Classic 46mm 8 7 40mm 44mm ชาร์จเร็ว For Samsung Watch Ultra 2025 Ultra 47mm แท่นชาร์จแท่นยึด","฿192.59","เครื่องชาร์จแม่เหล็กแบบเร็ว for Samsung Galaxy Watch 8 Classic 46mm 8 7 40mm 44mm ชาร์จเร็ว For Samsung Watch Ultra 2025 Ultra 47mm แท่นชาร์จแท่นยึด","https://www.lazada.co.th/products/pdp-i5259948965.html","4.9"
"1791089657-197","https://www.lazada.co.th/tag/samsung-galaxy-watch-ultra/?catalog_redirect_tag=true&page=5&q=samsung%20galaxy%20watch%20ultra","","[รุ่นขายดี] Well Mi UP3 Smartwatch นาฬิกาสุขภาพ ความดัน ก้าวเดิน ออกกำลังกาย การนอน รับสายโทรออก","฿3,390.00","[รุ่นขายดี] Well Mi UP3 Smartwatch นาฬิกาสุขภาพ ความดัน ก้าวเดิน ออกกำลังกาย การนอน รับสายโทรออก","https://www.lazada.co.th/products/pdp-i5919102681.html","4.9"
"1791089659-198","https://www.lazada.co.th/tag/samsung-galaxy-watch-ultra/?catalog_redirect_tag=true&page=5&q=samsung%20galaxy%20watch%20ultra","","SAMSUNG สมาร์ทวอทช์ นาฬิกาสมาร์ทwatch นาฬิกาออกกำลังกาย นาฬิกาสุขภาพ รองรับการโทรด้วยบลูทูธ การแจ้งเตือนข้อความ, การนับก้าวการออกกำลังกาย Android และ IOS IP67กันน้ำหลายโหมดกีฬานาฬิกา","฿689.64","SAMSUNG สมาร์ทวอทช์ นาฬิกาสมาร์ทwatch นาฬิกาออกกำลังกาย นาฬิกาสุขภาพ รองรับการโทรด้วยบลูทูธ การแจ้งเตือนข้อความ, การนับก้าวการออกกำลังกาย Android และ IOS IP67กันน้ำหลายโหมดกีฬานาฬิกา","https://www.lazada.co.th/products/pdp-i4731296099.html","4.8"
"1791089661-199","https://www.lazada.co.th/tag/samsung-galaxy-watch-ultra/?catalog_redirect_tag=true&page=5&q=samsung%20galaxy%20watch%20ultra","","เคสกันรอย Samsung Galaxy Watch 7 40mm 44mm Watch7 แบบนิ่ม TPU แบบแข็ง PC ปิดหน้าจอ","฿59.00","เคสกันรอย Samsung Galaxy Watch 7 40mm 44mm Watch7 แบบนิ่ม TPU แบบแข็ง PC ปิดหน้าจอ","https://www.lazada.co.th/products/pdp-i5287839415.html","4.9"
"1791089664-200","https://www.lazada.co.th/tag/samsung-galaxy-watch-ultra/?catalog_redirect_tag=true&page=5&q=samsung%20galaxy%20watch%20ultra","","ฟิล์มกระจก โฟกัส Focus Galaxy watch ultra 2 / 9 8 7 6 5 4 40 / 44 / classic 46 / 47 Ultra 2025 / FE clear Tempered glass ฟิล์ม","฿79.00","ฟิล์มกระจก โฟกัส Focus Galaxy watch ultra 2 / 9 8 7 6 5 4 40 / 44 / classic 46 / 47 Ultra 2025 / FE clear Tempered glass ฟิล์ม","https://www.lazada.co.th/products/pdp-i3167469565.html","4.9"
