web_scraper_order,web_scraper_start_url,product_name ,price,historical_sold,item_page_title,item_page_link,rating_score
"1791042959-1","https://www.lazada.co.th/catalog/?page=5&q=HUAWEI%20WATCH%20GT%205&spm=a2o4m.searchlist.search.d_go.220d7da9CD0gPx","2023 New For Huawei GT4 Pro Smart Watch Men IP68 NFC GPS Tracker AMOLED 360*360 HD Screen Heart Rate Bluetooth Call SmartWatch","฿1,104.86","9 sold","2023 New For Huawei GT4 Pro Smart Watch Men IP68 NFC GPS Tracker AMOLED 360*360 HD Screen Heart Rate Bluetooth Call SmartWatch","https://www.lazada.co.th/products/pdp-i5007933579.html",""
"1791042962-2","https://www.lazada.co.th/catalog/?page=5&q=HUAWEI%20WATCH%20GT%205&spm=a2o4m.searchlist.search.d_go.220d7da9CD0gPx","CASIO STANDART รุ่น F91 F91W-1 F-91W-3 F-91WG-9 F-94WA-9 F-94W-8 รับประกันศูนย์ 1 ปี","฿590.00","166 sold","CASIO STANDART รุ่น F91 F91W-1 F-91W-3 F-91WG-9 F-94WA-9 F-94W-8 รับประกันศูนย์ 1 ปี","https://www.lazada.co.th/products/pdp-i5318188411.html","5"
"1791042964-3","https://www.lazada.co.th/catalog/?page=5&q=HUAWEI%20WATCH%20GT%205&spm=a2o4m.searchlist.search.d_go.220d7da9CD0gPx","LIGE | LIGE แฟชั่น 700mAh สมาร์ทวอทช์ 1.83"" HD กันน้ำอัตราการเต้นของหัวใจเครื่องวัดออกซิเจนในเลือดกีฬาฟิตเนสบลูทูธสมาร์ทวอทช์ผู้ชาย","฿901.11","","LIGE | LIGE แฟชั่น 700mAh สมาร์ทวอทช์ 1.83"" HD กันน้ำอัตราการเต้นของหัวใจเครื่องวัดออกซิเจนในเลือดกีฬาฟิตเนสบลูทูธสมาร์ทวอทช์ผู้ชาย","https://www.lazada.co.th/products/pdp-i16261014075.html",""
"1791042966-4","https://www.lazada.co.th/catalog/?page=5&q=HUAWEI%20WATCH%20GT%205&spm=a2o4m.searchlist.search.d_go.220d7da9CD0gPx","LIGE Women Smart Watch Bluetooth Call Connected Phone Music Fitness Sports Bracelet Sleep Monitor 1.83inch Lady Smartwatch + Box","฿349.00","620 sold","LIGE Women Smart Watch Bluetooth Call Connected Phone Music Fitness Sports Bracelet Sleep Monitor 1.83inch Lady Smartwatch + Box","https://www.lazada.co.th/products/pdp-i4769346977.html",""
"1791042968-5","https://www.lazada.co.th/catalog/?page=5&q=HUAWEI%20WATCH%20GT%205&spm=a2o4m.searchlist.search.d_go.220d7da9CD0gPx","LIGE Smart Watch Women Bluetooth Call Voice Assistant Health and Fitness Tracker Waterproof  Sport Watches Unisex","฿389.00","","LIGE Smart Watch Women Bluetooth Call Voice Assistant Health and Fitness Tracker Waterproof  Sport Watches Unisex","https://www.lazada.co.th/products/pdp-i5943029201.html",""
"1791042971-6","https://www.lazada.co.th/catalog/?page=5&q=HUAWEI%20WATCH%20GT%205&spm=a2o4m.searchlist.search.d_go.220d7da9CD0gPx","สมาร์ทวอทช์ 5 โปร จีพีเอส เอ็นเอฟซีสมาร์ทวอทช์ผู้ชาย 360*360 หน้าจอ AMOLED เครื่องวัดอัตราการเต้นของหัวใจบลูทูธโทร IP67 กันน้ำผู้ชายสมาร์ทวอทช์","฿555.13","","สมาร์ทวอทช์ 5 โปร จีพีเอส เอ็นเอฟซีสมาร์ทวอทช์ผู้ชาย 360*360 หน้าจอ AMOLED เครื่องวัดอัตราการเต้นของหัวใจบลูทูธโทร IP67 กันน้ำผู้ชายสมาร์ทวอทช์","https://www.lazada.co.th/products/pdp-i16245998454.html","5"
"1791042973-7","https://www.lazada.co.th/catalog/?page=5&q=HUAWEI%20WATCH%20GT%205&spm=a2o4m.searchlist.search.d_go.220d7da9CD0gPx","Kstarhare Durable D18 Smart Watch - Features Heart Rate Meter, Step Tracking, and a Sleek Round TFT Screen for Active Lifestyles","฿93.10","89 sold","Kstarhare Durable D18 Smart Watch - Features Heart Rate Meter, Step Tracking, and a Sleek Round TFT Screen for Active Lifestyles","https://www.lazada.co.th/products/pdp-i5732204701.html","4.7"
"1791042975-8","https://www.lazada.co.th/catalog/?page=5&q=HUAWEI%20WATCH%20GT%205&spm=a2o4m.searchlist.search.d_go.220d7da9CD0gPx","Cross-Border Hot Model Y13 Smart Watch 1.83 นิ้วสร้อยข้อมือโทรหาหน้าจอสัมผัสอัตราการเต้นของหัวใจ H13 สมาร์ทสมาร์ท GC-TH","฿325.00","","Cross-Border Hot Model Y13 Smart Watch 1.83 นิ้วสร้อยข้อมือโทรหาหน้าจอสัมผัสอัตราการเต้นของหัวใจ H13 สมาร์ทสมาร์ท GC-TH","https://www.lazada.co.th/products/pdp-i5763411725.html",""
"1791042977-9","https://www.lazada.co.th/catalog/?page=5&q=HUAWEI%20WATCH%20GT%205&spm=a2o4m.searchlist.search.d_go.220d7da9CD0gPx","SMART WATCH T900 PROMAX L  แถมสาย+เคส+ฟิล์ม ประกัน7วัน ส่งจากไทย","฿299.00","","SMART WATCH T900 PROMAX L  แถมสาย+เคส+ฟิล์ม ประกัน7วัน ส่งจากไทย","https://www.lazada.co.th/products/pdp-i4516958666.html",""
"1791042980-10","https://www.lazada.co.th/catalog/?page=5&q=HUAWEI%20WATCH%20GT%205&spm=a2o4m.searchlist.search.d_go.220d7da9CD0gPx","OURUNZHE นาฬิกาสมาร์ทวอชแฟชั่นสำหรับผู้ชายและผู้หญิงพร้อมฟังก์ชันวัดอัตราการเต้นของหัวใจและแสงสว่างในเวลากลางคืน","฿34.00","163 sold","OURUNZHE นาฬิกาสมาร์ทวอชแฟชั่นสำหรับผู้ชายและผู้หญิงพร้อมฟังก์ชันวัดอัตราการเต้นของหัวใจและแสงสว่างในเวลากลางคืน","https://www.lazada.co.th/products/pdp-i5976286084.html","5"
"1791042982-11","https://www.lazada.co.th/catalog/?page=5&q=HUAWEI%20WATCH%20GT%205&spm=a2o4m.searchlist.search.d_go.220d7da9CD0gPx","LIGE Smart Watch for Men and Women Bluetooth Call and 100+ Sports Modes Heart Rate Waterproof Health Tracker","฿739.00","5 sold","LIGE Smart Watch for Men and Women Bluetooth Call and 100+ Sports Modes Heart Rate Waterproof Health Tracker","https://www.lazada.co.th/products/pdp-i5407811803.html","5"
"1791042984-12","https://www.lazada.co.th/catalog/?page=5&q=HUAWEI%20WATCH%20GT%205&spm=a2o4m.searchlist.search.d_go.220d7da9CD0gPx","2026 ใหม่สมาร์ทวอทช์บลูทูธโทร GPS อัตราการเต้นของหัวใจ&การตรวจสอบการนอนหลับผู้ช่วยเสียงผู้ชายผู้หญิง IP68 กันน้ำสมาร์ทวอทช์ MA27","฿516.19","","2026 ใหม่สมาร์ทวอทช์บลูทูธโทร GPS อัตราการเต้นของหัวใจ&การตรวจสอบการนอนหลับผู้ช่วยเสียงผู้ชายผู้หญิง IP68 กันน้ำสมาร์ทวอทช์ MA27","https://www.lazada.co.th/products/pdp-i16245557189.html",""
"1791042986-13","https://www.lazada.co.th/catalog/?page=5&q=HUAWEI%20WATCH%20GT%205&spm=a2o4m.searchlist.search.d_go.220d7da9CD0gPx","Hau Weii Smartwatch Gt4 Pro 100% Smartwatch 2.01 Inch Hd Amoled Screen, Waterproof Ip68, Gps, Nfc, Can Change Wallpapers. Heart Rate Monitor Exercise Tracker for Men and Women Measure Blood Pressure Call Via Bluetooth","฿539.00","","Hau Weii Smartwatch Gt4 Pro 100% Smartwatch 2.01 Inch Hd Amoled Screen, Waterproof Ip68, Gps, Nfc, Can Change Wallpapers. Heart Rate Monitor Exercise Tracker for Men and Women Measure Blood Pressure Call Via Bluetooth","https://www.lazada.co.th/products/pdp-i5941489674.html",""
"1791042989-14","https://www.lazada.co.th/catalog/?page=5&q=HUAWEI%20WATCH%20GT%205&spm=a2o4m.searchlist.search.d_go.220d7da9CD0gPx","Aolon Tetra R4 Smart Watch 1.43 Inch Aod Thai Menu Bluetooth Call Compass Flashlight Outdoor Activity Watch Health Tracker Waterproof Ip68 Smart Watch Amoled Men's Wristwatch","฿1,299.00","1.0K sold","Aolon Tetra R4 Smart Watch 1.43 Inch Aod Thai Menu Bluetooth Call Compass Flashlight Outdoor Activity Watch Health Tracker Waterproof Ip68 Smart Watch Amoled Men's Wristwatch","https://www.lazada.co.th/products/pdp-i5466237172.html","4.9"
"1791042991-15","https://www.lazada.co.th/catalog/?page=5&q=HUAWEI%20WATCH%20GT%205&spm=a2o4m.searchlist.search.d_go.220d7da9CD0gPx","Xiaomi Is a Fashionable Smartwatch for Men and Women with Heart Rate Measurement and Night Light Functions.","฿30.00","1.0K sold","Xiaomi Is a Fashionable Smartwatch for Men and Women with Heart Rate Measurement and Night Light Functions.","https://www.lazada.co.th/products/pdp-i5885470656.html",""
"1791042993-16","https://www.lazada.co.th/catalog/?page=5&q=HUAWEI%20WATCH%20GT%205&spm=a2o4m.searchlist.search.d_go.220d7da9CD0gPx","Taidu Fashionable Smartwatch for Men and Women with Heart Rate Measurement and Night Light Functions.","฿30.00","131 sold","Taidu Fashionable Smartwatch for Men and Women with Heart Rate Measurement and Night Light Functions.","https://www.lazada.co.th/products/pdp-i5885537016.html",""
"1791042996-17","https://www.lazada.co.th/catalog/?page=5&q=HUAWEI%20WATCH%20GT%205&spm=a2o4m.searchlist.search.d_go.220d7da9CD0gPx","ใหม่ นาฬิกาข้อมือสมาร์ทวอทช์ IW9 บลูทูธ ไร้สาย 41 มม. กันน้ํา คุยได้ NFC S9 เหมาะกับผู้ชาย และผู้หญิง 2023","฿450.00","","ใหม่ นาฬิกาข้อมือสมาร์ทวอทช์ IW9 บลูทูธ ไร้สาย 41 มม. กันน้ํา คุยได้ NFC S9 เหมาะกับผู้ชาย และผู้หญิง 2023","https://www.lazada.co.th/products/pdp-i5347663156.html",""
"1791042998-18","https://www.lazada.co.th/catalog/?page=5&q=HUAWEI%20WATCH%20GT%205&spm=a2o4m.searchlist.search.d_go.220d7da9CD0gPx","LIGE New Smart Watch Men Women LED Flashlight Outdoor Sports Watches Health Monitor Waterproof Military Bluetooth Call Smartwatch","฿709.00","14 sold","LIGE New Smart Watch Men Women LED Flashlight Outdoor Sports Watches Health Monitor Waterproof Military Bluetooth Call Smartwatch","https://www.lazada.co.th/products/pdp-i5963180210.html",""
"1791043001-19","https://www.lazada.co.th/catalog/?page=5&q=HUAWEI%20WATCH%20GT%205&spm=a2o4m.searchlist.search.d_go.220d7da9CD0gPx","AXON Mega Smart Watch นาฬิกาเพื่อสุขภาพ Smartwatch จอใหญ่สุด IPS 1.85"" โทรได้ วัดชีพจร SpO2 ประกัน 2 ปี","฿1,712.70","1.5K sold","AXON Mega Smart Watch นาฬิกาเพื่อสุขภาพ Smartwatch จอใหญ่สุด IPS 1.85"" โทรได้ วัดชีพจร SpO2 ประกัน 2 ปี","https://www.lazada.co.th/products/pdp-i5372360144.html",""
"1791043004-20","https://www.lazada.co.th/catalog/?page=5&q=HUAWEI%20WATCH%20GT%205&spm=a2o4m.searchlist.search.d_go.220d7da9CD0gPx","HUAWEI WATCH GT 6 Series  | อุปกรณ์สวมใส่ | โหมดกีฬากลางแจ้งระดับโปร","฿6,190.00","","HUAWEI WATCH GT 6 Series  | อุปกรณ์สวมใส่ | โหมดกีฬากลางแจ้งระดับโปร","https://www.lazada.co.th/products/pdp-i6011948123.html",""
"1791043006-21","https://www.lazada.co.th/catalog/?page=5&q=HUAWEI%20WATCH%20GT%205&spm=a2o4m.searchlist.search.d_go.220d7da9CD0gPx","[Special! Only in the Live Broadcast Win William]Goojodoq Men's Retro Smartwatch, Stainless Steel, Amoled Screen 1.32”, Can Make Calls, Bt5.3, Waterproof, 350Mah","฿1,278.09","216 sold","[Special! Only in the Live Broadcast Win William]Goojodoq Men's Retro Smartwatch, Stainless Steel, Amoled Screen 1.32”, Can Make Calls, Bt5.3, Waterproof, 350Mah","https://www.lazada.co.th/products/pdp-i16166073459.html",""
"1791043009-22","https://www.lazada.co.th/catalog/?page=5&q=HUAWEI%20WATCH%20GT%205&spm=a2o4m.searchlist.search.d_go.220d7da9CD0gPx","Kinkong 🔥 Support Thai Language Menu. 🔥   Genuine Smart Watch 2026, Bluetooth Call, 1.8 Inch, Health Bracelet. Smart Watch Heart Rate Change Wallpaper Blood Pressure Monitor Ip67 Screen, Smart Watch, Multi-Function, Smart Watch for Women/Men, Supports A","฿1,399.00","2.6K sold","Kinkong 🔥 Support Thai Language Menu. 🔥   Genuine Smart Watch 2026, Bluetooth Call, 1.8 Inch, Health Bracelet. Smart Watch Heart Rate Change Wallpaper Blood Pressure Monitor Ip67 Screen, Smart Watch, Multi-Function, Smart Watch for Women/Men, Supports A","https://www.lazada.co.th/products/pdp-i4497896375.html",""
"1791043011-23","https://www.lazada.co.th/catalog/?page=5&q=HUAWEI%20WATCH%20GT%205&spm=a2o4m.searchlist.search.d_go.220d7da9CD0gPx","Non Invasive Blood Glucose Smart Watch Blood Lipid Uric Acid ECG Body Fat Monitoring Smartwatch For Men Women Bracelet Bluetooth Call Waterproof Sport Fitness Tracker Wrist Watches For Android And IOS","฿1,399.00","","Non Invasive Blood Glucose Smart Watch Blood Lipid Uric Acid ECG Body Fat Monitoring Smartwatch For Men Women Bracelet Bluetooth Call Waterproof Sport Fitness Tracker Wrist Watches For Android And IOS","https://www.lazada.co.th/products/pdp-i16135361079.html",""
"1791043013-24","https://www.lazada.co.th/catalog/?page=5&q=HUAWEI%20WATCH%20GT%205&spm=a2o4m.searchlist.search.d_go.220d7da9CD0gPx","Goldenspike VP999 Smart Watch 2.4inch AMOLED Screen 4G LTE Smartwatch 64GB GPS WiFi SIM Slot 1500mAh Battery Google Play Compatible","฿5,103.90","","Goldenspike VP999 Smart Watch 2.4inch AMOLED Screen 4G LTE Smartwatch 64GB GPS WiFi SIM Slot 1500mAh Battery Google Play Compatible","https://www.lazada.co.th/products/pdp-i5774407487.html",""
"1791043017-25","https://www.lazada.co.th/catalog/?page=5&q=HUAWEI%20WATCH%20GT%205&spm=a2o4m.searchlist.search.d_go.220d7da9CD0gPx","ET570 Smart Watch Smartwatch For Men Women Blood Lipid Uric Acid Blood Glucose ECG Body Temperature Monitoring Bracelet Bluetooth Call Waterproof Sport Fitness Tracker","฿1,139.00","558 sold","ET570 Smart Watch Smartwatch For Men Women Blood Lipid Uric Acid Blood Glucose ECG Body Temperature Monitoring Bracelet Bluetooth Call Waterproof Sport Fitness Tracker","https://www.lazada.co.th/products/pdp-i5120243839.html","4.9"
"1791043019-26","https://www.lazada.co.th/catalog/?page=5&q=HUAWEI%20WATCH%20GT%205&spm=a2o4m.searchlist.search.d_go.220d7da9CD0gPx","Infinix Gtwatch 5 Pro Ai Smartwatch, 12-Month Thai Center Warranty, E-Sport Mode, 5Atm + Ip68, Resistant to Water Pressure at a Depth of 50 Meters, Built-In Multi-Gnss, Precise Location Determination.","฿1,799.00","63 sold","Infinix Gtwatch 5 Pro Ai Smartwatch, 12-Month Thai Center Warranty, E-Sport Mode, 5Atm + Ip68, Resistant to Water Pressure at a Depth of 50 Meters, Built-In Multi-Gnss, Precise Location Determination.","https://www.lazada.co.th/products/pdp-i16198908304.html",""
"1791043022-27","https://www.lazada.co.th/catalog/?page=5&q=HUAWEI%20WATCH%20GT%205&spm=a2o4m.searchlist.search.d_go.220d7da9CD0gPx","New Blood Glucose Sugar Smart Watch F67S Smartwatch For Men Women Bracelet Heart Rate Blood Pressure Oxygen Body Temperature Monitoring Bluetooth Voice Call Waterproof Sport Fitness Tracker","฿1,199.00","175 sold","New Blood Glucose Sugar Smart Watch F67S Smartwatch For Men Women Bracelet Heart Rate Blood Pressure Oxygen Body Temperature Monitoring Bluetooth Voice Call Waterproof Sport Fitness Tracker","https://www.lazada.co.th/products/pdp-i4864370374.html","4.9"
"1791043025-28","https://www.lazada.co.th/catalog/?page=5&q=HUAWEI%20WATCH%20GT%205&spm=a2o4m.searchlist.search.d_go.220d7da9CD0gPx","HUAWEI WATCH GT 5 Pro 42 mm สมาร์ทวอช | แบตสูงสุด 1 สัปดาห์ | วัดค่าสุขภาพรอบด้าน | โหมดออกกำลังกายระดับโปร","฿14,590.00","","HUAWEI WATCH GT 5 Pro 42 mm สมาร์ทวอช | แบตสูงสุด 1 สัปดาห์ | วัดค่าสุขภาพรอบด้าน | โหมดออกกำลังกายระดับโปร","https://www.lazada.co.th/products/pdp-i5392430655.html","5"
"1791043027-29","https://www.lazada.co.th/catalog/?page=5&q=HUAWEI%20WATCH%20GT%205&spm=a2o4m.searchlist.search.d_go.220d7da9CD0gPx","Aolon Gt6 Pro Men's Smart Watch Professional Outdoor Watch Heart Rate Monitor Blood Oxygen Sleep Monitoring, Clear Amoled Screen, Built-In Flashlight, 1Atm Waterproof, Long-Lasting Battery.","฿1,449.00","505 sold","Aolon Gt6 Pro Men's Smart Watch Professional Outdoor Watch Heart Rate Monitor Blood Oxygen Sleep Monitoring, Clear Amoled Screen, Built-In Flashlight, 1Atm Waterproof, Long-Lasting Battery.","https://www.lazada.co.th/products/pdp-i6071601208.html",""
"1791043029-30","https://www.lazada.co.th/catalog/?page=5&q=HUAWEI%20WATCH%20GT%205&spm=a2o4m.searchlist.search.d_go.220d7da9CD0gPx","Z66 Smart Watch Heart Rate Blood Pressure Oxygen Body Temperature Monitoring Smartwatch For Men Women Bluetooth Call Breathing Exercise IP68 Waterproof Bracelet","฿699.00","102 sold","Z66 Smart Watch Heart Rate Blood Pressure Oxygen Body Temperature Monitoring Smartwatch For Men Women Bluetooth Call Breathing Exercise IP68 Waterproof Bracelet","https://www.lazada.co.th/products/pdp-i5146474652.html",""
"1791043032-31","https://www.lazada.co.th/catalog/?page=5&q=HUAWEI%20WATCH%20GT%205&spm=a2o4m.searchlist.search.d_go.220d7da9CD0gPx","Film Huawei watch fit 4 ฟิล์ม huawei watch4 huawei watch4 pro พร้อมส่ง","฿22.00","22 sold","Film Huawei watch fit 4 ฟิล์ม huawei watch4 huawei watch4 pro พร้อมส่ง","https://www.lazada.co.th/products/pdp-i5763768533.html","5"
"1791043034-32","https://www.lazada.co.th/catalog/?page=5&q=HUAWEI%20WATCH%20GT%205&spm=a2o4m.searchlist.search.d_go.220d7da9CD0gPx","Mobile Game Finger Sleeve Mobile Game Breathable Non-Slip Touch Screen Game Controller Gaming Sweatproof Gloves","฿11.32","1.3K sold","Mobile Game Finger Sleeve Mobile Game Breathable Non-Slip Touch Screen Game Controller Gaming Sweatproof Gloves","https://www.lazada.co.th/products/pdp-i5321714593.html",""
"1791043037-33","https://www.lazada.co.th/catalog/?page=5&q=HUAWEI%20WATCH%20GT%205&spm=a2o4m.searchlist.search.d_go.220d7da9CD0gPx","For Huawei Band 10 9 8 7 Smartwatch Replacement belt correa Breathable Sport bracelet for huawei band 9 band8 7 Nylon Loop Strap","฿58.00","40 sold","For Huawei Band 10 9 8 7 Smartwatch Replacement belt correa Breathable Sport bracelet for huawei band 9 band8 7 Nylon Loop Strap","https://www.lazada.co.th/products/pdp-i5510008374.html",""
"1791043039-34","https://www.lazada.co.th/catalog/?page=5&q=HUAWEI%20WATCH%20GT%205&spm=a2o4m.searchlist.search.d_go.220d7da9CD0gPx","Huawei Watch Fit 4 Wave Sports Silicone Strap for Huawei Fit3 Bracelet for Fit4 Pro Breathable Smartwatch Accessories","฿59.00","31 sold","Huawei Watch Fit 4 Wave Sports Silicone Strap for Huawei Fit3 Bracelet for Fit4 Pro Breathable Smartwatch Accessories","https://www.lazada.co.th/products/pdp-i5823458997.html",""
"1791043042-35","https://www.lazada.co.th/catalog/?page=5&q=HUAWEI%20WATCH%20GT%205&spm=a2o4m.searchlist.search.d_go.220d7da9CD0gPx","สายนาฬิกา สายหนัง สำหรับ Huawei watch Fit 4/Fit4Pro สายนาฬิกาสปอร์ต สำรองสำหรับ Huawei  Fit 3/4/4Pro","฿139.00","258 sold","สายนาฬิกา สายหนัง สำหรับ Huawei watch Fit 4/Fit4Pro สายนาฬิกาสปอร์ต สำรองสำหรับ Huawei  Fit 3/4/4Pro","https://www.lazada.co.th/products/pdp-i5786691051.html",""
"1791043044-36","https://www.lazada.co.th/catalog/?page=5&q=HUAWEI%20WATCH%20GT%205&spm=a2o4m.searchlist.search.d_go.220d7da9CD0gPx","สายนาฬิกาสำหรับนาฬิกา huawei watch gt5 สายยืดกีฬาสำหรับนาฬิกา Huawei Watch GT 5 41mm 46mm สายนาฬิกา smart watch band Sport Bracelet Replacement Strap","฿213.18","18 sold","สายนาฬิกาสำหรับนาฬิกา huawei watch gt5 สายยืดกีฬาสำหรับนาฬิกา Huawei Watch GT 5 41mm 46mm สายนาฬิกา smart watch band Sport Bracelet Replacement Strap","https://www.lazada.co.th/products/pdp-i5369607036.html",""
"1791043046-37","https://www.lazada.co.th/catalog/?page=5&q=HUAWEI%20WATCH%20GT%205&spm=a2o4m.searchlist.search.d_go.220d7da9CD0gPx","Strap for Huawei Watch Gt 6 Pro Gt6 41mm. 46mm. Replace Wristwatch Straps, Smartwatches, Stainless Steel Magnetic Bands for Huawei Watch Gt 5 Pro Gt4 Gt3 Se Gt2 Gt 2E Runner Ultimate Buds.","฿305.00","201 sold","Strap for Huawei Watch Gt 6 Pro Gt6 41mm. 46mm. Replace Wristwatch Straps, Smartwatches, Stainless Steel Magnetic Bands for Huawei Watch Gt 5 Pro Gt4 Gt3 Se Gt2 Gt 2E Runner Ultimate Buds.","https://www.lazada.co.th/products/pdp-i312464802.html",""
"1791043048-38","https://www.lazada.co.th/catalog/?page=5&q=HUAWEI%20WATCH%20GT%205&spm=a2o4m.searchlist.search.d_go.220d7da9CD0gPx","[Nylon Braided Cable 20/22mm. Parachute Lock for Samsung Galaxy Watch 7/6/5, Huawei Gt 7/5/4/3 46mm, Amazfit Gtr 4/3, Redmi Watch 5 Active/Lite,20mm Braided Strap for Galaxy Watch 7/FE/6/5/4, 22mm Polyamide Fiber Woven Band for Huawei Watch GT 7/5/4/3 46mm, Amazfit Watch GTR 4/3/2, Redmi Watch 5 Active/5 Lite, Xiaomi Watch S4/S3/S2/S1,]","฿154.00","243 sold","[Nylon Braided Cable 20/22mm. Parachute Lock for Samsung Galaxy Watch 7/6/5, Huawei Gt 7/5/4/3 46mm, Amazfit Gtr 4/3, Redmi Watch 5 Active/Lite,20mm Braided Strap for Galaxy Watch 7/FE/6/5/4, 22mm Polyamide Fiber Woven Band for Huawei Watch GT 7/5/4/3 46mm, Amazfit Watch GTR 4/3/2, Redmi Watch 5 Active/5 Lite, Xiaomi Watch S4/S3/S2/S1,]","https://www.lazada.co.th/products/pdp-i5487620839.html",""
"1791043051-39","https://www.lazada.co.th/catalog/?page=5&q=HUAWEI%20WATCH%20GT%205&spm=a2o4m.searchlist.search.d_go.220d7da9CD0gPx","Watch Band for Huawei Watch Gt 6 Pro Gt6 46mm Smartwatch Strap Soft Silicone Watch Gt 5 Pro Gt 5 Gt 4 46mm Watchband Watchband","฿129.39","99 sold","Watch Band for Huawei Watch Gt 6 Pro Gt6 46mm Smartwatch Strap Soft Silicone Watch Gt 5 Pro Gt 5 Gt 4 46mm Watchband Watchband","https://www.lazada.co.th/products/pdp-i4882034878.html",""
"1791043053-40","https://www.lazada.co.th/catalog/?page=5&q=HUAWEI%20WATCH%20GT%205&spm=a2o4m.searchlist.search.d_go.220d7da9CD0gPx","9Gadget - Full Screen Glass for Huawei Watch Gt6 Size 46 Inches, Protective Film, Shockproof, 2.5D Vacuum Tempered Glass, Case, Silicone Strap - Premium 2.5D Curved Tempered Glass","฿31.00","7 sold","9Gadget - Full Screen Glass for Huawei Watch Gt6 Size 46 Inches, Protective Film, Shockproof, 2.5D Vacuum Tempered Glass, Case, Silicone Strap - Premium 2.5D Curved Tempered Glass","https://www.lazada.co.th/products/pdp-i5928609276.html",""
