web_scraper_order,web_scraper_start_url,product_name,price,item_page_title,item_page_link,rating_score
"1791098595-1","https://www.lazada.co.th/catalog/?spm=a2o4m.searchlist.0.0.4f2eca07VzcZLe&q=Apple%20Watch%20Series%209&page=5","BOZLUN รุ่น MX1 Smart Watch นาฬิกาข้อมือสมาร์ทวอทช์ หน้าจอสัมผัส 1.28 นิ้ว กันน้ํา เชื่อมต่อบลูทูธ นาฬิกาอัจฉริยะ","฿589.00","BOZLUN รุ่น MX1 Smart Watch นาฬิกาข้อมือสมาร์ทวอทช์ หน้าจอสัมผัส 1.28 นิ้ว กันน้ํา เชื่อมต่อบลูทูธ นาฬิกาอัจฉริยะ","https://www.lazada.co.th/products/pdp-i5016678420.html",""
"1791098598-2","https://www.lazada.co.th/catalog/?spm=a2o4m.searchlist.0.0.4f2eca07VzcZLe&q=Apple%20Watch%20Series%209&page=5","Why Mars Smartwatch SW-102B นาฬิกาสมาร์ทวอทช์ APP ภาษาไทย ใช้งานง่าย","฿559.00","Why Mars Smartwatch SW-102B นาฬิกาสมาร์ทวอทช์ APP ภาษาไทย ใช้งานง่าย","https://www.lazada.co.th/products/pdp-i16075805091.html",""
"1791098600-3","https://www.lazada.co.th/catalog/?spm=a2o4m.searchlist.0.0.4f2eca07VzcZLe&q=Apple%20Watch%20Series%209&page=5","LIGE | LIGE 1.26"" HD สมาร์ทวอทช์ 24/7 การตรวจสอบสุขภาพการนอนหลับการโทรผ่านบลูทูธ 123+ โหมดกีฬา IP68 กันน้ำฟิตเนสติดตามสมาร์ทวอทช์","฿838.52","LIGE | LIGE 1.26"" HD สมาร์ทวอทช์ 24/7 การตรวจสอบสุขภาพการนอนหลับการโทรผ่านบลูทูธ 123+ โหมดกีฬา IP68 กันน้ำฟิตเนสติดตามสมาร์ทวอทช์","https://www.lazada.co.th/products/pdp-i16260948399.html",""
"1791098602-4","https://www.lazada.co.th/catalog/?spm=a2o4m.searchlist.0.0.4f2eca07VzcZLe&q=Apple%20Watch%20Series%209&page=5","MEIDAYST🔥Newest🔥XIAOMI สมาทร์วอช Smartwatch ของแท้ นาฬิกา นาฬิกาวัดความดัน กันน้ำวัดชีพจร สัมผัสได้เต็มจอ Waterproof IP68 สมาร์ทวอทช์ 120+โหมดสปอร์ต นาฬิกา smart เครื่องวัดการนอน วัดชีพจร นาฬิกาโทรศัพท์ รองรับการคุยโทรศัพท์ผ่านบลูทูธ สำหรับ Android","฿569.00","MEIDAYST🔥Newest🔥XIAOMI สมาทร์วอช Smartwatch ของแท้ นาฬิกา นาฬิกาวัดความดัน กันน้ำวัดชีพจร สัมผัสได้เต็มจอ Waterproof IP68 สมาร์ทวอทช์ 120+โหมดสปอร์ต นาฬิกา smart เครื่องวัดการนอน วัดชีพจร นาฬิกาโทรศัพท์ รองรับการคุยโทรศัพท์ผ่านบลูทูธ สำหรับ Android","https://www.lazada.co.th/products/pdp-i5409437996.html",""
"1791098604-5","https://www.lazada.co.th/catalog/?spm=a2o4m.searchlist.0.0.4f2eca07VzcZLe&q=Apple%20Watch%20Series%209&page=5","SY นาฬิกาสมาร์ทวอทช์ Sport HOCO Y31 บลูทูธ 5.3 กันน้ำ IP67 รองรับซิมการ์ด ความจุแบตเตอรี่ 250mAh","฿669.00","SY นาฬิกาสมาร์ทวอทช์ Sport HOCO Y31 บลูทูธ 5.3 กันน้ำ IP67 รองรับซิมการ์ด ความจุแบตเตอรี่ 250mAh","https://www.lazada.co.th/products/pdp-i5744464359.html",""
"1791098607-6","https://www.lazada.co.th/catalog/?spm=a2o4m.searchlist.0.0.4f2eca07VzcZLe&q=Apple%20Watch%20Series%209&page=5","2026 Watch 5 Pro สมาร์ทวอทช์ติดตาม GPS สำหรับผู้ชาย หน้าจอ AMOLED 360*360 รองรับการโทร ฟิตเนส กันน้ำระดับ IP68 ตรวจวัดสุขภาพ สมาร์ทวอทช์สำหรับผู้ชาย รุ่น Ht30","฿419.70","2026 Watch 5 Pro สมาร์ทวอทช์ติดตาม GPS สำหรับผู้ชาย หน้าจอ AMOLED 360*360 รองรับการโทร ฟิตเนส กันน้ำระดับ IP68 ตรวจวัดสุขภาพ สมาร์ทวอทช์สำหรับผู้ชาย รุ่น Ht30","https://www.lazada.co.th/products/pdp-i16259538064.html",""
"1791098609-7","https://www.lazada.co.th/catalog/?spm=a2o4m.searchlist.0.0.4f2eca07VzcZLe&q=Apple%20Watch%20Series%209&page=5","⌚️NEW🔥 Smart Watch ของแท้ 2023 รุ่น HW22pro เมนูภาษาไทย 🇹🇭🇹🇭🇹🇭 สามารถใช้ได้กับสมาร์ทโฟน ทั้ง Android และ Ios พร้อม ฟังชั่นมากมาย - วัดความดันโล","฿350.00","⌚️NEW🔥 Smart Watch ของแท้ 2023 รุ่น HW22pro เมนูภาษาไทย 🇹🇭🇹🇭🇹🇭 สามารถใช้ได้กับสมาร์ทโฟน ทั้ง Android และ Ios พร้อม ฟังชั่นมากมาย - วัดความดันโล","https://www.lazada.co.th/products/pdp-i4826080198.html",""
"1791098611-8","https://www.lazada.co.th/catalog/?spm=a2o4m.searchlist.0.0.4f2eca07VzcZLe&q=Apple%20Watch%20Series%209&page=5","LIGE | LIGE 2026 สมาร์ทวอทช์ โทรผ่านบลูทูธ IP68 กันน้ำ ไฟ LED กีฬากลางแจ้ง การตรวจสอบสุขภาพ สมาร์ทวอทช์มัลติฟังก์ชั่น สำหรับผู้ชาย","฿790.83","LIGE | LIGE 2026 สมาร์ทวอทช์ โทรผ่านบลูทูธ IP68 กันน้ำ ไฟ LED กีฬากลางแจ้ง การตรวจสอบสุขภาพ สมาร์ทวอทช์มัลติฟังก์ชั่น สำหรับผู้ชาย","https://www.lazada.co.th/products/pdp-i16258493548.html",""
"1791098613-9","https://www.lazada.co.th/catalog/?spm=a2o4m.searchlist.0.0.4f2eca07VzcZLe&q=Apple%20Watch%20Series%209&page=5","【ส่งของขวัญเล็กๆ น้อยๆ】นาฬิกา smart watch แท้ สสมาทวอชของแท้2024 วัดออกซิเจนในเลือด นาฬิกาวัดความดัน IP68 นาฬิกากันน้ำ ใช้ได้กับระบบ Android ios","฿1,229.00","【ส่งของขวัญเล็กๆ น้อยๆ】นาฬิกา smart watch แท้ สสมาทวอชของแท้2024 วัดออกซิเจนในเลือด นาฬิกาวัดความดัน IP68 นาฬิกากันน้ำ ใช้ได้กับระบบ Android ios","https://www.lazada.co.th/products/pdp-i5211238679.html",""
"1791098616-10","https://www.lazada.co.th/catalog/?spm=a2o4m.searchlist.0.0.4f2eca07VzcZLe&q=Apple%20Watch%20Series%209&page=5","CMF Watch 3 Pro Smartwatch สมาร์ทวอทช์ นาฬิกาอัจฉริยะ by Pro Gadgets","฿3,299.00","CMF Watch 3 Pro Smartwatch สมาร์ทวอทช์ นาฬิกาอัจฉริยะ by Pro Gadgets","https://www.lazada.co.th/products/pdp-i5887734689.html",""
"1791098618-11","https://www.lazada.co.th/catalog/?spm=a2o4m.searchlist.0.0.4f2eca07VzcZLe&q=Apple%20Watch%20Series%209&page=5","นาฬิกา Smart Watch**ของแท้100%-ของแถมมากมาย-ส่งด่วนฟรี***  นาฬิกาดิจิตอล หน้าจอใหญ่ 2.09 รุ่นใหม่ โทรออก รับสายได้ นับก้าว สัมผัสได้เต็มจอ","฿1,599.00","นาฬิกา Smart Watch**ของแท้100%-ของแถมมากมาย-ส่งด่วนฟรี***  นาฬิกาดิจิตอล หน้าจอใหญ่ 2.09 รุ่นใหม่ โทรออก รับสายได้ นับก้าว สัมผัสได้เต็มจอ","https://www.lazada.co.th/products/pdp-i5995472203.html",""
"1791098620-12","https://www.lazada.co.th/catalog/?spm=a2o4m.searchlist.0.0.4f2eca07VzcZLe&q=Apple%20Watch%20Series%209&page=5","机械手表热卖爆款机械男士手表นาฬิกากลไกขายร้อนระเบิดนาฬิกาจักรกล .TasteWorld","฿1,214.85","机械手表热卖爆款机械男士手表นาฬิกากลไกขายร้อนระเบิดนาฬิกาจักรกล .TasteWorld","https://www.lazada.co.th/products/pdp-i16085977708.html",""
"1791098622-13","https://www.lazada.co.th/catalog/?spm=a2o4m.searchlist.0.0.4f2eca07VzcZLe&q=Apple%20Watch%20Series%209&page=5","สมาร์ทวอทช์รุ่น Original S8 Ultra ปี 2026 หน้าจอ 1.44 นิ้ว สำหรับผู้ชายและผู้หญิง รองรับการผ่านบลูทูธ กันน้ำ เหมาะสำหรับการออกกำลังกายและฟิตเนส ใช้งานได้กับ SAMSUNG, HUAWEI, XIAOMI, Android และ iOS","฿518.42","สมาร์ทวอทช์รุ่น Original S8 Ultra ปี 2026 หน้าจอ 1.44 นิ้ว สำหรับผู้ชายและผู้หญิง รองรับการผ่านบลูทูธ กันน้ำ เหมาะสำหรับการออกกำลังกายและฟิตเนส ใช้งานได้กับ SAMSUNG, HUAWEI, XIAOMI, Android และ iOS","https://www.lazada.co.th/products/pdp-i16259317186.html",""
"1791098625-14","https://www.lazada.co.th/catalog/?spm=a2o4m.searchlist.0.0.4f2eca07VzcZLe&q=Apple%20Watch%20Series%209&page=5","zengliu | นาฬิกา Apple 10 Band สไตล์หรูหรา สำหรับผู้หญิง ฤดูร้อน สีโรสโกลด์","฿959.88","zengliu | นาฬิกา Apple 10 Band สไตล์หรูหรา สำหรับผู้หญิง ฤดูร้อน สีโรสโกลด์","https://www.lazada.co.th/products/pdp-i5881758990.html","4.4"
"1791098628-15","https://www.lazada.co.th/catalog/?spm=a2o4m.searchlist.0.0.4f2eca07VzcZLe&q=Apple%20Watch%20Series%209&page=5","Poca Shop Smart watchs D20 เมนูภาษาไทย เครื่องสเถียร นาฬิกาอัจฉริยะ นาฬิกาบลูทูธ จอทัสกรีน IOS Android สมาร์ทวอท นาฬิกาสมาทวอช","฿299.00","Poca Shop Smart watchs D20 เมนูภาษาไทย เครื่องสเถียร นาฬิกาอัจฉริยะ นาฬิกาบลูทูธ จอทัสกรีน IOS Android สมาร์ทวอท นาฬิกาสมาทวอช","https://www.lazada.co.th/products/pdp-i1232278584.html","3"
"1791098630-16","https://www.lazada.co.th/catalog/?spm=a2o4m.searchlist.0.0.4f2eca07VzcZLe&q=Apple%20Watch%20Series%209&page=5","⭐ส่งฟรี Smartwatch รุ่น D28  การแสดงเวลา, การนับก้าว, แคลอรี่, ระยะทาง, โหมดกีฬา, ออกกำลังกาย, การติดตามการนอนหลับ, วัดความดัน, การเตือนการโทร, เตือนความจำ, เตือนความจำ, อย่ารบกวนโหมด,ค้นหาโทรศัพท์","฿399.00","⭐ส่งฟรี Smartwatch รุ่น D28  การแสดงเวลา, การนับก้าว, แคลอรี่, ระยะทาง, โหมดกีฬา, ออกกำลังกาย, การติดตามการนอนหลับ, วัดความดัน, การเตือนการโทร, เตือนความจำ, เตือนความจำ, อย่ารบกวนโหมด,ค้นหาโทรศัพท์","https://www.lazada.co.th/products/pdp-i767800875.html",""
"1791098632-17","https://www.lazada.co.th/catalog/?spm=a2o4m.searchlist.0.0.4f2eca07VzcZLe&q=Apple%20Watch%20Series%209&page=5","HAU WEII Smartwatch GT4 Pro 100% นาฬิกาอัจฉริยะ 2.01 นิ้ว หน้าจอ HD AMOLED กันน้ำ IP68 GPS NFC สามารถเปลี่ยนวอลเปเปอร์ได้ ตรวจวัดอัตราการเต้นของหัวใจ เครื่องติดตามการออกกำลังกายสำหรับผู้ชายและผู้หญิง ตรวจวัดความดันโลหิต โทรผ่านบลูทูธ","฿539.00","HAU WEII Smartwatch GT4 Pro 100% นาฬิกาอัจฉริยะ 2.01 นิ้ว หน้าจอ HD AMOLED กันน้ำ IP68 GPS NFC สามารถเปลี่ยนวอลเปเปอร์ได้ ตรวจวัดอัตราการเต้นของหัวใจ เครื่องติดตามการออกกำลังกายสำหรับผู้ชายและผู้หญิง ตรวจวัดความดันโลหิต โทรผ่านบลูทูธ","https://www.lazada.co.th/products/pdp-i5941489674.html",""
"1791098635-18","https://www.lazada.co.th/catalog/?spm=a2o4m.searchlist.0.0.4f2eca07VzcZLe&q=Apple%20Watch%20Series%209&page=5","P80 Smart Watch (แถมฟิล์ม) สายซิลิโคน+สแตนเลส","฿949.00","P80 Smart Watch (แถมฟิล์ม) สายซิลิโคน+สแตนเลส","https://www.lazada.co.th/products/pdp-i425812621.html",""
"1791098637-19","https://www.lazada.co.th/catalog/?spm=a2o4m.searchlist.0.0.4f2eca07VzcZLe&q=Apple%20Watch%20Series%209&page=5","Smartwatch 2024 NX10 สมาร์ทวอทช์ โทรเข้า-ออก วัดความดันโลหิต จอ Amoled 1.43” แบตอึด 10 วัน 400 mAh +110 โหมดกีฬา +IP68","฿489.00","Smartwatch 2024 NX10 สมาร์ทวอทช์ โทรเข้า-ออก วัดความดันโลหิต จอ Amoled 1.43” แบตอึด 10 วัน 400 mAh +110 โหมดกีฬา +IP68","https://www.lazada.co.th/products/pdp-i4956137473.html","5"
"1791098641-20","https://www.lazada.co.th/catalog/?spm=a2o4m.searchlist.0.0.4f2eca07VzcZLe&q=Apple%20Watch%20Series%209&page=5","Infinix XWatch H5 Pro Smartwatch ประกันศูนย์ไทย 12 เดือน นาฬิกาสมาร์ทวอทช์ หน้าจอใหญ่ 2.06 นิ้ว AMOLED AI ติดตามข้อมูลสุขภาพได้อย่างครอบคลุม","฿999.00","Infinix XWatch H5 Pro Smartwatch ประกันศูนย์ไทย 12 เดือน นาฬิกาสมาร์ทวอทช์ หน้าจอใหญ่ 2.06 นิ้ว AMOLED AI ติดตามข้อมูลสุขภาพได้อย่างครอบคลุม","https://www.lazada.co.th/products/pdp-i6059852782.html","5"
"1791098643-21","https://www.lazada.co.th/catalog/?spm=a2o4m.searchlist.0.0.4f2eca07VzcZLe&q=Apple%20Watch%20Series%209&page=5","Why Mars Smartwatch SW-102B นาฬิกาสมาร์ทวอทช์ APP ภาษาไทย ใช้งานง่าย","฿559.00","Why Mars Smartwatch SW-102B นาฬิกาสมาร์ทวอทช์ APP ภาษาไทย ใช้งานง่าย","https://www.lazada.co.th/products/pdp-i16075508901.html","2"
"1791098646-22","https://www.lazada.co.th/catalog/?spm=a2o4m.searchlist.0.0.4f2eca07VzcZLe&q=Apple%20Watch%20Series%209&page=5","One One Pre-order {ขอพรกับแอปเปิ้ล} นาฬิกาข้อมือศิลปิน น่ารัก พิเศษ","฿960.00","One One Pre-order {ขอพรกับแอปเปิ้ล} นาฬิกาข้อมือศิลปิน น่ารัก พิเศษ","https://www.lazada.co.th/products/pdp-i5162602970.html",""
"1791098648-23","https://www.lazada.co.th/catalog/?spm=a2o4m.searchlist.0.0.4f2eca07VzcZLe&q=Apple%20Watch%20Series%209&page=5","สมาร์ทวอทช์ Smartwatch Fitness Tracker with 10 Sport modes tracking & Customise watch faces, Support iOS & Android","฿399.00","สมาร์ทวอทช์ Smartwatch Fitness Tracker with 10 Sport modes tracking & Customise watch faces, Support iOS & Android","https://www.lazada.co.th/products/pdp-i4669213653.html",""
"1791098652-24","https://www.lazada.co.th/catalog/?spm=a2o4m.searchlist.0.0.4f2eca07VzcZLe&q=Apple%20Watch%20Series%209&page=5","[10.9 20:00-10.12 | ลดสูงสุด 25%*] HUAWEI WATCH FIT 5 Series | สมาร์ทวอทช์ l ไทเทเนียมและกระจกแซฟไฟร์ 2.5D*** | การจัดการสุขภาพขั้นสูง | กีฬากลางแจ้งระดับมืออาชีพ*** | Mini-Workout l ร้านค้าอย่างเป็นทางการ","฿4,690.00","[10.9 20:00-10.12 | ลดสูงสุด 25%*] HUAWEI WATCH FIT 5 Series | สมาร์ทวอทช์ l ไทเทเนียมและกระจกแซฟไฟร์ 2.5D*** | การจัดการสุขภาพขั้นสูง | กีฬากลางแจ้งระดับมืออาชีพ*** | Mini-Workout l ร้านค้าอย่างเป็นทางการ","https://www.lazada.co.th/products/pdp-i16110471137.html","5"
"1791098654-25","https://www.lazada.co.th/catalog/?spm=a2o4m.searchlist.0.0.4f2eca07VzcZLe&q=Apple%20Watch%20Series%209&page=5","CRAFTSMAN DAI | ที่ชาร์จและยืนแม่เหล็กขั้นสูง พร้อมฐานติดโต๊ะซิลิกาเจล","฿163.00","CRAFTSMAN DAI | ที่ชาร์จและยืนแม่เหล็กขั้นสูง พร้อมฐานติดโต๊ะซิลิกาเจล","https://www.lazada.co.th/products/pdp-i16220778480.html","4.9"
"1791098656-26","https://www.lazada.co.th/catalog/?spm=a2o4m.searchlist.0.0.4f2eca07VzcZLe&q=Apple%20Watch%20Series%209&page=5","CRAFTSMAN DAI | สายรัดสมาร์ทวอทช์แฟชั่นฤดูร้อนสำหรับผู้หญิง ดีไซน์สุนัขสไตล์มิลาน พร้อมแม่เหล็ก","฿326.97","CRAFTSMAN DAI | สายรัดสมาร์ทวอทช์แฟชั่นฤดูร้อนสำหรับผู้หญิง ดีไซน์สุนัขสไตล์มิลาน พร้อมแม่เหล็ก","https://www.lazada.co.th/products/pdp-i5927869327.html","4.8"
"1791098658-27","https://www.lazada.co.th/catalog/?spm=a2o4m.searchlist.0.0.4f2eca07VzcZLe&q=Apple%20Watch%20Series%209&page=5","Xiaomi Smart Band 11 Active นาฬิกาสมาร์ทวอทช์ | 1.47'' 60Hz | 50 โหมดกีฬา | SpO₂ | แบตเตอรี่ 21วัน (สินค้ารับประกันศูนย์1ปี) By TG","฿999.00","Xiaomi Smart Band 11 Active นาฬิกาสมาร์ทวอทช์ | 1.47'' 60Hz | 50 โหมดกีฬา | SpO₂ | แบตเตอรี่ 21วัน (สินค้ารับประกันศูนย์1ปี) By TG","https://www.lazada.co.th/products/pdp-i16256922868.html",""
"1791098661-28","https://www.lazada.co.th/catalog/?spm=a2o4m.searchlist.0.0.4f2eca07VzcZLe&q=Apple%20Watch%20Series%209&page=5","KENTO LITE GTS4 Smartwatch สมาร์ทวอทช์ 2.1นิ้ว แตะหน้าจอ การตรวจสอบสุขภาพ โทรผ่านบลูทูธ วัดออกซิเจนในเลือด รองรับภาษาไทย Android iOS XIAOMI HUAWEI","฿412.29","KENTO LITE GTS4 Smartwatch สมาร์ทวอทช์ 2.1นิ้ว แตะหน้าจอ การตรวจสอบสุขภาพ โทรผ่านบลูทูธ วัดออกซิเจนในเลือด รองรับภาษาไทย Android iOS XIAOMI HUAWEI","https://www.lazada.co.th/products/pdp-i5273668122.html","4.8"
"1791098664-29","https://www.lazada.co.th/catalog/?spm=a2o4m.searchlist.0.0.4f2eca07VzcZLe&q=Apple%20Watch%20Series%209&page=5","สมาร์ทวอทช์แบตเตอรี่ใหม่ 1000mAh รองรับการโทรผ่านบลูทูธ มีไฟฉาย นาฬิกาข้อมือเพื่อสุขภาพ กันน้ำ 3ATM นาฬิกาอัจฉริยะสำหรับเล่นกีฬา ผู้ชาย ใช้ได้กับ IOS และ Android","฿945.37","สมาร์ทวอทช์แบตเตอรี่ใหม่ 1000mAh รองรับการโทรผ่านบลูทูธ มีไฟฉาย นาฬิกาข้อมือเพื่อสุขภาพ กันน้ำ 3ATM นาฬิกาอัจฉริยะสำหรับเล่นกีฬา ผู้ชาย ใช้ได้กับ IOS และ Android","https://www.lazada.co.th/products/pdp-i16271381600.html","5"
"1791098668-30","https://www.lazada.co.th/catalog/?spm=a2o4m.searchlist.0.0.4f2eca07VzcZLe&q=Apple%20Watch%20Series%209&page=5","QX11 อัลตร้าสมาร์ทนาฬิกาความดันโลหิตออกซิเจนตรวจสอบสมาร์ทนาฬิกาผู้ชายและผู้หญิงบลูทู ธ โทรออกกำลังกายการหายใจ 3ATM หัวเว่ย","฿799.00","QX11 อัลตร้าสมาร์ทนาฬิกาความดันโลหิตออกซิเจนตรวจสอบสมาร์ทนาฬิกาผู้ชายและผู้หญิงบลูทู ธ โทรออกกำลังกายการหายใจ 3ATM หัวเว่ย","https://www.lazada.co.th/products/pdp-i4991759718.html","4.7"
"1791098670-31","https://www.lazada.co.th/catalog/?spm=a2o4m.searchlist.0.0.4f2eca07VzcZLe&q=Apple%20Watch%20Series%209&page=5","สมาร์ทวอท์ชสำหรับผู้ชายผู้หญิง I7 Pro Max ขายส่ง Series 8สมาร์ทวอตช์บลูทูธ Call สภาพอากาศสมาร์ทวอท์ชแบรนด์เดิมสมาร์ทวอท์ชหน้าจอสัมผัสสมาร์ทสมาร์ทวอท์ชสำหรับเด็ก","฿230.30","สมาร์ทวอท์ชสำหรับผู้ชายผู้หญิง I7 Pro Max ขายส่ง Series 8สมาร์ทวอตช์บลูทูธ Call สภาพอากาศสมาร์ทวอท์ชแบรนด์เดิมสมาร์ทวอท์ชหน้าจอสัมผัสสมาร์ทสมาร์ทวอท์ชสำหรับเด็ก","https://www.lazada.co.th/products/pdp-i4209060524.html","3"
"1791098672-32","https://www.lazada.co.th/catalog/?spm=a2o4m.searchlist.0.0.4f2eca07VzcZLe&q=Apple%20Watch%20Series%209&page=5","[Hot Item] Amazfit Bip 6 46mm Smartwatch หน้าจอใหญ่พร้อม GPS แม่นยำและโหมดกีฬา 140+ BioTracker™ ตรวจจับสุขภาพ 24 ชม.","฿2,690.00","[Hot Item] Amazfit Bip 6 46mm Smartwatch หน้าจอใหญ่พร้อม GPS แม่นยำและโหมดกีฬา 140+ BioTracker™ ตรวจจับสุขภาพ 24 ชม.","https://www.lazada.co.th/products/pdp-i5663725610.html",""
"1791098674-33","https://www.lazada.co.th/catalog/?spm=a2o4m.searchlist.0.0.4f2eca07VzcZLe&q=Apple%20Watch%20Series%209&page=5","Fitbit Charge 4 Fitbit Charge 3สมาร์ทวอท์ชเครื่องติดตามการออกกำลังกายและกิจกรรมด้วย GPS ในตัวอัตราการเต้นของหัวใจการนอนหลับและการติดตามว่ายน้ำ","฿2,404.00","Fitbit Charge 4 Fitbit Charge 3สมาร์ทวอท์ชเครื่องติดตามการออกกำลังกายและกิจกรรมด้วย GPS ในตัวอัตราการเต้นของหัวใจการนอนหลับและการติดตามว่ายน้ำ","https://www.lazada.co.th/products/pdp-i16170558109.html",""
"1791098677-34","https://www.lazada.co.th/catalog/?spm=a2o4m.searchlist.0.0.4f2eca07VzcZLe&q=Apple%20Watch%20Series%209&page=5","รับประกันของแท้ 100% จัดส่งด่วน！ Smart Watch นาฬิกาสมาร์ท บลูทูธ 4.0 วัดชีพจร รองรับระบบ IOS Android สมาทวอชของแท้（สมาร์ทวอทช์ วอช สายรัดข้อมือสมาร์ท นาฬิกาสมาทวอช สายรัดข้อมืออัจฉริยะ สมาร์ทวอท์ช สมาร์ทวอทช์ แท้ สมาทร์วอช ）","฿311.00","รับประกันของแท้ 100% จัดส่งด่วน！ Smart Watch นาฬิกาสมาร์ท บลูทูธ 4.0 วัดชีพจร รองรับระบบ IOS Android สมาทวอชของแท้（สมาร์ทวอทช์ วอช สายรัดข้อมือสมาร์ท นาฬิกาสมาทวอช สายรัดข้อมืออัจฉริยะ สมาร์ทวอท์ช สมาร์ทวอทช์ แท้ สมาทร์วอช ）","https://www.lazada.co.th/products/pdp-i4231609559.html",""
"1791098679-35","https://www.lazada.co.th/catalog/?spm=a2o4m.searchlist.0.0.4f2eca07VzcZLe&q=Apple%20Watch%20Series%209&page=5","2026 ใหม่ 1100 มิลลิแอมป์ชั่วโมง AMOLED สมาร์ทนาฬิกาผู้ชาย 170+ กีฬาฟิตเนสไฟฉาย LED IP69 กันน้ำบลูทูธโทร GPS ติดตามสมาร์ทวอทช์ iOS","฿1,123.27","2026 ใหม่ 1100 มิลลิแอมป์ชั่วโมง AMOLED สมาร์ทนาฬิกาผู้ชาย 170+ กีฬาฟิตเนสไฟฉาย LED IP69 กันน้ำบลูทูธโทร GPS ติดตามสมาร์ทวอทช์ iOS","https://www.lazada.co.th/products/pdp-i16185585202.html",""
"1791098681-36","https://www.lazada.co.th/catalog/?spm=a2o4m.searchlist.0.0.4f2eca07VzcZLe&q=Apple%20Watch%20Series%209&page=5","[New] HONOR Watch X5i สมาร์ทวอทช์ Smart Watch หน้าจอ AMOLED ขนาดใหญ่ 1.97 นิ้ว รองรับการโทรผ่าน Bluetooth ใช้งานได้นาน 21 วัน","฿1,699.00","[New] HONOR Watch X5i สมาร์ทวอทช์ Smart Watch หน้าจอ AMOLED ขนาดใหญ่ 1.97 นิ้ว รองรับการโทรผ่าน Bluetooth ใช้งานได้นาน 21 วัน","https://www.lazada.co.th/products/pdp-i16204557283.html",""
"1791098683-37","https://www.lazada.co.th/catalog/?spm=a2o4m.searchlist.0.0.4f2eca07VzcZLe&q=Apple%20Watch%20Series%209&page=5","Hoco CW51 100% ของแท้ที่ชาร์จแบบไร้สาย5V/1A Type-C สำหรับ IWatch 9 8 7นาฬิกา Apple 8 /7/6 /Se/ 5/4/3/2/1สำหรับ IWatch Ultra/ชุด Ultra2","฿350.00","Hoco CW51 100% ของแท้ที่ชาร์จแบบไร้สาย5V/1A Type-C สำหรับ IWatch 9 8 7นาฬิกา Apple 8 /7/6 /Se/ 5/4/3/2/1สำหรับ IWatch Ultra/ชุด Ultra2","https://www.lazada.co.th/products/pdp-i5155246309.html",""
"1791098686-38","https://www.lazada.co.th/catalog/?spm=a2o4m.searchlist.0.0.4f2eca07VzcZLe&q=Apple%20Watch%20Series%209&page=5","แท้นาฬิกา นาฬิกาสมาร์ทวอทช์ Waterproof smart watch  สัมผัสได้เต็มจอ วัดออกซิเจนในเลือด นับก้าว วัดชีพจร for huawei oppo Android IOS","฿199.00","แท้นาฬิกา นาฬิกาสมาร์ทวอทช์ Waterproof smart watch  สัมผัสได้เต็มจอ วัดออกซิเจนในเลือด นับก้าว วัดชีพจร for huawei oppo Android IOS","https://www.lazada.co.th/products/pdp-i5949625459.html",""
"1791098688-39","https://www.lazada.co.th/catalog/?spm=a2o4m.searchlist.0.0.4f2eca07VzcZLe&q=Apple%20Watch%20Series%209&page=5","CRAFTSMAN DAI | สายนาฬิกาสปอร์ตแม่เหล็กสำหรับ Apple ซิลิคอน ใช้ได้ทั้งชายและหญิง ฤดูใบไม้ผลิ-ฤดูร้อน","฿341.90","CRAFTSMAN DAI | สายนาฬิกาสปอร์ตแม่เหล็กสำหรับ Apple ซิลิคอน ใช้ได้ทั้งชายและหญิง ฤดูใบไม้ผลิ-ฤดูร้อน","https://www.lazada.co.th/products/pdp-i5933049559.html",""
"1791098690-40","https://www.lazada.co.th/catalog/?spm=a2o4m.searchlist.0.0.4f2eca07VzcZLe&q=Apple%20Watch%20Series%209&page=5","เคส PC กระจก Temepreed สำหรับ Apple Watch Ultra 3/2/1 ขนาด 49 มม. IWatch Series 11 10 9 8 7 6 5 4 Series SE 3/2/1 สาย 46 มม. 45 มม. 41 มม. 40 มม. 42 มม. 38 มม.","฿29.00","เคส PC กระจก Temepreed สำหรับ Apple Watch Ultra 3/2/1 ขนาด 49 มม. IWatch Series 11 10 9 8 7 6 5 4 Series SE 3/2/1 สาย 46 มม. 45 มม. 41 มม. 40 มม. 42 มม. 38 มม.","https://www.lazada.co.th/products/pdp-i5792886771.html",""
