web_scraper_order,web_scraper_start_url,ราคา,ชื่อรุ่น,คะแนนรีวิว
"1791085046-1","https://shopee.co.th/search?keyword=%E0%B8%99%E0%B8%B2%E0%B8%AC%E0%B8%B4%E0%B8%81%E0%B8%B2%20galaxy%20watch%208&trackingId=searchhint-1791085010-d59efb1b-bfa4-11f1-88ad-7253b817a83c","7,900","Samsung Galaxy Watch8 40mm Bluetooth","5.0"
"1791085046-2","https://shopee.co.th/search?keyword=%E0%B8%99%E0%B8%B2%E0%B8%AC%E0%B8%B4%E0%B8%81%E0%B8%B2%20galaxy%20watch%208&trackingId=searchhint-1791085010-d59efb1b-bfa4-11f1-88ad-7253b817a83c","7,790","Samsung Galaxy Watch 8 [40/44 mm] AI smart watch","5.0"
"1791085046-3","https://shopee.co.th/search?keyword=%E0%B8%99%E0%B8%B2%E0%B8%AC%E0%B8%B4%E0%B8%81%E0%B8%B2%20galaxy%20watch%208&trackingId=searchhint-1791085010-d59efb1b-bfa4-11f1-88ad-7253b817a83c","6,980","Galaxy Watch 8 (40"")(44"") สินค้าของแท้ศูนย์ไทยแท้ ค้างสต็อก ประกันร้านเท่านั้น","5.0"
"1791085046-4","https://shopee.co.th/search?keyword=%E0%B8%99%E0%B8%B2%E0%B8%AC%E0%B8%B4%E0%B8%81%E0%B8%B2%20galaxy%20watch%208&trackingId=searchhint-1791085010-d59efb1b-bfa4-11f1-88ad-7253b817a83c","10,900","Samsung Galaxy Watch8 (Bluetooth, 40 mm) สมาร์ทวอทช์ AI","5.0"
"1791085046-5","https://shopee.co.th/search?keyword=%E0%B8%99%E0%B8%B2%E0%B8%AC%E0%B8%B4%E0%B8%81%E0%B8%B2%20galaxy%20watch%208&trackingId=searchhint-1791085010-d59efb1b-bfa4-11f1-88ad-7253b817a83c","10,590","Samsung Galaxy Watch 8 ประกันศูนย์ Samsung 1ปี","5.0"
"1791085046-6","https://shopee.co.th/search?keyword=%E0%B8%99%E0%B8%B2%E0%B8%AC%E0%B8%B4%E0%B8%81%E0%B8%B2%20galaxy%20watch%208&trackingId=searchhint-1791085010-d59efb1b-bfa4-11f1-88ad-7253b817a83c","8,490","Samsung Galaxy Watch 8 Bluetooth Smartwatch (40/44mm) นาฬิกาสมาร์ทวอทช์ ของซัมซุง หน้าจอ 1.47“  ประกันศูนย์ 1ปี","5.0"
"1791085046-7","https://shopee.co.th/search?keyword=%E0%B8%99%E0%B8%B2%E0%B8%AC%E0%B8%B4%E0%B8%81%E0%B8%B2%20galaxy%20watch%208&trackingId=searchhint-1791085010-d59efb1b-bfa4-11f1-88ad-7253b817a83c","8,690","Samsung Galaxy Watch 8 Bluetooth Smartwatch (40/44mm)","4.9"
"1791085046-8","https://shopee.co.th/search?keyword=%E0%B8%99%E0%B8%B2%E0%B8%AC%E0%B8%B4%E0%B8%81%E0%B8%B2%20galaxy%20watch%208&trackingId=searchhint-1791085010-d59efb1b-bfa4-11f1-88ad-7253b817a83c","9,999","***แท้ศูนย์ไทย ร่วมโค้ด Galaxy Watch 8","5.0"
"1791085046-9","https://shopee.co.th/search?keyword=%E0%B8%99%E0%B8%B2%E0%B8%AC%E0%B8%B4%E0%B8%81%E0%B8%B2%20galaxy%20watch%208&trackingId=searchhint-1791085010-d59efb1b-bfa4-11f1-88ad-7253b817a83c","16,703","Samsung Galaxy Watch 8 40mm, 44mm LTE (SM-L325)*","5.0"
"1791085046-10","https://shopee.co.th/search?keyword=%E0%B8%99%E0%B8%B2%E0%B8%AC%E0%B8%B4%E0%B8%81%E0%B8%B2%20galaxy%20watch%208&trackingId=searchhint-1791085010-d59efb1b-bfa4-11f1-88ad-7253b817a83c","12,619","Samsung Galaxy Watch8 40mm (BT) (สินค้ารับประกันศูนย์ 1ปี)","5.0"
"1791085046-11","https://shopee.co.th/search?keyword=%E0%B8%99%E0%B8%B2%E0%B8%AC%E0%B8%B4%E0%B8%81%E0%B8%B2%20galaxy%20watch%208&trackingId=searchhint-1791085010-d59efb1b-bfa4-11f1-88ad-7253b817a83c","15,459","Samsung Galaxy Watch 8 (Bluetooth, 44 mm) สี Graphite รุ่น SM-L330NDAAASA","5.0"
"1791085046-12","https://shopee.co.th/search?keyword=%E0%B8%99%E0%B8%B2%E0%B8%AC%E0%B8%B4%E0%B8%81%E0%B8%B2%20galaxy%20watch%208&trackingId=searchhint-1791085010-d59efb1b-bfa4-11f1-88ad-7253b817a83c","15,927","Samsung Galaxy Watch 8 (2025), Graphite, 40mm, สมาร์ทวอทช์บลูทูธ",""
"1791085046-13","https://shopee.co.th/search?keyword=%E0%B8%99%E0%B8%B2%E0%B8%AC%E0%B8%B4%E0%B8%81%E0%B8%B2%20galaxy%20watch%208&trackingId=searchhint-1791085010-d59efb1b-bfa4-11f1-88ad-7253b817a83c","16,009","Samsung Galaxy Watch 8 (Bluetooth, 44 mm) รุ่น SM-L330NDAAASA สี Graphite","4.9 คะแนน"
"1791085046-14","https://shopee.co.th/search?keyword=%E0%B8%99%E0%B8%B2%E0%B8%AC%E0%B8%B4%E0%B8%81%E0%B8%B2%20galaxy%20watch%208&trackingId=searchhint-1791085010-d59efb1b-bfa4-11f1-88ad-7253b817a83c","9,520","Samsung Galaxy Watch8 สมาร์ทวอทช์ ระบบบลูทูธ 40mm","5.0"
"1791085046-15","https://shopee.co.th/search?keyword=%E0%B8%99%E0%B8%B2%E0%B8%AC%E0%B8%B4%E0%B8%81%E0%B8%B2%20galaxy%20watch%208&trackingId=searchhint-1791085010-d59efb1b-bfa4-11f1-88ad-7253b817a83c","10,747","Samsung Galaxy Watch 8 Bluetooth Smartwatch","5.0"
