web_scraper_order,web_scraper_start_url,pagination,price,product_name,historical_sold,rating_score
"1791081819-1","https://shopee.co.th/search?keyword=huawei%20watch%20ultimate&page=1","","299","Original Product + FREE Shipping  2025 Smart watch 7 in1 Waterproof 7 Straps Men Women 49MM Bluetooth Call Heart rate Wi","ขายแล้ว 264 ชิ้น","4.7"
"1791081819-2","https://shopee.co.th/search?keyword=huawei%20watch%20ultimate&page=1","","685","22 มม.สายโลหะสําหรับนาฬิกา Huawei Ultimate 2 Ultimate สายสแตนเลสสําหรับ Huawei Watch GT6 Pro /GT5/GT4/GT3 46 มม.อุปกรณ์เสริม","ขายแล้ว 20 ชิ้น","4.9"
"1791081819-3","https://shopee.co.th/search?keyword=huawei%20watch%20ultimate&page=1","","9,490","HUAWEI WATCH GT6Pro กีฬากลางแจ้งเชิงลึก วัดพลังปั่นจักรยานบนข้อมือแบตเตอรี่สูงสุด 21วัน กระจกแซฟไฟร์และไทเทเนียมอัลลอย","ขายแล้ว 13 ชิ้น","5.0"
"1791081819-4","https://shopee.co.th/search?keyword=huawei%20watch%20ultimate&page=1","","359","24H Ship 2026 Smart Watch Men Outdoor  2.01"" Screen 3ATM Waterproof Watches Bluetooth Call Ai Voice Sport Smartwatch","ขายแล้ว 400 ชิ้น","4.7"
"1791081819-5","https://shopee.co.th/search?keyword=huawei%20watch%20ultimate&page=1","","621","สแตนเลสสตีลยางสําหรับนาฬิกา Huawei GT6 Pro 46 มม.สร้อยข้อมือโลหะ Ultimate สําหรับ Seiko สําหรับ Samsung Galaxy นาฬิกา 46 มม.","ขายแล้ว 117 ชิ้น","4.9"
"1791081819-6","https://shopee.co.th/search?keyword=huawei%20watch%20ultimate&page=1","","389","2026 NEW GT4 Pro Smart Watch Men AMOLED HD Screen Bluetooth Call NFC IP67 Waterproof Watches Blood Smartwatch Woman","ขายแล้ว 3 ชิ้น",""
"1791081819-7","https://shopee.co.th/search?keyword=huawei%20watch%20ultimate&page=1","","650","HONOR Band 9 สมาร์ทวอทช์รุ่นใหม่ ใช้สำหรับวัดอัตรการเต้นของหัวใจ สินค้าศูนย์ไทยมือ 1 ของแท้ 100%","ขายแล้ว 713 ชิ้น","5.0"
"1791081819-8","https://shopee.co.th/search?keyword=huawei%20watch%20ultimate&page=1","","1,899","MAJDOMO LOOP Smart watch band  GPS, ตัวเรือนโลหะกันน้ำ 5ATM  โหมดกีฬา50+","ขายแล้ว 7พัน+ ชิ้น","4.9"
"1791081819-9","https://shopee.co.th/search?keyword=huawei%20watch%20ultimate&page=1","","112","นาฬิกาสมาร์ทวอชท์ M8นาฬิกาเครื่องนับก้าวกีฬาเหมาะสำหรับคู่รักนักเรียนชายและหญิง","ขายแล้ว 664 ชิ้น","4.5"
"1791081819-10","https://shopee.co.th/search?keyword=huawei%20watch%20ultimate&page=1","","10,490","HUAWEI WATCH GT 6 Pro โหมดกีฬากลางแจ้งเชิงลึก | วัดพลังปั่นจักรยานบนข้อมือ แบตเตอรี่สูงสุด 21 วัน | กระจกแซฟไฟร์และไทเท","ขายแล้ว 144 ชิ้น","5.0"
"1791081819-11","https://shopee.co.th/search?keyword=huawei%20watch%20ultimate&page=1","","669","Aolon Ring Gen 3T แหวนอัจฉริยะ 1.7g น้ำหนักเบาพิเศษ แหวนสุขภาพ กันน้ำระดับ IP69K วัดอัตราการเต้นหัวใจ แหวนออกกําลังกาย","ขายแล้ว 4พัน+ ชิ้น","4.8"
"1791081819-12","https://shopee.co.th/search?keyword=huawei%20watch%20ultimate&page=1","","4,666","Huawei Watch Fit 5 นาฬิกาอัจฉริยะ Smartwatch วัดการออกกำลังกาย ออกซิเจนในเลือด ฟิตเนส","",""
"1791081819-13","https://shopee.co.th/search?keyword=huawei%20watch%20ultimate&page=1","","949","2026NEW ทหาร Smartwatch ผู้ชาย 1100mAh แบตเตอรี่ทนทานเป็นพิเศษ 1.7 นิ้ว HD หน้าจอเข็มทิศ SmartWatch 3ATM กันน้ํา","ขายแล้ว 57 ชิ้น","4.9"
"1791081819-14","https://shopee.co.th/search?keyword=huawei%20watch%20ultimate&page=1","","9,985","HUAWEI WATCH GT 6 Pro สินค้าประกันศูนย์ไทย","",""
"1791081819-15","https://shopee.co.th/search?keyword=huawei%20watch%20ultimate&page=1","","7,890","HUAWEI WATCH GT 7 Series | สมาร์ทวอทช์ | กรอบเซรามิกนาโนคริสตัล*","","4.8 คะแนน"
"1791081819-16","https://shopee.co.th/search?keyword=huawei%20watch%20ultimate&page=1","","379","NEW Smart Watch WomenMen Bluetooth Calling Health MonitoringBluetooth Calling TouchScreenWaterproof Heart Rate St","ขายแล้ว 62 ชิ้น","4.4"
"1791081819-17","https://shopee.co.th/search?keyword=huawei%20watch%20ultimate&page=1","","33","ตัวป้องกันหน้าจอสําหรับนาฬิกา Huawei Ultimate 2 / 1 2.5D HD Clear / Anti Blue-Ray 9H ฟิล์มกระจกนิรภัย","ขายแล้ว 53 ชิ้น","4.9"
"1791081819-18","https://shopee.co.th/search?keyword=huawei%20watch%20ultimate&page=1","","59","สําหรับ Huawei Watch GT 2 2e 3 4 5 Pro Pro Prosche Active Cyber SE Runner Ultimate 41 มม.42 มม.43 มม.46 มม.ขอบโค้งป้องกันหน้าจอ","ขายแล้ว 8 ชิ้น","5.0"
"1791081819-19","https://shopee.co.th/search?keyword=huawei%20watch%20ultimate&page=1","","719","สมาร์ทวอทช์ AI รุ่นผู้สูงอายุ จอใหญ่เห็นชัด แบตเตอรี่อึด ใช้ได้นาน รองรับหัวใจ นอนหลับ และแจ้งเตือนเมื่อตก มีปุ่มกดSOS กดขอความช่วยเหลือทันที กันน้ำ เหมาะเป็นของขวัญวันแม่/วันพ่อ","ขายแล้ว 140 ชิ้น","4.5"
"1791081819-20","https://shopee.co.th/search?keyword=huawei%20watch%20ultimate&page=1","","339","Huafit S12 สมาร์ทวอทช์ หน้าจอ 1.83 นิ้ว HD รุ่นใหม่ บางเฉียบ 9.1mm แบตเตอรี่ใช้งาน 10 วัน วัดสุขภาพ Heart Rate SpO2","ขายแล้ว 427 ชิ้น","4.9"
"1791081819-21","https://shopee.co.th/search?keyword=huawei%20watch%20ultimate&page=1","","457","Aolon Curve 2.01'' จอใหญ่ สมาร์ทวอทช์ นาฬิกาจอโค้ง นาฬิกาสมาร์ทวอทช์ นาฬิกาสุขภาพ smartwatch กันน้ํา นาฬิกาออกกำลังกาย","ขายแล้ว 10พัน+ ชิ้น","4.9"
"1791081819-22","https://shopee.co.th/search?keyword=huawei%20watch%20ultimate&page=1","","1,010","[ขายดี!] AXON Memo Series Smart Watch จอใหญ่ โทรได้ กันน้ำ วัดชีพจร การนอนหลับ รองรับภาษาไทย ประกัน 2 ปี","ขายแล้ว 8พัน+ ชิ้น","4.8"
"1791081819-23","https://shopee.co.th/search?keyword=huawei%20watch%20ultimate&page=1","","12,990","HONMA x HUAWEI WATCH GT 6 Pro | สมาร์ทวอทช์ l Masterful Craftmanship l โหมดกอล์ฟแบบมือโปร | แบตเตอรี่นานสูงสุด 21 วัน","ขายแล้ว 6 ชิ้น","5.0"
"1791081819-24","https://shopee.co.th/search?keyword=huawei%20watch%20ultimate&page=1","","499","Oraimo x Tahilalats Smartwatch Watch 6 Max (OSW-8001N) สมาร์ทวอทช์ลายลิมิเต็ดสุดคิ้วท์ จอใหญ่คมชัด วัดชีพจร โหมดกีฬาครบ","ขายแล้ว 362 ชิ้น","4.8"
"1791081819-25","https://shopee.co.th/search?keyword=huawei%20watch%20ultimate&page=1","","1,199","นาฬิกาอัจฉริยะ Kawa Ultimate Plus วัดน้ำตาลในเลือด วัดอัตราการเต้นหัวใจ กันน้ำ วัดแคลลอรี่ (รองรับภาษาไทย)Smart watch","","4.8 คะแนน"
"1791081819-26","https://shopee.co.th/search?keyword=huawei%20watch%20ultimate&page=1","","1,569","Aolon GT6 Pro นาฬิกาสมาร์ทวอทช์ 1.51'' AMOLED จอใหญ่ แบตเตอรี่ 500mAh อายุการใช้งานยาวนาน smartwatch ตรวจสุขภาพครบวงจร","ขายแล้ว 361 ชิ้น","4.9"
"1791081819-27","https://shopee.co.th/search?keyword=huawei%20watch%20ultimate&page=1","","850","Honor Choice Watch 2i สี Black ศูนย์ไทย ของใหม่มือ 1 ซีลแท้ 100%","ขายแล้ว 192 ชิ้น","5.0"
"1791081819-28","https://shopee.co.th/search?keyword=huawei%20watch%20ultimate&page=1","","1,457","Luxury Titanium Metal Band สําหรับ Huawei นาฬิกา GT6Pro GT6 GT5/4 46 มม. Ultimate 22 มม.สายยางสําหรับ Amazfit นาฬิกา Balance Active 2","","4.8 คะแนน"
"1791081819-29","https://shopee.co.th/search?keyword=huawei%20watch%20ultimate&page=1","","6,990","HUAWEI WATCH GT 7 (46 MM)(41 MM) แถมฟรี หูฟังFreebuds SE2+สายนาฬิกา (รับประกันสินค้า 1 ปี)","","4.9 คะแนน"
"1791081819-30","https://shopee.co.th/search?keyword=huawei%20watch%20ultimate&page=1","","22,990","Garmin Venu X1 นาฬิกาสมาร์ทวอทช์ รับประกันศูนย์ไทย 2 ปี","ขายแล้ว 24 ชิ้น","5.0"
"1791081819-31","https://shopee.co.th/search?keyword=huawei%20watch%20ultimate&page=1","","4,990","HUAWEI WATCH GT 5 | สมาร์ทวอชดีไซน์สวยฟังก์ชั่นครบ ใช้ได้ทั้ง iOSและAndroid","ขายแล้ว 181 ชิ้น","4.9"
"1791081819-32","https://shopee.co.th/search?keyword=huawei%20watch%20ultimate&page=1","","419","2026 New นาฬิกาสมาร์ทวอทช์ 600mAh 2.01 ""HD จอแสดงผลขนาดใหญ่ การตรวจสอบสุขภาพ For HUAWEI","","4.8 คะแนน"
"1791081819-33","https://shopee.co.th/search?keyword=huawei%20watch%20ultimate&page=1","","10,094","Huawei Watch GT Runner 2 โหมดวิ่งมาราธอน ระบุตำแหน่งแม่นยำ เครื่องประกันศูนย์ไทย","",""
"1791081819-34","https://shopee.co.th/search?keyword=huawei%20watch%20ultimate&page=1","","7,550","[Hot Item] Amazfit T-Rex 3 48mm GPS นำทาง ดาวเทียม 6 ดวง กันน้ำ 10ATM ใช้ได้อุณหภูมิ -30 องศา","ขายแล้ว 10พัน+ ชิ้น","4.9"
"1791081819-35","https://shopee.co.th/search?keyword=huawei%20watch%20ultimate&page=1","","6,490","[10.9 20.00 - 10.12 | ลดสูงสุด 25%] HUAWEI WATCH Kids X1 Series | อุปกรณ์สวมใส่ | ดีไซน์พับ หมุน และถอดแยกได้***","ขายแล้ว 402 ชิ้น","4.9"
"1791081819-36","https://shopee.co.th/search?keyword=huawei%20watch%20ultimate&page=1","","1,610","Google Pixel Watch 1st Gen | Smartwatch | Wear OS 5.1 | 95% New | eSIM, Health Tracking","ขายแล้ว 94 ชิ้น","5.0"
"1791081819-37","https://shopee.co.th/search?keyword=huawei%20watch%20ultimate&page=1","","848","แค่ สร้อยข้อมือสมาร์ทกันน้ํากีฬาฟิตเนสติดตามอัตราการเต้นหัวใจการตรวจสอบ สมาร์ทแบนด์ สําหรับผู้ชายผู้หญิง","ขายแล้ว 972 ชิ้น","4.9"
"1791081819-38","https://shopee.co.th/search?keyword=huawei%20watch%20ultimate&page=1","","799","GOOJODOQ FB060 IP68 Waterproof Smart Watch Zinc Alloy 3D Dynamic Comprehensive Health Monitoring Smart Voice Assistant","ขายแล้ว 280 ชิ้น","4.9"
"1791081819-39","https://shopee.co.th/search?keyword=huawei%20watch%20ultimate&page=1","","1,312","【ใหม่】Aolon GT6 Pro 1.51'' สมาร์ทวอทช์ จอใหญ่ 500mAh smartwatch นาฬิกาวัดความดันโลหิต AMOLED นาฬิกาวิ่ง นาฬิกาโลหะ","ขายแล้ว 5พัน+ ชิ้น","4.8"
"1791081819-40","https://shopee.co.th/search?keyword=huawei%20watch%20ultimate&page=1","","15,940","Garmin Approach S50 ประกันศูนย์ไทย 2 ปี","ขายแล้ว 34 ชิ้น","4.9"
"1791081819-41","https://shopee.co.th/search?keyword=huawei%20watch%20ultimate&page=1","","5,390","พร้อมส่ง Google Fitbit Air สี Fog ของใหม่ แท้ 100%","",""
"1791081819-42","https://shopee.co.th/search?keyword=huawei%20watch%20ultimate&page=1","","979","Aolon Prime 3 นาฬิกาสมาร์ทวอทช์ 1.43 ""หน้าจอ AMOLED เคสโลหะ AOD สมาร์ทนาฬิกา สมาร์ทวอทช์ 100 + โหมดกีฬาบลูทูธโทรวอลล์เปเปอร์ที่กําหนดเอง","ขายแล้ว 279 ชิ้น","4.9"
"1791081819-43","https://shopee.co.th/search?keyword=huawei%20watch%20ultimate&page=1","","11,490","HUAWEI WATCH GT 6 Pro | สมาร์ทวอชดีไซน์สวยฟังก์ชั่นครบ ใช้ได้ทั้ง iOSและAndroid | UFicon","ขายแล้ว 11 ชิ้น","5.0"
"1791081819-44","https://shopee.co.th/search?keyword=huawei%20watch%20ultimate&page=1","","6,450","Amazfit Active 3 Premium รุ่นใหม่ หน้าจอ AMOLED 1.32"" 3000nits หน้าจอ Sapphire Built-in running workouts","ขายแล้ว 1พัน+ ชิ้น","4.9"
"1791081819-45","https://shopee.co.th/search?keyword=huawei%20watch%20ultimate&page=1","","13,990","Garmin Fenix 7 pro solar","",""
"1791081819-46","https://shopee.co.th/search?keyword=huawei%20watch%20ultimate&page=1","","10,432","นาฬิกา HUAWEI WATCH GT 6 Pro (สินค้ารับประกัน 1 ปี)","ขายแล้ว 245 ชิ้น","5.0"
"1791081819-47","https://shopee.co.th/search?keyword=huawei%20watch%20ultimate&page=1","","9,490","HUAWEI WATCH GT6 Pro กีฬากลางแจ้งเชิงลึก วัดพลังปั่นจักรยานบนข้อมือแบตเตอรี่สูงสุด 21 วัน กระจกแซฟไฟร์และไทเทเนียมอัลลอย","ขายแล้ว 24 ชิ้น","4.8"
"1791081819-48","https://shopee.co.th/search?keyword=huawei%20watch%20ultimate&page=1","","18,990","HUAWEI WATCH 5 | สมาร์ทวอชยุคใหม่แห่งตรวจสอบสุขภาพ | ใช้ได้ทั้ง iOSและAndroid | UFicon","ขายแล้ว 4 ชิ้น","5.0"
"1791081819-49","https://shopee.co.th/search?keyword=huawei%20watch%20ultimate&page=1","","16,690","Garmin Venu 4 45mm - ID26090553","","4.8 คะแนน"
"1791081819-50","https://shopee.co.th/search?keyword=huawei%20watch%20ultimate&page=1","","99,999","[NOT FOR SALE ห้ามกดซื้อ] [Free Gift GT 7] FreeBuds SE 2 | ร้านค้าอย่างเป็นทางการ","ขายแล้ว 797 ชิ้น","5.0"
"1791081819-51","https://shopee.co.th/search?keyword=huawei%20watch%20ultimate&page=1","","69","ฟิล์มกันรอยนาฬิกา Huawei Watch GT 7 Series | ฟิล์ม Huawei Watch GT 7 | ฟิล์ม Huawei Watch GT 7 Pro | ฟิล์มนาฬิกาสมาร์ทวอ","ขายแล้ว 4 ชิ้น","5.0"
"1791081819-52","https://shopee.co.th/search?keyword=huawei%20watch%20ultimate&page=1","","490","Huawei EasyFit 3 สายนาฬิกาข้อมือ 22mm","ขายแล้ว 82 ชิ้น","5.0"
"1791081819-53","https://shopee.co.th/search?keyword=huawei%20watch%20ultimate&page=1","","1,343","Magnetic Milanese สําหรับ Huawei Watch GT7 Pro 46 มม.ปุ่ม Quick Release สร้อยข้อมือสําหรับนาฬิกา Huawei GT6 Pro 46 มม.ไม่มีช่องว่างสายรัดข้อมือ","","4.8 คะแนน"
"1791081819-54","https://shopee.co.th/search?keyword=huawei%20watch%20ultimate&page=1","","69","ตัวป้องกันหน้าจอ 20D สําหรับ Huawei Watch D2 ฟิล์มป้องกันรอยขีดข่วนครอบคลุมเต็มรูปแบบฟิล์มป้องกัน Ultra-HD (ไม่ใช่กระจก) อุปกรณ์เสริม","ขายแล้ว 523 ชิ้น","4.8"
"1791081819-55","https://shopee.co.th/search?keyword=huawei%20watch%20ultimate&page=1","","1,290","HUAWEI Watch GT Series Strap GT2-3-4-5-6 Strap for Latona 46mm สายนาฬิกาแท้ HUAWEI","ขายแล้ว 35 ชิ้น","4.9"
"1791081819-56","https://shopee.co.th/search?keyword=huawei%20watch%20ultimate&page=1","","153","กรอบวงแหวนหนามเตย ป้องกันหน้าจอ สำหรับนาฬิกา Huawei Watch GT2 46 มม. Samsung Galaxy Watch 46 มม. Gear S3","ขายแล้ว 2พัน+ ชิ้น","4.8"
"1791081819-57","https://shopee.co.th/search?keyword=huawei%20watch%20ultimate&page=1","","1,990","New HUAWEI WATCH Wireless SuperCharger (2nd generation) ที่ชาร์จนาฬิกาแบบไว HUAWEI ของแท้","ขายแล้ว 34 ชิ้น","5.0"
"1791081819-58","https://shopee.co.th/search?keyword=huawei%20watch%20ultimate&page=1","","99","หัวชาร์จนาฬิกาข้อศอก  90°Vertical Bend Charger Adapter for Garmin 970/965/955/945/935/570/170/165/245/255/265/Fenix/Venu","ขายแล้ว 152 ชิ้น","4.9"
"1791081819-59","https://shopee.co.th/search?keyword=huawei%20watch%20ultimate&page=1","","59","🇹🇭สายชาร์จ Huawei GT/GT2/GT2E/Honor Magic-2/GT2PRO/GT3-4-5/GT3PRO/GT Runner/Watch D 🇹🇭พร้อมส่งจากไทย❗️ราคาถูก❗️","ขายแล้ว 10พัน+ ชิ้น","4.9"
"1791081819-60","https://shopee.co.th/search?keyword=huawei%20watch%20ultimate&page=1","","580","สายรัดข้อมือแม่เหล็กโลหะขนาด 22 มม. เหมาะสําหรับ Huawei GT6/gt5/gt4/gt3/gt6pro สายสแตนเลส watch5/4pro/buds","ขายแล้ว 375 ชิ้น","4.8"
