web_scraper_order,web_scraper_start_url,pagination,ราคา,ชื่อรุ่น,คะแนนรีวิว
"1791085425-1","https://shopee.co.th/search?keyword=%E0%B8%99%E0%B8%B2%E0%B8%AC%E0%B8%B4%E0%B8%81%E0%B8%B2%20galaxy%20watch%20ultra&page=3&trackingId=searchhint-1791085103-0cf2ca55-bfa5-11f1-b166-c6de041a4a89","","239","สายสแตนเลสสําหรับ SAMSUNG Galaxy Watch 7 ULTRA 47 มม.ไม่มีช่องว่างสําหรับ SAMSUNG Galaxy 7 ULTRA 47 มม.สร้อยข้อมือหรูหรา Correa","4.9"
"1791085425-2","https://shopee.co.th/search?keyword=%E0%B8%99%E0%B8%B2%E0%B8%AC%E0%B8%B4%E0%B8%81%E0%B8%B2%20galaxy%20watch%20ultra&page=3&trackingId=searchhint-1791085103-0cf2ca55-bfa5-11f1-b166-c6de041a4a89","","1,648","Global Version HK12 ULTRA 4 Smartwatch 49 มม.HD AMOLED AI หุ่นยนต์บลูทูธเครือข่ายนาฬิกา NFC เข็มทิศสมาร์ทนาฬิกาผู้ชาย",""
"1791085425-3","https://shopee.co.th/search?keyword=%E0%B8%99%E0%B8%B2%E0%B8%AC%E0%B8%B4%E0%B8%81%E0%B8%B2%20galaxy%20watch%20ultra&page=3&trackingId=searchhint-1791085103-0cf2ca55-bfa5-11f1-b166-c6de041a4a89","","200","นาฬิกา 8 Ultra Series 8 สมาร์ทวอทช์ดิจิตอลผู้ชายกันน้ํากีฬาฟิตเนสสมาร์ทวอทช์สําหรับ IOS Android","5.0"
"1791085425-4","https://shopee.co.th/search?keyword=%E0%B8%99%E0%B8%B2%E0%B8%AC%E0%B8%B4%E0%B8%81%E0%B8%B2%20galaxy%20watch%20ultra&page=3&trackingId=searchhint-1791085103-0cf2ca55-bfa5-11f1-b166-c6de041a4a89","","71","สําหรับ Samsung Galaxy Watch 8Ultra 47 มม.PC Hollow Case Protector นาฬิกา 7Ultra 47 มม.กรอบ Drop ทนป้องกันกรณีกันชน","4.9"
"1791085425-5","https://shopee.co.th/search?keyword=%E0%B8%99%E0%B8%B2%E0%B8%AC%E0%B8%B4%E0%B8%81%E0%B8%B2%20galaxy%20watch%20ultra&page=3&trackingId=searchhint-1791085103-0cf2ca55-bfa5-11f1-b166-c6de041a4a89","","203","เคสอลูมิเนียมอัลลอยด์โลหะสำหรับนาฬิกา Samsung Galaxy Ultra 2025 47mm เคสนาฬิกาฝาครอบป้องกัน","4.9 คะแนน"
"1791085425-6","https://shopee.co.th/search?keyword=%E0%B8%99%E0%B8%B2%E0%B8%AC%E0%B8%B4%E0%B8%81%E0%B8%B2%20galaxy%20watch%20ultra&page=3&trackingId=searchhint-1791085103-0cf2ca55-bfa5-11f1-b166-c6de041a4a89","","2,590","Black Shark S3 Smartwatch สมาร์ทวอทช์ มี GPS โทรศัพท์ได้ Bluetooth Calling หน้าจอใหญ่ 1.43 นิ้ว -1Y","4.9"
"1791085425-7","https://shopee.co.th/search?keyword=%E0%B8%99%E0%B8%B2%E0%B8%AC%E0%B8%B4%E0%B8%81%E0%B8%B2%20galaxy%20watch%20ultra&page=3&trackingId=searchhint-1791085103-0cf2ca55-bfa5-11f1-b166-c6de041a4a89","","78","MLIFE - สายนาฬิกา Samsung Galaxy Watch Ultra 47 mm ตัวล็อคแม่เหล็ก กระจก เคส - Soft Silicone Strap","4.6"
"1791085425-8","https://shopee.co.th/search?keyword=%E0%B8%99%E0%B8%B2%E0%B8%AC%E0%B8%B4%E0%B8%81%E0%B8%B2%20galaxy%20watch%20ultra&page=3&trackingId=searchhint-1791085103-0cf2ca55-bfa5-11f1-b166-c6de041a4a89","","614","สายไทเทเนียมหรูหราสําหรับ Samsung Galaxy Watch Ultra 2025 สายนาฬิกาโลหะสําหรับ SAMSUNG GALAXY WATCH ULTRA 47 มม. 2024 อุปกรณ์เสริม","5.0"
"1791085425-9","https://shopee.co.th/search?keyword=%E0%B8%99%E0%B8%B2%E0%B8%AC%E0%B8%B4%E0%B8%81%E0%B8%B2%20galaxy%20watch%20ultra&page=3&trackingId=searchhint-1791085103-0cf2ca55-bfa5-11f1-b166-c6de041a4a89","","103","สายรัดสําหรับ Samsung Galaxy Watch Ultra 47 มม.ซิลิโคน Band Soft Sport Correa สร้อยข้อมือสําหรับ Galaxy Ultra 47 MM เปลี่ยนสายนาฬิกา","4.8"
"1791085425-10","https://shopee.co.th/search?keyword=%E0%B8%99%E0%B8%B2%E0%B8%AC%E0%B8%B4%E0%B8%81%E0%B8%B2%20galaxy%20watch%20ultra&page=3&trackingId=searchhint-1791085103-0cf2ca55-bfa5-11f1-b166-c6de041a4a89","","670","Galaxy Watch 7 สมาร์ทวอทช์สีเงิน - โทรไร้สาย, โทรศัพท์บลูทูธ, หน้าปัดนาฬิกาปรับแต่งได้, สไตล์สปอร์ต","5.0"
"1791085425-11","https://shopee.co.th/search?keyword=%E0%B8%99%E0%B8%B2%E0%B8%AC%E0%B8%B4%E0%B8%81%E0%B8%B2%20galaxy%20watch%20ultra&page=3&trackingId=searchhint-1791085103-0cf2ca55-bfa5-11f1-b166-c6de041a4a89","","518","เคสโลหะ + ฟิล์มกระจกนิรภัยสําหรับ Samsung Galaxy Watch Ultra 2025 47 มม. ฝาครอบป้องกันแบบแข็งสําหรับ Galaxy Watch Ultra อุปกรณ์เสริม","4.9"
"1791085425-12","https://shopee.co.th/search?keyword=%E0%B8%99%E0%B8%B2%E0%B8%AC%E0%B8%B4%E0%B8%81%E0%B8%B2%20galaxy%20watch%20ultra&page=3&trackingId=searchhint-1791085103-0cf2ca55-bfa5-11f1-b166-c6de041a4a89","","27","【เคส+สาย】Marine สายรัดสำห Samsung Galaxy Watch Ultra 2025 สายรัดซิลิโคนกีฬา + PC Hollow กรณี Samsung Galaxy Ultra 7 47mm","4.9"
"1791085425-13","https://shopee.co.th/search?keyword=%E0%B8%99%E0%B8%B2%E0%B8%AC%E0%B8%B4%E0%B8%81%E0%B8%B2%20galaxy%20watch%20ultra&page=3&trackingId=searchhint-1791085103-0cf2ca55-bfa5-11f1-b166-c6de041a4a89","","608","สายสแตนเลสโลหะสําหรับ Samsung Galaxy Watch Ultra 2025 47 มม.ยางผู้ชายสายรัดสร้อยข้อมือสําหรับ GALAXY นาฬิกา Ultra 2024 47 มม.","5.0"
"1791085425-14","https://shopee.co.th/search?keyword=%E0%B8%99%E0%B8%B2%E0%B8%AC%E0%B8%B4%E0%B8%81%E0%B8%B2%20galaxy%20watch%20ultra&page=3&trackingId=searchhint-1791085103-0cf2ca55-bfa5-11f1-b166-c6de041a4a89","","49","PC สําหรับ Samsung Galaxy Watch Ultra 2 47 มม.2026 Hollow ป้องกันกันชนสําหรับ Galaxy Watch 8/7 Ultra 47 มม.2025/2024 ฝาครอบ","4.8"
"1791085425-15","https://shopee.co.th/search?keyword=%E0%B8%99%E0%B8%B2%E0%B8%AC%E0%B8%B4%E0%B8%81%E0%B8%B2%20galaxy%20watch%20ultra&page=3&trackingId=searchhint-1791085103-0cf2ca55-bfa5-11f1-b166-c6de041a4a89","","98","โลหะ Bezel สําหรับ Samsung Galaxy นาฬิกา Ultra 47 มม.แหวน Bezel กาว Anti-scratch ป้องกันกรณี Smartwatch อุปกรณ์เสริม","4.8"
"1791085425-16","https://shopee.co.th/search?keyword=%E0%B8%99%E0%B8%B2%E0%B8%AC%E0%B8%B4%E0%B8%81%E0%B8%B2%20galaxy%20watch%20ultra&page=3&trackingId=searchhint-1791085103-0cf2ca55-bfa5-11f1-b166-c6de041a4a89","","1,140","2026 สมาร์ทวอทช์ 47 มม.W9 Galaxy ultra 2 หน้าจอสัมผัสไร้สายชาร์จบลูทูธโทรสําหรับผู้ชายและผู้หญิงเลดี้คริสต์มาสของขวัญกีฬาสมาร์ทนาฬิกา VSwatch 8","5.0"
"1791085425-17","https://shopee.co.th/search?keyword=%E0%B8%99%E0%B8%B2%E0%B8%AC%E0%B8%B4%E0%B8%81%E0%B8%B2%20galaxy%20watch%20ultra&page=3&trackingId=searchhint-1791085103-0cf2ca55-bfa5-11f1-b166-c6de041a4a89","","252","สายนาฬิกาทำจากสแตนเลสสำหรับ Samsung Galaxy Watch Ultra 2024 2025 ขนาด 47 มม. สายหรูหราแบบไม่มีช่องว่าง อุปกรณ์เสริมสายนา","5.0"
"1791085425-18","https://shopee.co.th/search?keyword=%E0%B8%99%E0%B8%B2%E0%B8%AC%E0%B8%B4%E0%B8%81%E0%B8%B2%20galaxy%20watch%20ultra&page=3&trackingId=searchhint-1791085103-0cf2ca55-bfa5-11f1-b166-c6de041a4a89","","667","สายนาฬิกาไนลอน No Gaps Quick‑Fit สำหรับ Samsung Galaxy Watch 7 Ultra 47มม. สร้อยข้อมือกีฬา","5.0"
"1791085425-19","https://shopee.co.th/search?keyword=%E0%B8%99%E0%B8%B2%E0%B8%AC%E0%B8%B4%E0%B8%81%E0%B8%B2%20galaxy%20watch%20ultra&page=3&trackingId=searchhint-1791085103-0cf2ca55-bfa5-11f1-b166-c6de041a4a89","","333","สแตนเลสแม่เหล็กสำหรับนาฬิกา Samsung Galaxy Ultra/2/2025/47mm ผู้ชายธุรกิจสายยางโลหะ","4.9 คะแนน"
"1791085425-20","https://shopee.co.th/search?keyword=%E0%B8%99%E0%B8%B2%E0%B8%AC%E0%B8%B4%E0%B8%81%E0%B8%B2%20galaxy%20watch%20ultra&page=3&trackingId=searchhint-1791085103-0cf2ca55-bfa5-11f1-b166-c6de041a4a89","","899","HOCO Y23 Ultra Bluetooth 5.3 Call Smart Watch Sports Fitness Tracker FHD Display 49 mm.นาฬิกาโทรได้ สมาร์ทวอช","4.8"
"1791085425-21","https://shopee.co.th/search?keyword=%E0%B8%99%E0%B8%B2%E0%B8%AC%E0%B8%B4%E0%B8%81%E0%B8%B2%20galaxy%20watch%20ultra&page=3&trackingId=searchhint-1791085103-0cf2ca55-bfa5-11f1-b166-c6de041a4a89","","246","สายรัด + เคสสําหรับ Samsung Galaxy Watch Ultra 2 2026 47 มม. ป้องกันหน้าจอฝาครอบสร้อยข้อมือกีฬา Band","4.8 คะแนน"
"1791085425-22","https://shopee.co.th/search?keyword=%E0%B8%99%E0%B8%B2%E0%B8%AC%E0%B8%B4%E0%B8%81%E0%B8%B2%20galaxy%20watch%20ultra&page=3&trackingId=searchhint-1791085103-0cf2ca55-bfa5-11f1-b166-c6de041a4a89","","133","สายหนังแบบสปอร์ตสําหรับ Samsung Galaxy Watch 8 44 มม.40 มม.นาฬิกา 8 สายคลาสสิกผู้ชายสําหรับ Galaxy Watch Ultra 2025 47 มม.อุปกรณ์เสริมสร้อยข้อมือ Band","4.8"
"1791085425-23","https://shopee.co.th/search?keyword=%E0%B8%99%E0%B8%B2%E0%B8%AC%E0%B8%B4%E0%B8%81%E0%B8%B2%20galaxy%20watch%20ultra&page=3&trackingId=searchhint-1791085103-0cf2ca55-bfa5-11f1-b166-c6de041a4a89","","53","9Gadget - เคส Bumper Samsung Galaxy Watch Ultra 47mm เต็มจอ ฟิล์มกันรอย ฟิล์มกระจกนิรภัย เคส สายนาฬิกา  - Case Bumper","4.9"
"1791085425-24","https://shopee.co.th/search?keyword=%E0%B8%99%E0%B8%B2%E0%B8%AC%E0%B8%B4%E0%B8%81%E0%B8%B2%20galaxy%20watch%20ultra&page=3&trackingId=searchhint-1791085103-0cf2ca55-bfa5-11f1-b166-c6de041a4a89","","232","สายหนัง Quick Fit สําหรับ Samsung Galaxy Watch 9/8/8 Ultra/8 Classic 44/40 มม. และ Watch 7 Ultra 47 มม. สายรัดข้อมือซิลิโคน","4.8"
"1791085425-25","https://shopee.co.th/search?keyword=%E0%B8%99%E0%B8%B2%E0%B8%AC%E0%B8%B4%E0%B8%81%E0%B8%B2%20galaxy%20watch%20ultra&page=3&trackingId=searchhint-1791085103-0cf2ca55-bfa5-11f1-b166-c6de041a4a89","","607","ซิลิโคนกีฬาสําหรับ Samsung Galaxy Watch Ultra 47 มม.สแตนเลสสตีลผีเสื้อ Clasp สร้อยข้อมือสําหรับ Galaxy Ultra ไม่มี Gaps สายคล้อง","4.9"
"1791085425-26","https://shopee.co.th/search?keyword=%E0%B8%99%E0%B8%B2%E0%B8%AC%E0%B8%B4%E0%B8%81%E0%B8%B2%20galaxy%20watch%20ultra&page=3&trackingId=searchhint-1791085103-0cf2ca55-bfa5-11f1-b166-c6de041a4a89","","1,349","AOLON Tetra R4 สมาร์ทวอทช์ 1.43 นิ้ว Amoled หน้าจอ AOD จะแสดงเสมอ 350mAh นาฬิกาวิ่ง การตรวจจับข้อมูลสุขภาพตลอด 24 ชั่ว","4.9"
"1791085425-27","https://shopee.co.th/search?keyword=%E0%B8%99%E0%B8%B2%E0%B8%AC%E0%B8%B4%E0%B8%81%E0%B8%B2%20galaxy%20watch%20ultra&page=3&trackingId=searchhint-1791085103-0cf2ca55-bfa5-11f1-b166-c6de041a4a89","","108","สายรัดเดิมสําหรับ Samsung Galaxy Watch Ultra 47 มม.ซิลิโคนสร้อยข้อมือกีฬา Correa สําหรับ Galaxy Watch Ultra Band อุปกรณ์เสริม","4.9"
"1791085425-28","https://shopee.co.th/search?keyword=%E0%B8%99%E0%B8%B2%E0%B8%AC%E0%B8%B4%E0%B8%81%E0%B8%B2%20galaxy%20watch%20ultra&page=3&trackingId=searchhint-1791085103-0cf2ca55-bfa5-11f1-b166-c6de041a4a89","","4,590","[10.9 20.00 - 10.12 | ลดสูงสุด 25%] HUAWEI WATCH FIT 5 Series | สมาร์ทวอทช์ l ไทเทเนียมและกระจกแซฟไฟร์ 2.5D***","5.0"
"1791085425-29","https://shopee.co.th/search?keyword=%E0%B8%99%E0%B8%B2%E0%B8%AC%E0%B8%B4%E0%B8%81%E0%B8%B2%20galaxy%20watch%20ultra&page=3&trackingId=searchhint-1791085103-0cf2ca55-bfa5-11f1-b166-c6de041a4a89","","249","Smart Watch C900 Ultra 3 Watch สัมผัสเต็มจอ 49 มม. วัดออกซิเจนในเลือด โหมดกีฬา","4.7"
"1791085425-30","https://shopee.co.th/search?keyword=%E0%B8%99%E0%B8%B2%E0%B8%AC%E0%B8%B4%E0%B8%81%E0%B8%B2%20galaxy%20watch%20ultra&page=3&trackingId=searchhint-1791085103-0cf2ca55-bfa5-11f1-b166-c6de041a4a89","","1,134","W9 สําหรับ Galaxy ultra 2 สมาร์ทนาฬิกา 47 มม.ไร้สายชาร์จบลูทูธสําหรับ Man Woman คริสต์มาสของขวัญกีฬา Smartwatch VS นาฬิกา 8","4.7 คะแนน"
"1791085425-31","https://shopee.co.th/search?keyword=%E0%B8%99%E0%B8%B2%E0%B8%AC%E0%B8%B4%E0%B8%81%E0%B8%B2%20galaxy%20watch%20ultra&page=3&trackingId=searchhint-1791085103-0cf2ca55-bfa5-11f1-b166-c6de041a4a89","","231","ไนลอน Travel Loop สําหรับ Samsung Galaxy นาฬิกา ultra 47 มม.ผู้ชายกีฬาสําหรับ Galaxy 47 มม. ultra NO Gaps สร้อยข้อมือปลายโค้ง","4.8"
"1791085425-32","https://shopee.co.th/search?keyword=%E0%B8%99%E0%B8%B2%E0%B8%AC%E0%B8%B4%E0%B8%81%E0%B8%B2%20galaxy%20watch%20ultra&page=3&trackingId=searchhint-1791085103-0cf2ca55-bfa5-11f1-b166-c6de041a4a89","","951","ใหม่กีฬาสมาร์ทนาฬิกา T-Rex 3 Ultra GPS Motion Track IP68 กันน้ํา Heart Rate HD บลูทูธสมาร์ทนาฬิกาผู้ชาย","5.0"
"1791085425-33","https://shopee.co.th/search?keyword=%E0%B8%99%E0%B8%B2%E0%B8%AC%E0%B8%B4%E0%B8%81%E0%B8%B2%20galaxy%20watch%20ultra&page=3&trackingId=searchhint-1791085103-0cf2ca55-bfa5-11f1-b166-c6de041a4a89","","397","For Watch 7 Ultra Smart Watch Men Women Custom Dial HD LED Voice Call GPS Sport Fitness Sleep Monitoring Watches","4.6"
"1791085425-34","https://shopee.co.th/search?keyword=%E0%B8%99%E0%B8%B2%E0%B8%AC%E0%B8%B4%E0%B8%81%E0%B8%B2%20galaxy%20watch%20ultra&page=3&trackingId=searchhint-1791085103-0cf2ca55-bfa5-11f1-b166-c6de041a4a89","","2,990","Samsung Galaxy Watch 46mm Bluetooth No Box","4.8"
"1791085425-35","https://shopee.co.th/search?keyword=%E0%B8%99%E0%B8%B2%E0%B8%AC%E0%B8%B4%E0%B8%81%E0%B8%B2%20galaxy%20watch%20ultra&page=3&trackingId=searchhint-1791085103-0cf2ca55-bfa5-11f1-b166-c6de041a4a89","","266","สายซิลิโคนสําหรับเล่นกีฬาสําหรับ Samsung Galaxy Ultra2 (2026) Ultra 47mm 2025 Peakform Band สายรัดข้อมือสําหรับ Samsung Watch Ultra 47 มม.สร้อยข้อมือ","4.9"
"1791085425-36","https://shopee.co.th/search?keyword=%E0%B8%99%E0%B8%B2%E0%B8%AC%E0%B8%B4%E0%B8%81%E0%B8%B2%20galaxy%20watch%20ultra&page=3&trackingId=searchhint-1791085103-0cf2ca55-bfa5-11f1-b166-c6de041a4a89","","472","สายยางห่วงสําหรับ Samsung Galaxy Watch Ultra 47 มม.หรูหราผู้ชายกีฬาสําหรับ SAMSUNG GALAXY WATCH ULTRA2025 สายรัดข้อมือสร้อยข้อมือ","4.9"
"1791085425-37","https://shopee.co.th/search?keyword=%E0%B8%99%E0%B8%B2%E0%B8%AC%E0%B8%B4%E0%B8%81%E0%B8%B2%20galaxy%20watch%20ultra&page=3&trackingId=searchhint-1791085103-0cf2ca55-bfa5-11f1-b166-c6de041a4a89","","171","Time Scale Guard แหวนสําหรับ SAMSUNG นาฬิกาโลหะ Bezel เปลี่ยนแหวนป้องกันสําหรับ SAMSUNG GALAXY WACTH 7 ULTRA 47 มม.เครื่องประดับ","4.9"
"1791085425-38","https://shopee.co.th/search?keyword=%E0%B8%99%E0%B8%B2%E0%B8%AC%E0%B8%B4%E0%B8%81%E0%B8%B2%20galaxy%20watch%20ultra&page=3&trackingId=searchhint-1791085103-0cf2ca55-bfa5-11f1-b166-c6de041a4a89","","408","โลหะหรูหราสําหรับ Samsung Galaxy Watch Ultra 2 Hard ป้องกันกันชนสําหรับ Samsung Galaxy Watch Ultra 47 มม.อุปกรณ์เสริม","4.7"
"1791085425-39","https://shopee.co.th/search?keyword=%E0%B8%99%E0%B8%B2%E0%B8%AC%E0%B8%B4%E0%B8%81%E0%B8%B2%20galaxy%20watch%20ultra&page=3&trackingId=searchhint-1791085103-0cf2ca55-bfa5-11f1-b166-c6de041a4a89","","39","Samsung Galaxy Watch 4 5 6 7 8 9 Ultra 2 40mm 44mm 47mm Tempered Glass/tpu/PMMA  film พร้อมส่งจากกรุงเทพ","4.8"
"1791085425-40","https://shopee.co.th/search?keyword=%E0%B8%99%E0%B8%B2%E0%B8%AC%E0%B8%B4%E0%B8%81%E0%B8%B2%20galaxy%20watch%20ultra&page=3&trackingId=searchhint-1791085103-0cf2ca55-bfa5-11f1-b166-c6de041a4a89","","71","SAMSUNG กระจกนิรภัยสําหรับ Samsung Galaxy Watch 9 / 8 / 8 Classic/ Ultra 2025 ป้องกันหน้าจอสําหรับ Samsung Galaxy Watch 7 40mm 44mm ป้องกันฟิล์มแก้ว","4.7"
"1791085425-41","https://shopee.co.th/search?keyword=%E0%B8%99%E0%B8%B2%E0%B8%AC%E0%B8%B4%E0%B8%81%E0%B8%B2%20galaxy%20watch%20ultra&page=3&trackingId=searchhint-1791085103-0cf2ca55-bfa5-11f1-b166-c6de041a4a89","","1,425","(มีส่งด่วน) Xiaomi Redmi Watch 5 Active หน้าจอ LCD ขนาด 2.0 นิ้ว ตรวจวัดสุขภาพ ออกกำลังกาย รับสายโทรศัพท์ผ่านเบอร์มือถือ","4.9"
"1791085425-42","https://shopee.co.th/search?keyword=%E0%B8%99%E0%B8%B2%E0%B8%AC%E0%B8%B4%E0%B8%81%E0%B8%B2%20galaxy%20watch%20ultra&page=3&trackingId=searchhint-1791085103-0cf2ca55-bfa5-11f1-b166-c6de041a4a89","","1,266","สายนาฬิกา Galaxy Watch Ultra / Ultra2 Dewalt Titan Band อย่างเป็นทางการของ Samsung","5.0"
"1791085425-43","https://shopee.co.th/search?keyword=%E0%B8%99%E0%B8%B2%E0%B8%AC%E0%B8%B4%E0%B8%81%E0%B8%B2%20galaxy%20watch%20ultra&page=3&trackingId=searchhint-1791085103-0cf2ca55-bfa5-11f1-b166-c6de041a4a89","","304","แม่เหล็กไม่มีช่องว่างห่วงสําหรับ Samsung Galaxy Watch Ultra 47 มม.กีฬาซิลิโคน WatchBand สําหรับ SAMSUNG ULTRA2025 47 มม.สร้อยข้อมือนุ่ม","4.8"
"1791085425-44","https://shopee.co.th/search?keyword=%E0%B8%99%E0%B8%B2%E0%B8%AC%E0%B8%B4%E0%B8%81%E0%B8%B2%20galaxy%20watch%20ultra&page=3&trackingId=searchhint-1791085103-0cf2ca55-bfa5-11f1-b166-c6de041a4a89","","124","Ocean สายซิลิโคนสําหรับ Samsung Galaxy Watch 7 Ultra 47 มม.Quick Fit สร้อยข้อมือกีฬาสําหรับ Galaxy Watch 7 Ultra 47 มม.อุปกรณ์เสริม","4.8"
"1791085425-45","https://shopee.co.th/search?keyword=%E0%B8%99%E0%B8%B2%E0%B8%AC%E0%B8%B4%E0%B8%81%E0%B8%B2%20galaxy%20watch%20ultra&page=3&trackingId=searchhint-1791085103-0cf2ca55-bfa5-11f1-b166-c6de041a4a89","","381","สายสแตนเลสสําหรับ Samsung GALAXY Watch ULTRA 47 มม.Quick Fit สร้อยข้อมือ Correa สําหรับ GALAXY ULTRA 47 มม.โลหะหรูหรา WatchBand","4.9"
"1791085425-46","https://shopee.co.th/search?keyword=%E0%B8%99%E0%B8%B2%E0%B8%AC%E0%B8%B4%E0%B8%81%E0%B8%B2%20galaxy%20watch%20ultra&page=3&trackingId=searchhint-1791085103-0cf2ca55-bfa5-11f1-b166-c6de041a4a89","","530","Richard Mile ดัดแปลง Band + สําหรับ Samsung Galaxy นาฬิกา Ultra 47 มม.คริสตัลโปร่งใส + สายซิลิโคน Integral สําหรับ Samsung Galaxy Ultra อุปกรณ์เสริม","4.7"
"1791085425-47","https://shopee.co.th/search?keyword=%E0%B8%99%E0%B8%B2%E0%B8%AC%E0%B8%B4%E0%B8%81%E0%B8%B2%20galaxy%20watch%20ultra&page=3&trackingId=searchhint-1791085103-0cf2ca55-bfa5-11f1-b166-c6de041a4a89","","3,990","Black Shark GS3 Ultra Smartwatch สมาร์ทวอทช์ GPS โทรออกได้ หน้าจอ AMOLED กันน้ำ 5ATM & IP69K -1Y","4.9 คะแนน"
"1791085425-48","https://shopee.co.th/search?keyword=%E0%B8%99%E0%B8%B2%E0%B8%AC%E0%B8%B4%E0%B8%81%E0%B8%B2%20galaxy%20watch%20ultra&page=3&trackingId=searchhint-1791085103-0cf2ca55-bfa5-11f1-b166-c6de041a4a89","","1,081","สายนาฬิกา Samsung Galaxy Watch Ultra 2 ของแท้","5.0"
"1791085425-49","https://shopee.co.th/search?keyword=%E0%B8%99%E0%B8%B2%E0%B8%AC%E0%B8%B4%E0%B8%81%E0%B8%B2%20galaxy%20watch%20ultra&page=3&trackingId=searchhint-1791085103-0cf2ca55-bfa5-11f1-b166-c6de041a4a89","","335","สายรัดซิลิโคนอ่อนนุ่มสําหรับ Samsung Galaxy Watch Ultra (2025) 47 มม.ผู้ชายหรูหรากีฬาสําหรับ Galaxy Ultra1 47 มม.ไม่มีช่องว่างสร้อยข้อมือปลายโค้ง","5.0"
"1791085425-50","https://shopee.co.th/search?keyword=%E0%B8%99%E0%B8%B2%E0%B8%AC%E0%B8%B4%E0%B8%81%E0%B8%B2%20galaxy%20watch%20ultra&page=3&trackingId=searchhint-1791085103-0cf2ca55-bfa5-11f1-b166-c6de041a4a89","","1,800","[Bandletic] สายนาฬิกาซิลิโคน แม่เหล็ก สำหรับ Galaxy Watch Ultra 47mm (2024-2026) สายสปอร์ต นุ่ม สวมใส่ง่าย","4.9 คะแนน"
"1791085425-51","https://shopee.co.th/search?keyword=%E0%B8%99%E0%B8%B2%E0%B8%AC%E0%B8%B4%E0%B8%81%E0%B8%B2%20galaxy%20watch%20ultra&page=3&trackingId=searchhint-1791085103-0cf2ca55-bfa5-11f1-b166-c6de041a4a89","","299","สายโลหะสำหรับ Samsung Galaxy Watch 8 Classic 46mm 9 8 44/40mm สายสแตนเลสไร้ช่องว่าง สำหรับ GALAXY WATCH Ultra 2025 47มม.","4.9 คะแนน"
"1791085425-52","https://shopee.co.th/search?keyword=%E0%B8%99%E0%B8%B2%E0%B8%AC%E0%B8%B4%E0%B8%81%E0%B8%B2%20galaxy%20watch%20ultra&page=3&trackingId=searchhint-1791085103-0cf2ca55-bfa5-11f1-b166-c6de041a4a89","","798","ใหม่ T-Rex3 Ultra 1100mAh แบตเตอรี่สมาร์ทนาฬิกา GPS Track เข็มทิศ IP69K กันน้ํากีฬา tracker กลางแจ้งทหาร Smartwatches","4.9"
"1791085425-53","https://shopee.co.th/search?keyword=%E0%B8%99%E0%B8%B2%E0%B8%AC%E0%B8%B4%E0%B8%81%E0%B8%B2%20galaxy%20watch%20ultra&page=3&trackingId=searchhint-1791085103-0cf2ca55-bfa5-11f1-b166-c6de041a4a89","","225","Smart Watch T900 Ultra รองรับภาษาไทย สัมผัสได้เต็มจอ กันน้ำ","4.6"
"1791085425-54","https://shopee.co.th/search?keyword=%E0%B8%99%E0%B8%B2%E0%B8%AC%E0%B8%B4%E0%B8%81%E0%B8%B2%20galaxy%20watch%20ultra&page=3&trackingId=searchhint-1791085103-0cf2ca55-bfa5-11f1-b166-c6de041a4a89","","1,399","Black Shark A3 สมาร์ทวอทช์ Smartwatch คุยโทรศัพท์ได้ ขอบจอบาง ขนาดจอ 1.53นิ้ว วัสดุพรีเมี่ยม ดีไซน์หรู-1Y","4.9"
"1791085425-55","https://shopee.co.th/search?keyword=%E0%B8%99%E0%B8%B2%E0%B8%AC%E0%B8%B4%E0%B8%81%E0%B8%B2%20galaxy%20watch%20ultra&page=3&trackingId=searchhint-1791085103-0cf2ca55-bfa5-11f1-b166-c6de041a4a89","","1,379","【ใหม่】Aolon GT6 Pro 1.51'' สมาร์ทวอทช์ จอใหญ่ 500mAh smartwatch นาฬิกาวัดความดันโลหิต AMOLED นาฬิกาวิ่ง นาฬิกาโลหะ","4.8"
"1791085425-56","https://shopee.co.th/search?keyword=%E0%B8%99%E0%B8%B2%E0%B8%AC%E0%B8%B4%E0%B8%81%E0%B8%B2%20galaxy%20watch%20ultra&page=3&trackingId=searchhint-1791085103-0cf2ca55-bfa5-11f1-b166-c6de041a4a89","","339","NEW Galaxy X7 Ultra Smart Watch Blood Glucose Men Women IP68 Outdoor Sports Worship Pointer Bluetooth Watch HD Screen An",""
"1791085425-57","https://shopee.co.th/search?keyword=%E0%B8%99%E0%B8%B2%E0%B8%AC%E0%B8%B4%E0%B8%81%E0%B8%B2%20galaxy%20watch%20ultra&page=3&trackingId=searchhint-1791085103-0cf2ca55-bfa5-11f1-b166-c6de041a4a89","","79","Focus ฟิล์มกระจก โฟกัส สำหรับ Galaxy watch ultra 9 8 7 6 5 4 3 2 / 40 44 / classic 46 47 mm. Ultra clear Tempered glass","4.9"
"1791085425-58","https://shopee.co.th/search?keyword=%E0%B8%99%E0%B8%B2%E0%B8%AC%E0%B8%B4%E0%B8%81%E0%B8%B2%20galaxy%20watch%20ultra&page=3&trackingId=searchhint-1791085103-0cf2ca55-bfa5-11f1-b166-c6de041a4a89","","98","1:1 Original สร้อยข้อมือสําหรับ Samsung Galaxy Watch Ultra 2 2026 สําหรับ Ultra 8 2025/นาฬิกา Ultra7 2024 47 มม.Galaxy Watch 9/8 44 มม.40 มม.","5.0"
"1791085425-59","https://shopee.co.th/search?keyword=%E0%B8%99%E0%B8%B2%E0%B8%AC%E0%B8%B4%E0%B8%81%E0%B8%B2%20galaxy%20watch%20ultra&page=3&trackingId=searchhint-1791085103-0cf2ca55-bfa5-11f1-b166-c6de041a4a89","","303","2026 ใหม่ T-Rex3 Ultra 1100mAh แบตเตอรี่ความจุสูงผู้ใหญ่ผู้ชายนาฬิกาสมาร์ท 1.7 ""หน้าจอขนาดใหญ่ 1ATM กันน้ํากีฬานาฬิกา","5.0"
"1791085425-60","https://shopee.co.th/search?keyword=%E0%B8%99%E0%B8%B2%E0%B8%AC%E0%B8%B4%E0%B8%81%E0%B8%B2%20galaxy%20watch%20ultra&page=3&trackingId=searchhint-1791085103-0cf2ca55-bfa5-11f1-b166-c6de041a4a89","","1,118","สมาร์ทวอทช์ Garmin T-Rex 3 Ultra 1100mAh พร้อม GPS เข็มทิศ กันน้ํา สําหรับกีฬากลางแจ้งและทหาร","4.6"
