web_scraper_order,web_scraper_start_url,ชื่อรุ่น,ราคา,item_page_title,item_page_link,rating_score
"1791087803-1","https://www.lazada.co.th/tag/%E0%B8%99%E0%B8%B2%E0%B8%AC%E0%B8%B4%E0%B8%81%E0%B8%B2-galaxy-watch-8/?q=%E0%B8%99%E0%B8%B2%E0%B8%AC%E0%B8%B4%E0%B8%81%E0%B8%B2%20galaxy%20watch%208&catalog_redirect_tag=true","Samsung Galaxy Watch 8 (Bluetooth, 44 mm) สี Graphite รุ่น SM-L330NDAAASA","฿15,619.00","Samsung Galaxy Watch 8 (Bluetooth, 44 mm) สี Graphite รุ่น SM-L330NDAAASA","https://www.lazada.co.th/products/pdp-i16226491828.html",""
"1791087805-2","https://www.lazada.co.th/tag/%E0%B8%99%E0%B8%B2%E0%B8%AC%E0%B8%B4%E0%B8%81%E0%B8%B2-galaxy-watch-8/?q=%E0%B8%99%E0%B8%B2%E0%B8%AC%E0%B8%B4%E0%B8%81%E0%B8%B2%20galaxy%20watch%208&catalog_redirect_tag=true","Samsung Galaxy Watch8 Classic LTE Black","฿15,625.00","Samsung Galaxy Watch8 Classic LTE Black","https://www.lazada.co.th/products/pdp-i5873215395.html","5"
"1791087809-3","https://www.lazada.co.th/tag/%E0%B8%99%E0%B8%B2%E0%B8%AC%E0%B8%B4%E0%B8%81%E0%B8%B2-galaxy-watch-8/?q=%E0%B8%99%E0%B8%B2%E0%B8%AC%E0%B8%B4%E0%B8%81%E0%B8%B2%20galaxy%20watch%208&catalog_redirect_tag=true","สมาร์ทวอทช์ Samsung Galaxy Watch 8 40mm (Bluetooth)  ขนาด 1.3 นิ้ว Amoled แบต325mAh จอวัสดุพรีเมี่ยม","฿11,900.00","สมาร์ทวอทช์ Samsung Galaxy Watch 8 40mm (Bluetooth)  ขนาด 1.3 นิ้ว Amoled แบต325mAh จอวัสดุพรีเมี่ยม","https://www.lazada.co.th/products/pdp-i5876768212.html",""
"1791087811-4","https://www.lazada.co.th/tag/%E0%B8%99%E0%B8%B2%E0%B8%AC%E0%B8%B4%E0%B8%81%E0%B8%B2-galaxy-watch-8/?q=%E0%B8%99%E0%B8%B2%E0%B8%AC%E0%B8%B4%E0%B8%81%E0%B8%B2%20galaxy%20watch%208&catalog_redirect_tag=true","สมาร์ทวอชท์ Samsung Galaxy Watch8 (Bluetooth, 40 mm) ประกันศูนย์","฿11,819.00","สมาร์ทวอชท์ Samsung Galaxy Watch8 (Bluetooth, 40 mm) ประกันศูนย์","https://www.lazada.co.th/products/pdp-i5846640676.html",""
"1791087813-5","https://www.lazada.co.th/tag/%E0%B8%99%E0%B8%B2%E0%B8%AC%E0%B8%B4%E0%B8%81%E0%B8%B2-galaxy-watch-8/?q=%E0%B8%99%E0%B8%B2%E0%B8%AC%E0%B8%B4%E0%B8%81%E0%B8%B2%20galaxy%20watch%208&catalog_redirect_tag=true","***แท้ศูนย์ไทย ร่วมโค้ด 2025 Galaxy Watch 8 Ultra LTE","฿16,999.00","***แท้ศูนย์ไทย ร่วมโค้ด 2025 Galaxy Watch 8 Ultra LTE","https://www.lazada.co.th/products/pdp-i5799932926.html",""
"1791087816-6","https://www.lazada.co.th/tag/%E0%B8%99%E0%B8%B2%E0%B8%AC%E0%B8%B4%E0%B8%81%E0%B8%B2-galaxy-watch-8/?q=%E0%B8%99%E0%B8%B2%E0%B8%AC%E0%B8%B4%E0%B8%81%E0%B8%B2%20galaxy%20watch%208&catalog_redirect_tag=true","สมาร์ทวอทช์ Samsung Galaxy Watch 8 44mm (Bluetooth)  ขนาด 1.47 นิ้ว Amoled แบต435mAh จอวัสดุพรีเมี่ยม","฿13,900.00","สมาร์ทวอทช์ Samsung Galaxy Watch 8 44mm (Bluetooth)  ขนาด 1.47 นิ้ว Amoled แบต435mAh จอวัสดุพรีเมี่ยม","https://www.lazada.co.th/products/pdp-i5876818750.html",""
"1791087823-7","https://www.lazada.co.th/tag/%E0%B8%99%E0%B8%B2%E0%B8%AC%E0%B8%B4%E0%B8%81%E0%B8%B2-galaxy-watch-8/?q=%E0%B8%99%E0%B8%B2%E0%B8%AC%E0%B8%B4%E0%B8%81%E0%B8%B2%20galaxy%20watch%208&catalog_redirect_tag=true","Samsung Galaxy Watch 8 Classic (46MM)(Bluetooth) สินค้าเครื่องศูนย์ไทย ของแท้100%(มีประกันศูนย์ตามลอตการผลิต)จัดส่งฟรี","฿12,980.00","Samsung Galaxy Watch 8 Classic (46MM)(Bluetooth) สินค้าเครื่องศูนย์ไทย ของแท้100%(มีประกันศูนย์ตามลอตการผลิต)จัดส่งฟรี","https://www.lazada.co.th/products/pdp-i5875129625.html",""
"1791087825-8","https://www.lazada.co.th/tag/%E0%B8%99%E0%B8%B2%E0%B8%AC%E0%B8%B4%E0%B8%81%E0%B8%B2-galaxy-watch-8/?q=%E0%B8%99%E0%B8%B2%E0%B8%AC%E0%B8%B4%E0%B8%81%E0%B8%B2%20galaxy%20watch%208&catalog_redirect_tag=true","Samsung Galaxy Watch8 Classic 46 mm Bluetooth White โดย สยามทีวี by Siam T.V.","฿16,110.00","Samsung Galaxy Watch8 Classic 46 mm Bluetooth White โดย สยามทีวี by Siam T.V.","https://www.lazada.co.th/products/pdp-i5861218037.html",""
"1791087828-9","https://www.lazada.co.th/tag/%E0%B8%99%E0%B8%B2%E0%B8%AC%E0%B8%B4%E0%B8%81%E0%B8%B2-galaxy-watch-8/?q=%E0%B8%99%E0%B8%B2%E0%B8%AC%E0%B8%B4%E0%B8%81%E0%B8%B2%20galaxy%20watch%208&catalog_redirect_tag=true","Samsung Galaxy Watch 8 ประกันศูนย์ Samsung 1ปี","฿10,990.00","Samsung Galaxy Watch 8 ประกันศูนย์ Samsung 1ปี","https://www.lazada.co.th/products/pdp-i16060268134.html","5"
"1791087830-10","https://www.lazada.co.th/tag/%E0%B8%99%E0%B8%B2%E0%B8%AC%E0%B8%B4%E0%B8%81%E0%B8%B2-galaxy-watch-8/?q=%E0%B8%99%E0%B8%B2%E0%B8%AC%E0%B8%B4%E0%B8%81%E0%B8%B2%20galaxy%20watch%208&catalog_redirect_tag=true","Samsung Galaxy Watch 8 Classic (46MM)(สินค้าของแท้ รับประกันศูนย์ตามลอตการผลิต) จัดส่งฟรี","฿12,980.00","Samsung Galaxy Watch 8 Classic (46MM)(สินค้าของแท้ รับประกันศูนย์ตามลอตการผลิต) จัดส่งฟรี","https://www.lazada.co.th/products/pdp-i5875122552.html",""
"1791087832-11","https://www.lazada.co.th/tag/%E0%B8%99%E0%B8%B2%E0%B8%AC%E0%B8%B4%E0%B8%81%E0%B8%B2-galaxy-watch-8/?q=%E0%B8%99%E0%B8%B2%E0%B8%AC%E0%B8%B4%E0%B8%81%E0%B8%B2%20galaxy%20watch%208&catalog_redirect_tag=true","Samsung Galaxy Watch8 BT 40/44mm","฿10,000.00","Samsung Galaxy Watch8 BT 40/44mm","https://www.lazada.co.th/products/pdp-i5810349423.html",""
"1791087834-12","https://www.lazada.co.th/tag/%E0%B8%99%E0%B8%B2%E0%B8%AC%E0%B8%B4%E0%B8%81%E0%B8%B2-galaxy-watch-8/?q=%E0%B8%99%E0%B8%B2%E0%B8%AC%E0%B8%B4%E0%B8%81%E0%B8%B2%20galaxy%20watch%208&catalog_redirect_tag=true","สมาร์ทวอทช์ Samsung Galaxy Watch8 40mm (Bluetooth) เลือกสีได้ by Banana IT","฿12,693.00","สมาร์ทวอทช์ Samsung Galaxy Watch8 40mm (Bluetooth) เลือกสีได้ by Banana IT","https://www.lazada.co.th/products/pdp-i5791537637.html","5"
"1791087836-13","https://www.lazada.co.th/tag/%E0%B8%99%E0%B8%B2%E0%B8%AC%E0%B8%B4%E0%B8%81%E0%B8%B2-galaxy-watch-8/?q=%E0%B8%99%E0%B8%B2%E0%B8%AC%E0%B8%B4%E0%B8%81%E0%B8%B2%20galaxy%20watch%208&catalog_redirect_tag=true","***แท้ศูนย์ไทย ร่วมโค้ด Galaxy Watch 8","฿9,999.00","***แท้ศูนย์ไทย ร่วมโค้ด Galaxy Watch 8","https://www.lazada.co.th/products/pdp-i5800007834.html","5"
"1791087839-14","https://www.lazada.co.th/tag/%E0%B8%99%E0%B8%B2%E0%B8%AC%E0%B8%B4%E0%B8%81%E0%B8%B2-galaxy-watch-8/?q=%E0%B8%99%E0%B8%B2%E0%B8%AC%E0%B8%B4%E0%B8%81%E0%B8%B2%20galaxy%20watch%208&catalog_redirect_tag=true","Samsung Galaxy Watch 8 [40/44 mm] AI smart watch","฿7,790.00","Samsung Galaxy Watch 8 [40/44 mm] AI smart watch","https://www.lazada.co.th/products/pdp-i6041498449.html",""
"1791087841-15","https://www.lazada.co.th/tag/%E0%B8%99%E0%B8%B2%E0%B8%AC%E0%B8%B4%E0%B8%81%E0%B8%B2-galaxy-watch-8/?q=%E0%B8%99%E0%B8%B2%E0%B8%AC%E0%B8%B4%E0%B8%81%E0%B8%B2%20galaxy%20watch%208&catalog_redirect_tag=true","Samsung Galaxy Watch 8 [40/44 mm] AI smart watch","฿7,790.00","Samsung Galaxy Watch 8 [40/44 mm] AI smart watch","https://www.lazada.co.th/products/pdp-i6041615278.html",""
"1791087843-16","https://www.lazada.co.th/tag/%E0%B8%99%E0%B8%B2%E0%B8%AC%E0%B8%B4%E0%B8%81%E0%B8%B2-galaxy-watch-8/?q=%E0%B8%99%E0%B8%B2%E0%B8%AC%E0%B8%B4%E0%B8%81%E0%B8%B2%20galaxy%20watch%208&catalog_redirect_tag=true","สมาร์ทวอชท์ SAMSUNG Galaxy Watch 8 40mm ประกันศูนย์","฿12,119.00","สมาร์ทวอชท์ SAMSUNG Galaxy Watch 8 40mm ประกันศูนย์","https://www.lazada.co.th/products/pdp-i5914762304.html",""
"1791087845-17","https://www.lazada.co.th/tag/%E0%B8%99%E0%B8%B2%E0%B8%AC%E0%B8%B4%E0%B8%81%E0%B8%B2-galaxy-watch-8/?q=%E0%B8%99%E0%B8%B2%E0%B8%AC%E0%B8%B4%E0%B8%81%E0%B8%B2%20galaxy%20watch%208&catalog_redirect_tag=true","Samsung Galaxy Watch 8 [40/44 mm] AI smart watch","฿7,790.00","Samsung Galaxy Watch 8 [40/44 mm] AI smart watch","https://www.lazada.co.th/products/pdp-i6041465546.html",""
"1791087847-18","https://www.lazada.co.th/tag/%E0%B8%99%E0%B8%B2%E0%B8%AC%E0%B8%B4%E0%B8%81%E0%B8%B2-galaxy-watch-8/?q=%E0%B8%99%E0%B8%B2%E0%B8%AC%E0%B8%B4%E0%B8%81%E0%B8%B2%20galaxy%20watch%208&catalog_redirect_tag=true","Samsung Galaxy Watch8 (Bluetooth, 40 mm) สมาร์ทวอทช์ AI","฿11,900.00","Samsung Galaxy Watch8 (Bluetooth, 40 mm) สมาร์ทวอทช์ AI","https://www.lazada.co.th/products/pdp-i5852820253.html","5"
"1791087849-19","https://www.lazada.co.th/tag/%E0%B8%99%E0%B8%B2%E0%B8%AC%E0%B8%B4%E0%B8%81%E0%B8%B2-galaxy-watch-8/?q=%E0%B8%99%E0%B8%B2%E0%B8%AC%E0%B8%B4%E0%B8%81%E0%B8%B2%20galaxy%20watch%208&catalog_redirect_tag=true","Samsung Galaxy Watch 8 Classic ประกันศูนย์ Samsung 1ปี","฿14,990.00","Samsung Galaxy Watch 8 Classic ประกันศูนย์ Samsung 1ปี","https://www.lazada.co.th/products/pdp-i16282298667.html",""
"1791087852-20","https://www.lazada.co.th/tag/%E0%B8%99%E0%B8%B2%E0%B8%AC%E0%B8%B4%E0%B8%81%E0%B8%B2-galaxy-watch-8/?q=%E0%B8%99%E0%B8%B2%E0%B8%AC%E0%B8%B4%E0%B8%81%E0%B8%B2%20galaxy%20watch%208&catalog_redirect_tag=true","Samsung Galaxy Watch 8 [40/44 mm] AI smart watch","฿7,790.00","Samsung Galaxy Watch 8 [40/44 mm] AI smart watch","https://www.lazada.co.th/products/pdp-i6041523989.html",""
"1791087854-21","https://www.lazada.co.th/tag/%E0%B8%99%E0%B8%B2%E0%B8%AC%E0%B8%B4%E0%B8%81%E0%B8%B2-galaxy-watch-8/?q=%E0%B8%99%E0%B8%B2%E0%B8%AC%E0%B8%B4%E0%B8%81%E0%B8%B2%20galaxy%20watch%208&catalog_redirect_tag=true","Samsung Galaxy Watch 8 [40/44 mm] AI smart watch","฿7,790.00","Samsung Galaxy Watch 8 [40/44 mm] AI smart watch","https://www.lazada.co.th/products/pdp-i6041619170.html",""
"1791087856-22","https://www.lazada.co.th/tag/%E0%B8%99%E0%B8%B2%E0%B8%AC%E0%B8%B4%E0%B8%81%E0%B8%B2-galaxy-watch-8/?q=%E0%B8%99%E0%B8%B2%E0%B8%AC%E0%B8%B4%E0%B8%81%E0%B8%B2%20galaxy%20watch%208&catalog_redirect_tag=true","Samsung Galaxy Watch8 40 mm Bluetooth Silver โดย สยามทีวี by Siam T.V.","฿13,090.00","Samsung Galaxy Watch8 40 mm Bluetooth Silver โดย สยามทีวี by Siam T.V.","https://www.lazada.co.th/products/pdp-i16274461537.html",""
"1791087859-23","https://www.lazada.co.th/tag/%E0%B8%99%E0%B8%B2%E0%B8%AC%E0%B8%B4%E0%B8%81%E0%B8%B2-galaxy-watch-8/?q=%E0%B8%99%E0%B8%B2%E0%B8%AC%E0%B8%B4%E0%B8%81%E0%B8%B2%20galaxy%20watch%208&catalog_redirect_tag=true","Samsung Galaxy Watch8 Classic BT","฿12,530.00","Samsung Galaxy Watch8 Classic BT","https://www.lazada.co.th/products/pdp-i5792232922.html","5"
"1791087861-24","https://www.lazada.co.th/tag/%E0%B8%99%E0%B8%B2%E0%B8%AC%E0%B8%B4%E0%B8%81%E0%B8%B2-galaxy-watch-8/?q=%E0%B8%99%E0%B8%B2%E0%B8%AC%E0%B8%B4%E0%B8%81%E0%B8%B2%20galaxy%20watch%208&catalog_redirect_tag=true","นาฬิกา Galaxy Watch 8 ซีรี่ส์ | Watch8 44mm 40mm | Watch 8 Classic 46mm Bluetooth บลูทูธ สมาร์ทวอทช์ ศูนย์ไทย by SixteenPhone","฿14,990.00","นาฬิกา Galaxy Watch 8 ซีรี่ส์ | Watch8 44mm 40mm | Watch 8 Classic 46mm Bluetooth บลูทูธ สมาร์ทวอทช์ ศูนย์ไทย by SixteenPhone","https://www.lazada.co.th/products/pdp-i5932862339.html","5"
"1791087864-25","https://www.lazada.co.th/tag/%E0%B8%99%E0%B8%B2%E0%B8%AC%E0%B8%B4%E0%B8%81%E0%B8%B2-galaxy-watch-8/?q=%E0%B8%99%E0%B8%B2%E0%B8%AC%E0%B8%B4%E0%B8%81%E0%B8%B2%20galaxy%20watch%208&catalog_redirect_tag=true","Samsung Galaxy Watch8 40 mm Bluetooth Graphite โดย สยามทีวี by Siam T.V.","฿13,090.00","Samsung Galaxy Watch8 40 mm Bluetooth Graphite โดย สยามทีวี by Siam T.V.","https://www.lazada.co.th/products/pdp-i16275820576.html",""
"1791087866-26","https://www.lazada.co.th/tag/%E0%B8%99%E0%B8%B2%E0%B8%AC%E0%B8%B4%E0%B8%81%E0%B8%B2-galaxy-watch-8/?q=%E0%B8%99%E0%B8%B2%E0%B8%AC%E0%B8%B4%E0%B8%81%E0%B8%B2%20galaxy%20watch%208&catalog_redirect_tag=true","Samsung Galaxy Watch8 Classic BT/LTE 46mm (ศูนย์ไทย)","฿7,876.92","Samsung Galaxy Watch8 Classic BT/LTE 46mm (ศูนย์ไทย)","https://www.lazada.co.th/products/pdp-i16264164332.html",""
"1791087868-27","https://www.lazada.co.th/tag/%E0%B8%99%E0%B8%B2%E0%B8%AC%E0%B8%B4%E0%B8%81%E0%B8%B2-galaxy-watch-8/?q=%E0%B8%99%E0%B8%B2%E0%B8%AC%E0%B8%B4%E0%B8%81%E0%B8%B2%20galaxy%20watch%208&catalog_redirect_tag=true","Samsung Galaxy Watch8 Classic BT","฿10,990.00","Samsung Galaxy Watch8 Classic BT","https://www.lazada.co.th/products/pdp-i5811143845.html","5"
"1791087870-28","https://www.lazada.co.th/tag/%E0%B8%99%E0%B8%B2%E0%B8%AC%E0%B8%B4%E0%B8%81%E0%B8%B2-galaxy-watch-8/?q=%E0%B8%99%E0%B8%B2%E0%B8%AC%E0%B8%B4%E0%B8%81%E0%B8%B2%20galaxy%20watch%208&catalog_redirect_tag=true","Samsung Galaxy Watch8 ซัมซุง สมาร์ทวอทช์ สายสีขาว หน้าจอ 44 มิลลิเมตร แสดงผลดอกไม้","฿5,820.00","Samsung Galaxy Watch8 ซัมซุง สมาร์ทวอทช์ สายสีขาว หน้าจอ 44 มิลลิเมตร แสดงผลดอกไม้","https://www.lazada.co.th/products/pdp-i16232587119.html",""
"1791087872-29","https://www.lazada.co.th/tag/%E0%B8%99%E0%B8%B2%E0%B8%AC%E0%B8%B4%E0%B8%81%E0%B8%B2-galaxy-watch-8/?q=%E0%B8%99%E0%B8%B2%E0%B8%AC%E0%B8%B4%E0%B8%81%E0%B8%B2%20galaxy%20watch%208&catalog_redirect_tag=true","Samsung Watch 8-ใหม่มากประกันศูนย์เยอะมาก","฿8,500.00","Samsung Watch 8-ใหม่มากประกันศูนย์เยอะมาก","https://www.lazada.co.th/products/pdp-i16277953744.html",""
"1791087874-30","https://www.lazada.co.th/tag/%E0%B8%99%E0%B8%B2%E0%B8%AC%E0%B8%B4%E0%B8%81%E0%B8%B2-galaxy-watch-8/?q=%E0%B8%99%E0%B8%B2%E0%B8%AC%E0%B8%B4%E0%B8%81%E0%B8%B2%20galaxy%20watch%208&catalog_redirect_tag=true","Samsung Galaxy Watch8 40,44mm BT ซัมซุง สมาร์ทวอทช์ สายยางสีเทา หน้าปัดวงกลม แสดงเวลาและวันที่","฿5,133.00","Samsung Galaxy Watch8 40,44mm BT ซัมซุง สมาร์ทวอทช์ สายยางสีเทา หน้าปัดวงกลม แสดงเวลาและวันที่","https://www.lazada.co.th/products/pdp-i16249757662.html",""
"1791087877-31","https://www.lazada.co.th/tag/%E0%B8%99%E0%B8%B2%E0%B8%AC%E0%B8%B4%E0%B8%81%E0%B8%B2-galaxy-watch-8/?q=%E0%B8%99%E0%B8%B2%E0%B8%AC%E0%B8%B4%E0%B8%81%E0%B8%B2%20galaxy%20watch%208&catalog_redirect_tag=true","Samsung Galaxy Watch8 44mm (BT) (สินค้ารับประกันศูนย์ 1ปี)","฿6,900.00","Samsung Galaxy Watch8 44mm (BT) (สินค้ารับประกันศูนย์ 1ปี)","https://www.lazada.co.th/products/pdp-i16188688749.html","1"
"1791087879-32","https://www.lazada.co.th/tag/%E0%B8%99%E0%B8%B2%E0%B8%AC%E0%B8%B4%E0%B8%81%E0%B8%B2-galaxy-watch-8/?q=%E0%B8%99%E0%B8%B2%E0%B8%AC%E0%B8%B4%E0%B8%81%E0%B8%B2%20galaxy%20watch%208&catalog_redirect_tag=true","ซัมซุง Samsung Galaxy Watch8  นาฬิกาอัจฉริยะ สายยางสีเทา designed to fit comfortably on various wrist sizes.","฿5,120.00","ซัมซุง Samsung Galaxy Watch8  นาฬิกาอัจฉริยะ สายยางสีเทา designed to fit comfortably on various wrist sizes.","https://www.lazada.co.th/products/pdp-i16247106128.html",""
"1791087881-33","https://www.lazada.co.th/tag/%E0%B8%99%E0%B8%B2%E0%B8%AC%E0%B8%B4%E0%B8%81%E0%B8%B2-galaxy-watch-8/?q=%E0%B8%99%E0%B8%B2%E0%B8%AC%E0%B8%B4%E0%B8%81%E0%B8%B2%20galaxy%20watch%208&catalog_redirect_tag=true","Samsung Galaxy Watch8 40,44mm BT","฿8,130.00","Samsung Galaxy Watch8 40,44mm BT","https://www.lazada.co.th/products/pdp-i5792172979.html","5"
"1791087883-34","https://www.lazada.co.th/tag/%E0%B8%99%E0%B8%B2%E0%B8%AC%E0%B8%B4%E0%B8%81%E0%B8%B2-galaxy-watch-8/?q=%E0%B8%99%E0%B8%B2%E0%B8%AC%E0%B8%B4%E0%B8%81%E0%B8%B2%20galaxy%20watch%208&catalog_redirect_tag=true","Samsung Galaxy Watch8 Classic BT","฿6,500.00","Samsung Galaxy Watch8 Classic BT","https://www.lazada.co.th/products/pdp-i16106826278.html",""
"1791087886-35","https://www.lazada.co.th/tag/%E0%B8%99%E0%B8%B2%E0%B8%AC%E0%B8%B4%E0%B8%81%E0%B8%B2-galaxy-watch-8/?q=%E0%B8%99%E0%B8%B2%E0%B8%AC%E0%B8%B4%E0%B8%81%E0%B8%B2%20galaxy%20watch%208&catalog_redirect_tag=true","Samsung Galaxy Watch8 Classic LTE Black","฿8,500.00","Samsung Galaxy Watch8 Classic LTE Black","https://www.lazada.co.th/products/pdp-i16188718265.html",""
"1791087888-36","https://www.lazada.co.th/tag/%E0%B8%99%E0%B8%B2%E0%B8%AC%E0%B8%B4%E0%B8%81%E0%B8%B2-galaxy-watch-8/?q=%E0%B8%99%E0%B8%B2%E0%B8%AC%E0%B8%B4%E0%B8%81%E0%B8%B2%20galaxy%20watch%208&catalog_redirect_tag=true","Samsung Galaxy Watch8 (Bluetooth, 44 mm) สมาร์ทวอทช์ AI","฿5,500.00","Samsung Galaxy Watch8 (Bluetooth, 44 mm) สมาร์ทวอทช์ AI","https://www.lazada.co.th/products/pdp-i16106609992.html","4.7"
"1791087890-37","https://www.lazada.co.th/tag/%E0%B8%99%E0%B8%B2%E0%B8%AC%E0%B8%B4%E0%B8%81%E0%B8%B2-galaxy-watch-8/?q=%E0%B8%99%E0%B8%B2%E0%B8%AC%E0%B8%B4%E0%B8%81%E0%B8%B2%20galaxy%20watch%208&catalog_redirect_tag=true","💢Samsung Galaxy Watch 8💢AI smart watch ใหม่มือ1️⃣ ของแท้ศูนย์ไทย 💯%","฿6,417.87","💢Samsung Galaxy Watch 8💢AI smart watch ใหม่มือ1️⃣ ของแท้ศูนย์ไทย 💯%","https://www.lazada.co.th/products/pdp-i16263341205.html",""
"1791087892-38","https://www.lazada.co.th/tag/%E0%B8%99%E0%B8%B2%E0%B8%AC%E0%B8%B4%E0%B8%81%E0%B8%B2-galaxy-watch-8/?q=%E0%B8%99%E0%B8%B2%E0%B8%AC%E0%B8%B4%E0%B8%81%E0%B8%B2%20galaxy%20watch%208&catalog_redirect_tag=true","Samsung Galaxy Watch8 40,44mm BT","฿6,849.00","Samsung Galaxy Watch8 40,44mm BT","https://www.lazada.co.th/products/pdp-i5811111992.html","5"
"1791087894-39","https://www.lazada.co.th/tag/%E0%B8%99%E0%B8%B2%E0%B8%AC%E0%B8%B4%E0%B8%81%E0%B8%B2-galaxy-watch-8/?q=%E0%B8%99%E0%B8%B2%E0%B8%AC%E0%B8%B4%E0%B8%81%E0%B8%B2%20galaxy%20watch%208&catalog_redirect_tag=true","Samsung Galaxy Watch 8 BT 40mm สี Graphite สวมใส่สบายตลอด 24 ชั่วโมง พร้อมหน้าจอ AMOLED สว่างสู้แดด และฟีเจอร์ Galaxy AI","฿5,990.00","Samsung Galaxy Watch 8 BT 40mm สี Graphite สวมใส่สบายตลอด 24 ชั่วโมง พร้อมหน้าจอ AMOLED สว่างสู้แดด และฟีเจอร์ Galaxy AI","https://www.lazada.co.th/products/pdp-i5252832372.html","5"
"1791087896-40","https://www.lazada.co.th/tag/%E0%B8%99%E0%B8%B2%E0%B8%AC%E0%B8%B4%E0%B8%81%E0%B8%B2-galaxy-watch-8/?q=%E0%B8%99%E0%B8%B2%E0%B8%AC%E0%B8%B4%E0%B8%81%E0%B8%B2%20galaxy%20watch%208&catalog_redirect_tag=true","สมาร์ทวอทช์ Samsung Galaxy Watch 8 40mm (สินค้ารับประกัน1ปี) By TG","฿12,495.00","สมาร์ทวอทช์ Samsung Galaxy Watch 8 40mm (สินค้ารับประกัน1ปี) By TG","https://www.lazada.co.th/products/pdp-i5248017701.html","5"
