brand,model,platform,product_name,price,rating
Apple,Apple Watch Series 10,Lazada,"Apple Watch Series 10(2024) GPS 42mm,46mm - Aluminium Case with Sport Loop",15900.0,5.0
Apple,Apple Watch Series 10,Shopee,Apple Watch Series 10 GPS + Cellular 42mm Titanium Case with Sport Band,18130.0,4.8
Apple,Apple Watch Series 10,Shopee,Apple Watch Series 10 GPS+Cellular Titanium Case สาย Milanese Loop I iStudio by SPVi,27200.0,5.0
Apple,Apple Watch Series 9,Lazada,Apple Watch Series 9 GPS+Cellular สาย Sport Loop I iStudio by SPVi,20900.0,5.0
Huawei,Huawei Watch GT 4,Lazada,HUAWEI WATCH GT 4 46mm /41mm สมาร์ทวอทช์ หลากสไตล์บนข้อมือด้วยหน้าจอ AMOLED ผู้ช่วยด้านสุขภาพ,9990.0,
Huawei,Huawei Watch GT 4,Lazada,Huawei WATCH GT 4 SmartWatch NFC Bluetooth Call HarmonyOS 4,3990.0,
Huawei,Huawei Watch GT 4,Lazada,Huawei WATCH GT 4 SmartWatch NFC Bluetooth Call HarmonyOS 4,3990.0,5.0
Huawei,Huawei Watch GT 4,Lazada,"Huawei Watch Gt 4 41mm (Light Gold Edition) Genuine, Brand New, with 1 Year Warranty (Stock Item)",3990.0,
Huawei,Huawei Watch GT 4,Shopee,Huawei WATCH GT 4 SmartWatch NFC Bluetooth Call HarmonyOS 4,3690.0,5.0
Huawei,Huawei Watch GT 4,Shopee,HUAWEI WATCH GT 4 41mm Silver สมาร์ทวอทช์ ตัวเรือนใหม่ไม่มีตำหนิ,6500.0,4.9
Huawei,Huawei Watch GT 5,Lazada,Huawei Watch Gt 5 46mm Smartwatch |     Battery Life up to 2 Weeks |     Measure Various Aspects of Health.,20980.7,
Huawei,Huawei Watch GT 5,Lazada,HUAWEI WATCH GT 5 | สมาร์ทวอชดีไซน์สวยฟังก์ชั่นครบ ใช้ได้ทั้ง iOSและAndroid,4990.0,5.0
Huawei,Huawei Watch GT 5,Shopee,HUAWEI WATCH GT 5 | สมาร์ทวอชดีไซน์สวยฟังก์ชั่นครบ ใช้ได้ทั้ง iOSและAndroid,4990.0,4.9
Huawei,Huawei Watch GT 5,Shopee,"Huawei Watch GT5 (46"") สินค้าเคลียสตอค ประกันร้าน",4080.0,5.0
Huawei,Huawei Watch GT 5,Shopee,HUAWEI WATCH GT 5 | สมาร์ทวอชดีไซน์สวยฟังก์ชั่นครบ ใช้ได้ทั้ง iOSและAndroid,4990.0,5.0
Huawei,Huawei Watch Ultimate,Lazada,Huawei Watch Ultimate Expedition Black สมาร์ทวอทช์ 48 MM ประกันศูนย์,23900.0,
Huawei,Huawei Watch Ultimate,Lazada,Huawei Watch Ultimate (Blue) New Device (Non-Chinese Rom) Can Be Used Just Like a Normal Thai Device in Every Way.,14900.0,
Huawei,Huawei Watch Ultimate,Shopee,HUAWEI WATCH ULTIMATE GREEN ตัวเรือนสวย อุปกรณ์ครบ,19900.0,4.9
Huawei,Huawei Watch Ultimate,Shopee,Huawei WATCH Ultimate GREEN,19900.0,5.0
Samsung,Galaxy Watch Ultra,Lazada,Samsung Galaxy Watch Ultra 2025 LTE 47mm สมาร์ทวอทช์พรีเมี่ยม Titanium จอ Sapphire AI Health GPS แท้ศูนย์,28990.0,
Samsung,Galaxy Watch Ultra,Lazada,Samsung Galaxy Watch Ultra 2025 ประกันศูนย์ Samsung 1ปี,17990.0,
Samsung,Galaxy Watch Ultra,Lazada,Samsung Galaxy Watch Ultra 2025 LTE นาฬิกาอัจฉริยะ 47mm ดีไซน์ Titanium หน้าจอ Sapphire Crystal ฟีเจอร์สุขภาพ AI,29950.0,
Samsung,Galaxy Watch Ultra,Lazada,Samsung Galaxy Watch Ultra LTE GY ประกันศูนย์,23390.0,
Samsung,Galaxy Watch Ultra,Lazada,Samsung Galaxy Watch Ultra 2025 LTE Titanium Blue โดย สยามทีวี by Siam T.V.,22410.0,
Samsung,Galaxy Watch Ultra,Lazada,"Samsung Galaxy Watch Ultra (LTE, 47mm) ประกันศูนย์",23350.0,
Samsung,Galaxy Watch Ultra,Lazada,สมาร์ทวอชท์ Samsung Galaxy Watch Ultra LTE 47mm สี Titanium Gray รุ่น LTE ประกันศูนย์,23350.0,
Samsung,Galaxy Watch Ultra,Lazada,"Samsung Galaxy Watch Ultra (LTE, 47mm)  ( รุ่น SS-AC-L705(TG)  ) ประกันศูนย์",23769.0,
Samsung,Galaxy Watch Ultra,Lazada,Samsung Galaxy Watch Ultra (สินค้าเครื่องศูนย์ไทย ของแท้แน่นอน)(รับประกันร้าน) จัดส่งฟรี!!!,13980.0,
Samsung,Galaxy Watch Ultra,Lazada,Samsung Galaxy Watch Ultra 2025 เครื่องศูนย์ไทย,14290.0,
Samsung,Galaxy Watch Ultra,Lazada,"Samsung Galaxy Watch Ultra
ประกันศูนย์ Samsung 1ปี",15990.0,
Samsung,Galaxy Watch Ultra,Lazada,Samsung Galaxy Watch Ultra (สินค้าของแท้แน่นอน100% เครื่องศูนย์ไทย) รับประกันร้าน 1 เดือน จัดส่งฟรี),12980.0,5.0
Samsung,Galaxy Watch Ultra,Lazada,Samsung Galaxy Watch Ultra 2025 เครื่องศูนย์ไทย,14290.0,5.0
Samsung,Galaxy Watch Ultra,Lazada,SAMSUNG Galaxy Watch Ultra สมาร์ทวอช Amoled 1.5นิ้ว ไทเทเนี่ยม สำหรับ Andriod เท่านั้น ประกันศูนย์,13890.0,
Samsung,Galaxy Watch Ultra,Lazada,Samsung Galaxy Watch Ultra(2025) 64GB LTE,18790.0,4.9
Samsung,Galaxy Watch Ultra,Lazada,Samsung Galaxy Watch Ultra (2025) (47mm) (สินค้ารับประกัน1ปี) By TG,26145.0,4.6
Samsung,Galaxy Watch Ultra,Lazada,SAMSUNG Galaxy Watch Ultra สมาร์ทวอช Amoled 1.5นิ้ว ไทเทเนี่ยม สำหรับ Andriod เท่านั้น ประกันศูนย์,6800.0,5.0
Samsung,Galaxy Watch Ultra,Lazada,SAMSUNG Galaxy Watch Ultra สมาร์ทวอช Amoled 1.5นิ้ว ไทเทเนี่ยม สำหรับ Andriod เท่านั้น ประกันศูนย์,6500.0,3.0
Samsung,Galaxy Watch Ultra,Lazada,Samsung Galaxy Watch Ultra(2025) 64GB LTE,13790.0,5.0
Samsung,Galaxy Watch Ultra,Shopee,Samsung Galaxy Watch Ultra (2025 Edition) 47mm LTE Smartwatch,14405.0,5.0
Samsung,Galaxy Watch Ultra,Shopee,"Samsung Galaxy Watch Ultra (2024)(LTE, 47mm) Galaxy AI สมาร์ทวอทช์ ของใหม่ แท้จากศูนย์ รับประกันศูนย์ซัมซุง  netplus",17880.0,4.9
Samsung,Galaxy Watch Ultra,Shopee,Samsung Galaxy Watch Ultra 2025 ประกันศูนย์ Samsung 1ปี,17490.0,5.0
Samsung,Galaxy Watch Ultra,Shopee,Samsung Galaxy Watch Ultra 2025 LTE Titanium,19175.0,5.0
Samsung,Galaxy Watch Ultra,Shopee,Samsung Galaxy Watch Ultra 2025 เครื่องศูนย์ไทย,14290.0,5.0
Samsung,Galaxy Watch Ultra,Shopee,***แท้ศูนย์ไทย ร่วมโค้ด 2025 Galaxy Watch Ultra LTE,16999.0,5.0
Samsung,Galaxy Watch Ultra,Shopee,Samsung Galaxy Watch Ultra 2025  (สินค้ารับประกันศูนย์ 1ปี),26399.0,5.0
Samsung,Galaxy Watch Ultra,Shopee,Samsung Galaxy Watch Ultra 2025 LTE ***ประกันศูนย์ไทย 1 ปี***,19920.0,5.0
Samsung,Galaxy Watch Ultra,Shopee,[NEW ARRIVAL] Samsung Galaxy Watch Ultra [2025] SM-L705 (WiFi + LTE) Smartwatch – BRAND NEW,17067.0,4.0
Samsung,Galaxy Watch Ultra,Shopee,# Samsung Galaxy Watch Ultra-2025-64GB-LTE-ศูนย์ไทยใหม่มาก,13900.0,4.9
Samsung,Galaxy Watch Ultra,Shopee,Samsung Galaxy watch Ultra,12990.0,5.0
Samsung,Galaxy Watch Ultra,Shopee,SAMSUNG GALAXY WATCH ULTRA TITANIUM,32790.0,4.9
Samsung,Galaxy Watch Ultra,Shopee,Samsung Galaxy Watch Ultra 2025 | Titanium Blue | Smartwatch Body Terminal | Samsung Genuine Domestic Regular Product | Released in 2025 | Felica compatible | 5ATM+IP68 | Bluetooth v5.3 | Dual GPS equipped | Calling function | Up to 60 hours of battery li,34055.0,4.9
Samsung,Galaxy Watch7,Lazada,นาฬิกาอัจฉริยะ Galaxy Watch 7 รุ่นใหม่ ขนาด 44 มม. สำหรับผู้ชาย รองรับการผ่านบลูทูธ ตรวจสุขภาพ ฟิตเนส กีฬา วัดออกซิเจนในเลือด สมาร์ทวอทช์สำหรับผู้ชาย รองรับ Android และ IOS,1047.45,
Samsung,Galaxy Watch7,Lazada,นาฬิกาอัจฉริยะ Galaxy Watch 7 รุ่นใหม่ ขนาด 44 มม. สำหรับผู้ชาย รองรับการผ่านบลูทูธ ตรวจสุขภาพ ฟิตเนส กีฬา วัดออกซิเจนในเลือด สมาร์ทวอทช์สำหรับผู้ชาย รองรับ Android และ IOS,1045.21,
Samsung,Galaxy Watch7,Lazada,2025 นาฬิกาสมาร์ทวอทช์ Samsung Galaxy Watch 7 GPS ติดตามสำหรับผู้ชายและผู้หญิง Amoled แสดงผลตลอดเวลา นาฬิกาวัดอุณหภูมิร่างกาย BT สนทนา นาฬิกาสมาร์ทวอทช์ ผ่านบลูทูธ,1159.17,
Samsung,Galaxy Watch7,Lazada,สมาร์ทวอทช์ Samsung Galaxy Watch 7 รุ่นปี 2025 พร้อมระบบติดตาม GPS สำหรับผู้ชายและผู้หญิง หน้าจอ AMOLED เปิดตลอดเวลา วัดอุณหภูมิร่างกาย รองรับการสนทนาผ่านบลูทูธ,826.39,
Samsung,Galaxy Watch7,Lazada,นาฬิกาอัจฉริยะ Galaxy Watch 7 ใหม่ ขนาด 44 มม. สำหรับผู้ชาย ผ่านบลูทูธ ตรวจสอบสุขภาพ ฟิตเนส กีฬา อัตราการเต้นของหัวใจ ออกซิเจนในเลือด สมาร์ทวอทช์ผู้ชาย Android IOS,579.21,
Samsung,Galaxy Watch7,Lazada,"Galaxy Watch7 (40mm, BT) Smartwatch ประกันศูนย์",10659.0,
Samsung,Galaxy Watch7,Lazada,Samsung Galaxy Watch7 40mm,10900.0,
Samsung,Galaxy Watch7,Lazada,"Samsung Galaxy Watch 7 AI
ประกันศูนย์ Samsung 1ปี",7490.0,5.0
Samsung,Galaxy Watch7,Lazada,***แท้ศูนย์ไทย ร่วมโค้ด Galaxy Watch 7,6999.0,5.0
Samsung,Galaxy Watch7,Lazada,สมาร์ทวอทช์ Samsung Galaxy Watch7 AI Bluetooth 40mm,5899.0,
Samsung,Galaxy Watch7,Lazada,"Samsung Galaxy Watch7 AI สมาร์ทวอทช์ ระบบบลูทูธ 40MM,44MM",4990.0,5.0
Samsung,Galaxy Watch7,Lazada,"Samsung Galaxy  Watch7 40mm Green  📍ราคา 3,500 - 📍",3500.0,
Samsung,Galaxy Watch7,Lazada,นาฬิกาอัจฉริยะ Galaxy Watch 7 ใหม่ ขนาด 44 มม. สำหรับผู้ชาย ผ่านบลูทูธ ตรวจสอบสุขภาพ ฟิตเนส กีฬา อัตราการเต้นของหัวใจ ออกซิเจนในเลือด สมาร์ทวอทช์ผู้ชาย Android IOS,566.35,5.0
Samsung,Galaxy Watch7,Shopee,Samsung ของแท้) Galaxy Watch 7 40mm(L305) / 44mm(L315) (ใหม่) Smart Watch  (LTE GPS Cellular)-New,11618.0,5.0
Samsung,Galaxy Watch7,Shopee,Samsung Galaxy Watch 7 ประกันศูนย์ Samsung 1ปี,7990.0,5.0
Samsung,Galaxy Watch7,Shopee,"【NEW】2025 Galaxy Watch7 1.45"" waterproof IP68 supports GPS NFC smartwatch Bluetooth fitness smartwatch sports fitness",429.0,4.0
Samsung,Galaxy Watch7,Shopee,"Galaxy Watch 7 สมาร์ทวอทช์สีเงิน - โทรไร้สาย, โทรศัพท์บลูทูธ, หน้าปัดนาฬิกาปรับแต่งได้, สไตล์สปอร์ต",670.0,5.0
Samsung,Galaxy Watch7,Shopee,ใหม่ Galaxy Watch 7 สมาร์ทวอท์ช 44 มม.ผู้ชายบลูทูธโทรสุขภาพ Monitor ฟิตเนสกีฬา Heart Rate เลือดออกซิเจนผู้ชาย Smartwatch Andriod IOS,563.0,4.4
Samsung,Galaxy Watch7,Shopee,Samsung Galaxy Watch 7 AI ประกันศูนย์ Samsung 1ปี,7990.0,5.0
Samsung,Galaxy Watch7,Shopee,Galaxy Watch7 AI สมาร์ทวอทช์ ระบบบลูทูธ 40MM เครื่องไทย,6990.0,5.0
Samsung,Galaxy Watch7,Shopee,❥ ใหม่galaxy Watch 7 Smartwatch GPS Track Men Amoledเสมอแสดงอุณหภูมิร่างกายนาฬิกาbt Call Smartw,1624.0,
Samsung,Galaxy Watch7,Shopee,Samsung Galaxy Watch7 40mm สี Cream/ Green,10900.0,4.9
Samsung,Galaxy Watch7,Shopee,"Galaxy Watch7 (40mm, BT) Smartwatch ประกันศูนย์",10659.0,4.9
Samsung,Galaxy Watch7,Shopee,"New-Samsung Galaxy Watch 7 40mm,44mm (LTE /BT )-ใหม่",9180.0,4.9
Samsung,Galaxy Watch7,Shopee,Samsung Galaxy Watch 7 SM-L300 l L310 (WiFi) / L305 l L315 (WiFi + LTE) Smartwatch – BRAND NEW,9286.0,4.8
Samsung,Galaxy Watch7,Shopee,Galaxy Watch7 44mm | Green | Smartwatch Body Device | Samsung Genuine Domestic Regular Product | SM-L310NZGJXJP,20995.0,4.9
Samsung,Galaxy Watch8,Lazada,"Samsung Galaxy Watch 8 (Bluetooth, 44 mm) สี Graphite รุ่น SM-L330NDAAASA",15619.0,
Samsung,Galaxy Watch8,Lazada,สมาร์ทวอทช์ Samsung Galaxy Watch 8 40mm (Bluetooth)  ขนาด 1.3 นิ้ว Amoled แบต325mAh จอวัสดุพรีเมี่ยม,11900.0,
Samsung,Galaxy Watch8,Lazada,"สมาร์ทวอชท์ Samsung Galaxy Watch8 (Bluetooth, 40 mm) ประกันศูนย์",11819.0,
Samsung,Galaxy Watch8,Lazada,สมาร์ทวอทช์ Samsung Galaxy Watch 8 44mm (Bluetooth)  ขนาด 1.47 นิ้ว Amoled แบต435mAh จอวัสดุพรีเมี่ยม,13900.0,
Samsung,Galaxy Watch8,Lazada,Samsung Galaxy Watch 8 ประกันศูนย์ Samsung 1ปี,10990.0,5.0
Samsung,Galaxy Watch8,Lazada,Samsung Galaxy Watch8 BT 40/44mm,10000.0,
Samsung,Galaxy Watch8,Lazada,สมาร์ทวอทช์ Samsung Galaxy Watch8 40mm (Bluetooth) เลือกสีได้ by Banana IT,12693.0,5.0
Samsung,Galaxy Watch8,Lazada,***แท้ศูนย์ไทย ร่วมโค้ด Galaxy Watch 8,9999.0,5.0
Samsung,Galaxy Watch8,Lazada,Samsung Galaxy Watch 8 [40/44 mm] AI smart watch,7790.0,
Samsung,Galaxy Watch8,Lazada,สมาร์ทวอชท์ SAMSUNG Galaxy Watch 8 40mm ประกันศูนย์,12119.0,
Samsung,Galaxy Watch8,Lazada,"Samsung Galaxy Watch8 (Bluetooth, 40 mm) สมาร์ทวอทช์ AI",11900.0,5.0
Samsung,Galaxy Watch8,Lazada,Samsung Galaxy Watch8 40 mm Bluetooth Silver โดย สยามทีวี by Siam T.V.,13090.0,
Samsung,Galaxy Watch8,Lazada,Samsung Galaxy Watch8 40 mm Bluetooth Graphite โดย สยามทีวี by Siam T.V.,13090.0,
Samsung,Galaxy Watch8,Lazada,Samsung Galaxy Watch8 ซัมซุง สมาร์ทวอทช์ สายสีขาว หน้าจอ 44 มิลลิเมตร แสดงผลดอกไม้,5820.0,
Samsung,Galaxy Watch8,Lazada,"Samsung Galaxy Watch8 40,44mm BT ซัมซุง สมาร์ทวอทช์ สายยางสีเทา หน้าปัดวงกลม แสดงเวลาและวันที่",5133.0,
Samsung,Galaxy Watch8,Lazada,Samsung Galaxy Watch8 44mm (BT) (สินค้ารับประกันศูนย์ 1ปี),6900.0,1.0
Samsung,Galaxy Watch8,Lazada,ซัมซุง Samsung Galaxy Watch8  นาฬิกาอัจฉริยะ สายยางสีเทา designed to fit comfortably on various wrist sizes.,5120.0,
Samsung,Galaxy Watch8,Lazada,"Samsung Galaxy Watch8 40,44mm BT",8130.0,5.0
Samsung,Galaxy Watch8,Lazada,"Samsung Galaxy Watch8 (Bluetooth, 44 mm) สมาร์ทวอทช์ AI",5500.0,4.7
Samsung,Galaxy Watch8,Lazada,💢Samsung Galaxy Watch 8💢AI smart watch ใหม่มือ1️⃣ ของแท้ศูนย์ไทย 💯%,6417.87,
Samsung,Galaxy Watch8,Lazada,"Samsung Galaxy Watch8 40,44mm BT",6849.0,5.0
Samsung,Galaxy Watch8,Lazada,Samsung Galaxy Watch 8 BT 40mm สี Graphite สวมใส่สบายตลอด 24 ชั่วโมง พร้อมหน้าจอ AMOLED สว่างสู้แดด และฟีเจอร์ Galaxy AI,5990.0,5.0
Samsung,Galaxy Watch8,Lazada,สมาร์ทวอทช์ Samsung Galaxy Watch 8 40mm (สินค้ารับประกัน1ปี) By TG,12495.0,5.0
Samsung,Galaxy Watch8,Shopee,Samsung Galaxy Watch8 40mm Bluetooth,7900.0,5.0
Samsung,Galaxy Watch8,Shopee,Samsung Galaxy Watch 8 [40/44 mm] AI smart watch,7790.0,5.0
Samsung,Galaxy Watch8,Shopee,"Galaxy Watch 8 (40"")(44"") สินค้าของแท้ศูนย์ไทยแท้ ค้างสต็อก ประกันร้านเท่านั้น",6980.0,5.0
Samsung,Galaxy Watch8,Shopee,"Samsung Galaxy Watch8 (Bluetooth, 40 mm) สมาร์ทวอทช์ AI",10900.0,5.0
Samsung,Galaxy Watch8,Shopee,Samsung Galaxy Watch 8 ประกันศูนย์ Samsung 1ปี,10590.0,5.0
Samsung,Galaxy Watch8,Shopee,Samsung Galaxy Watch 8 Bluetooth Smartwatch (40/44mm) นาฬิกาสมาร์ทวอทช์ ของซัมซุง หน้าจอ 1.47“  ประกันศูนย์ 1ปี,8490.0,5.0
Samsung,Galaxy Watch8,Shopee,Samsung Galaxy Watch 8 Bluetooth Smartwatch (40/44mm),8690.0,4.9
Samsung,Galaxy Watch8,Shopee,***แท้ศูนย์ไทย ร่วมโค้ด Galaxy Watch 8,9999.0,5.0
Samsung,Galaxy Watch8,Shopee,"Samsung Galaxy Watch 8 40mm, 44mm LTE (SM-L325)*",16703.0,5.0
Samsung,Galaxy Watch8,Shopee,Samsung Galaxy Watch8 40mm (BT) (สินค้ารับประกันศูนย์ 1ปี),12619.0,5.0
Samsung,Galaxy Watch8,Shopee,"Samsung Galaxy Watch 8 (Bluetooth, 44 mm) สี Graphite รุ่น SM-L330NDAAASA",15459.0,5.0
Samsung,Galaxy Watch8,Shopee,"Samsung Galaxy Watch 8 (2025), Graphite, 40mm, สมาร์ทวอทช์บลูทูธ",15927.0,
Samsung,Galaxy Watch8,Shopee,"Samsung Galaxy Watch 8 (Bluetooth, 44 mm) รุ่น SM-L330NDAAASA สี Graphite",16009.0,4.9
Samsung,Galaxy Watch8,Shopee,Samsung Galaxy Watch8 สมาร์ทวอทช์ ระบบบลูทูธ 40mm,9520.0,5.0
Samsung,Galaxy Watch8,Shopee,Samsung Galaxy Watch 8 Bluetooth Smartwatch,10747.0,5.0
