web_scraper_order,web_scraper_start_url,pagination,price,product_name,rating_score,historical_sold
"1791081463-1","https://shopee.co.th/search?keyword=huawei%20watch%20gt%204&page=3","","247","แฟชั่นกีฬาสแตนเลสตาข่ายวงสำหรับ Huawei watch3 watch4pro GT4 GT3 gt2e gt3pro gt5 gt3se b5 b6","4.5","ขายแล้ว 57 ชิ้น"
"1791081463-2","https://shopee.co.th/search?keyword=huawei%20watch%20gt%204&page=3","","249","ซึ่งเป็นแม่เหล็ก สายนาฬิกา สาย huawei watch gt 7 / huawei watch gt 6 สาย huawei watch gt 5 สาย 46mm huawei watch gt 4 สายนาฬิกา Huawei gt4 , Huawei GT7 / Huawei GT6 / Huawei watch GT5 pro Strap Amazfit GTR 4 /GT2e/ gt3 /  amazfit bip 5 นาฬิกา Amazfit GTS","4.9","ขายแล้ว 591 ชิ้น"
"1791081463-3","https://shopee.co.th/search?keyword=huawei%20watch%20gt%204&page=3","","86","Watch Strap For สาย Huawei watch gt 7 pro สาย huawei watch gt 6 สาย huawei watch gt 5 Strap huawei gt 4 Strap Huawei GT7 สาย huawei gt6 / huawei gt5 /gt4/GT3/ Huawei GT6 สาย Amazfit Bip 6 /BIP5/ Amazfit Bip 3 สายนาฬิกา Amazfit Bip 6 /BIP5/BIP3/ GTS3 สาย","4.9","ขายแล้ว 337 ชิ้น"
"1791081463-4","https://shopee.co.th/search?keyword=huawei%20watch%20gt%204&page=3","","271","Yourstar Zhang Jingyi สไตล์เดียวกันเหมาะสําหรับ Huawei gt6 สาย gt5 นาฬิกา watch5 แม่เหล็ก gt4 ซิลิโคนสมาร์ท watchgt6 ผู้หญิง pro สไตล์ใหม่ gt3 สตรี gt2 กีฬาผู้ชาย gt","5.0","ขายแล้ว 5 ชิ้น"
"1791081463-5","https://shopee.co.th/search?keyword=huawei%20watch%20gt%204&page=3","","150","for huawei watch GT4 GT 4 สายนาฬิกาสายซิลิโคน สายสำรอง huawei watch GT4 GT 4 46mm 41mm สายรัด สายรัดข้อมือกีฬา","4.8","ขายแล้ว 345 ชิ้น"
"1791081463-6","https://shopee.co.th/search?keyword=huawei%20watch%20gt%204&page=3","","180","Casio สไตล์ซิลิโคนสําหรับนาฬิกา Huawei GT5 46 มม.สายซิลิโคน + สําหรับ Huawei นาฬิกา GT4 GT3 46 มม.เกราะ TPU 2 in 1 Integral Watchband พร้อมฝาครอบป้องกันกรณี","4.8","ขายแล้ว 975 ชิ้น"
"1791081463-7","https://shopee.co.th/search?keyword=huawei%20watch%20gt%204&page=3","","3,690","Huawei WATCH GT 4 SmartWatch NFC Bluetooth Call HarmonyOS 4","5.0","ขายแล้ว 3 ชิ้น"
"1791081463-8","https://shopee.co.th/search?keyword=huawei%20watch%20gt%204&page=3","","53","Magnetic Infinite ปรับสายนาฬิกาสําหรับนาฬิกา Huawei GT6 Pro GT5 GT4 GT3 46 มม.GT3 Pro 43 มม.","4.9 คะแนน",""
"1791081463-9","https://shopee.co.th/search?keyword=huawei%20watch%20gt%204&page=3","","49","สายนาฬิกาข้อมือซิลิโคน สําหรับ Huawei Watch GT4 46mm GT3 42mm. 46mm. GT 2 2e 3 SE GT2 Pro 22mm","5.0","ขายแล้ว 66 ชิ้น"
"1791081463-10","https://shopee.co.th/search?keyword=huawei%20watch%20gt%204&page=3","","59","เคส PC+GLASS แบบแข็ง และฟิล์มกระจก กันกระแทก สําหรับ Huawei Watch GT4 Huawei Watch GT4 41mm. 46mm.","5.0","ขายแล้ว 10 ชิ้น"
"1791081463-11","https://shopee.co.th/search?keyword=huawei%20watch%20gt%204&page=3","","43","ซิลิโคนแม่เหล็กหัวเข็มขัดสําหรับผู้เบิกทาง การ์มิน 70 170 265 255 245 645 55 165 158 เวนู2 45มม. Venu3 vivoactive4 245M 645M Venu 2 3 สีลูกกวาดนาฬิกาสร้อยข้อมือห่วง","4.9","ขายแล้ว 10พัน+ ชิ้น"
"1791081463-12","https://shopee.co.th/search?keyword=huawei%20watch%20gt%204&page=3","","109","20/22 มม.สายนาฬิกาหนัง PU สําหรับ Huawei นาฬิกา GT6 GT5 GT4 GT3 Pro GT2 42 มม.46 มม.GT 2 2e 3 SE 4 5 6 / Honor MagicWatch 2","4.8","ขายแล้ว 378 ชิ้น"
"1791081463-13","https://shopee.co.th/search?keyword=huawei%20watch%20gt%204&page=3","","473","สายนาฬิกาสแตนเลสสําหรับ Huawei Watch 3 / 4 - GT2 / GT2 Pro/GT3 Pro/GT4/ GT5 Pro","4.8","ขายแล้ว 45 ชิ้น"
"1791081463-14","https://shopee.co.th/search?keyword=huawei%20watch%20gt%204&page=3","","145","18 มม.สายซิลิโคนอ่อนนุ่ม (ไม่มีนาฬิกา) สําหรับ Huawei Watch GT6/GT5/GT4 41 มม.สําหรับ Garmin 265S 255S Venu 3S 2S Vivoactive 4S/3S สายรัดสําหรับผู้หญิง","4.5","ขายแล้ว 17 ชิ้น"
"1791081463-15","https://shopee.co.th/search?keyword=huawei%20watch%20gt%204&page=3","","70","ฟิล์มกระจกนิรภัยกันรอยหน้าจอ อุปกรณ์เสริม สําหรับ Huawei Watch gt 4 46 มม. 41 มม. GT4 3 ชิ้น","4.7","ขายแล้ว 214 ชิ้น"
"1791081463-16","https://shopee.co.th/search?keyword=huawei%20watch%20gt%204&page=3","","26","เคสป้องกันหน้าจอ สําหรับ Huawei watch GT 4 3 2 41/46 มม. 42 มม. 43 มม. Honor watch 4 pro","4.7","ขายแล้ว 79 ชิ้น"
"1791081463-17","https://shopee.co.th/search?keyword=huawei%20watch%20gt%204&page=3","","160","Hollow Watch เคส สาย Huawei Watch GT 7 Strap Huawei watch GT 6 สาย Nylon สาย Huawei watch GT 5 Strap สาย huawei gt7 strap huawei GT4 สาย huawei GT5 /  huawei GT6 / huawei gt 7 / Huawei watch GT 4 Strap Huawei watch GT 7 สาย Soft เคส Huawei Watch GT 7 Case","4.9","ขายแล้ว 38 ชิ้น"
"1791081463-18","https://shopee.co.th/search?keyword=huawei%20watch%20gt%204&page=3","","75","18 มม.20 มม.22 มม.ซิลิโคนสําหรับ Huawei นาฬิกา GT7 GT6 GT5 GT3 GT4 SE GT2 GT2e Watch4 Watch3 Pro GT 2 3 4 5 6 2e 41 มม.42 มม.43 มม.46 มม.GTBand นักวิ่ง 2 สี","4.8 คะแนน",""
"1791081463-19","https://shopee.co.th/search?keyword=huawei%20watch%20gt%204&page=3","","31","9Gadget - กระจก 2.5D - นาฬิกา Huawei Watch GT 5 4 46มม. ฟิล์มกันรอย เต็มจอ - Premium 2.5D Curved Tempered Glass","4.8","ขายแล้ว 296 ชิ้น"
"1791081463-20","https://shopee.co.th/search?keyword=huawei%20watch%20gt%204&page=3","","295","TPUเกราะซิลิโคนสําหรับHUAWEIนาฬิกาGT6/GT5 46MM Watchbandกีฬากันน้ําคลุมทั้งหมดป้องกันกรณีสําหรับHUAWEI GT4/GT3/GT2 46 มม.เปลี่ยนวง","4.7","ขายแล้ว 253 ชิ้น"
"1791081463-21","https://shopee.co.th/search?keyword=huawei%20watch%20gt%204&page=3","","76","เคส huawei watch gt4 เคสกระจกนิรภัย PC เคส huawei watch gt 4 Cover แบบแข็ง เคส huawei gt4 Case ป้องกันหน้าจอ สําหรับ huawei watch gt 4 case Full Covered PC Hard Tempered Glass Cover For Huawei Watch gt 4 Case Full Protective Huawei gt4 Case","4.8","ขายแล้ว 158 ชิ้น"
"1791081463-22","https://shopee.co.th/search?keyword=huawei%20watch%20gt%204&page=3","","72","สายนาฬิกาข้อมือ ซิลิโคน สีพื้น สําหรับ Huawei Watch GT4 46 มม. Huawei Watch 4 Pro 3 Pro Ultimate Huawei Gt 2e GT3 GT2 Pro ขนาด 46 มม.","4.8","ขายแล้ว 7พัน+ ชิ้น"
"1791081463-23","https://shopee.co.th/search?keyword=huawei%20watch%20gt%204&page=3","","66","แก้ว + กรณีขนาดสําหรับ Huawei นาฬิกา GT2 GT3 GT4 GTG5 GT2e Pro Ultimate 46 มม.กระจกนิรภัยป้องกันหน้าจอและ Hard PC ป้องกันกันชนสําหรับ Huawei GT2 GT3 GT4 GT2e ฝาครอบเครื่องประดับ","4.5","ขายแล้ว 65 ชิ้น"
"1791081463-24","https://shopee.co.th/search?keyword=huawei%20watch%20gt%204&page=3","","396","สายหนังแท้สําหรับ Huawei GT2 42มม., GT3 Pro 46มม., GT5 41มม., GT6, watch3, watch4, watch5 - เหมาะกับเคส 20มม. หัวบัคเคิล","5.0","ขายแล้ว 496 ชิ้น"
"1791081463-25","https://shopee.co.th/search?keyword=huawei%20watch%20gt%204&page=3","","39","18 มม.22 มม.สายนาฬิกาซิลิโคนสําหรับนาฬิกา Huawei GT6 GT5 GT4 41 มม.46 มม.GT 4 5 6 Pro สร้อยข้อมือ","4.9","ขายแล้ว 384 ชิ้น"
"1791081463-26","https://shopee.co.th/search?keyword=huawei%20watch%20gt%204&page=3","","87","18mm Silicone Textured Huawei watch gt 7 สาย Soft huawei watch gt 6 สาย Huawei watch gt 4 สายนาฬิกา Huawei gt 4 Strap สาย Huawei watch gt 7 Strap Huawei gt6 / Huawei gt5 /GT4/ Huawei gt7 สาย Garmin Venu 4S / Garmin Venu 3S / Garmin Forerunner 265S สาย","5.0","ขายแล้ว 164 ชิ้น"
"1791081463-27","https://shopee.co.th/search?keyword=huawei%20watch%20gt%204&page=3","","88","กรณียากพีซี + ฟิล์มแก้วป้องกันหน้าจอสําหรับหัวเว่ยนาฬิกา GT5 มือโปร 46มิลลิเมตรเต็มปกกรณีกรอบป้องกันกรณีสําหรับหัวเว่ย GT4 46มิลลิเมตร41มิลลิเมตรกรณี + ฟิล์มแก้วโปร","4.8","ขายแล้ว 257 ชิ้น"
"1791081463-28","https://shopee.co.th/search?keyword=huawei%20watch%20gt%204&page=3","","51","เคสป้องกันหน้าจอ TPU แบบนิ่ม บางพิเศษ สําหรับ Huawei Watch GT4 46 มม. 41 มม.","4.8","ขายแล้ว 235 ชิ้น"
"1791081463-29","https://shopee.co.th/search?keyword=huawei%20watch%20gt%204&page=3","","182","22 มม.สําหรับนาฬิกา Huawei GT 5/4/3/2 Pro 46 มม.ซิลิโคนสําหรับ Huawei GT5/GT4/GT3/GT2 Pro 46 มม.สายนาฬิกา Correa","5.0","ขายแล้ว 37 ชิ้น"
"1791081463-30","https://shopee.co.th/search?keyword=huawei%20watch%20gt%204&page=3","","77","สําหรับ Huawei GT4 46 มม. หรูหรา ชุบไฟฟ้า TPU นิ่ม นาฬิกา เคสป้องกันหน้าจอ","4.9","ขายแล้ว 130 ชิ้น"
"1791081463-31","https://shopee.co.th/search?keyword=huawei%20watch%20gt%204&page=3","","180","Staineless Steel สาย Huawei watch gt 7 Strap huawei watch gt 6 สายนาฬิกา huawei watch gt 5 Strap สาย Huawei GT7 สาย Huawei GT6 / Huawei Watch GT 4 / Huawei GT5 / GT2e/GT3/GT2 สาย huawei gt5 / Amazfit Bip 5 สาย Huawei watch gt 7 สาย huawei watch gt 6 สาย","4.9","ขายแล้ว 244 ชิ้น"
"1791081463-32","https://shopee.co.th/search?keyword=huawei%20watch%20gt%204&page=3","","94","22 มม.ซิลิโคนสําหรับนาฬิกา Huawei GT6 Pro GT5 GT4 GT3 GT2E 46 มม.สายกีฬาสําหรับ Huawei นาฬิกา 5 4 3 Pro GT 6 Watchband","4.9","ขายแล้ว 105 ชิ้น"
"1791081463-33","https://shopee.co.th/search?keyword=huawei%20watch%20gt%204&page=3","","160","18 20 22 มม.สายหนังสําหรับนาฬิกา Huawei GT6/5/4/3/GT5 pro 46 มม.41 มม./GT Runner 1/2 สายรัดแม่เหล็กสําหรับ Amazfit active2/Bip 5/6 สําหรับผู้ชายและผู้หญิง","4.9","ขายแล้ว 187 ชิ้น"
"1791081463-34","https://shopee.co.th/search?keyword=huawei%20watch%20gt%204&page=3","","154","สร้อยข้อมือซิลิโคนสายคล้องคอสีทนทานสายรัดข้อมืออุปกรณ์เสริมสําหรับ Huawei Watch GT4 GT5 GT6 Pro 46mm / GT Runner 2","4.7","ขายแล้ว 128 ชิ้น"
"1791081463-35","https://shopee.co.th/search?keyword=huawei%20watch%20gt%204&page=3","","89","22 มม.สายนาฬิกาซิลิโคนสําหรับนาฬิกา Huawei GT 5 4 3 2 2E 46 มม.กีฬาสายรัดสําหรับ Huawei GT5 Pro 46 มม.ซิลิโคน Band","4.8","ขายแล้ว 253 ชิ้น"
"1791081463-36","https://shopee.co.th/search?keyword=huawei%20watch%20gt%204&page=3","","36","3 ชิ้น 3D ป้องกันหน้าจอฟิล์มสําหรับนาฬิกา Huawei GT5 Pro GT4 41 มม.42 มม.46 มม.ฝาครอบโค้งป้องกันฟิล์มสําหรับ Huawei สมาร์ทนาฬิกา GT4 5","4.9","ขายแล้ว 162 ชิ้น"
"1791081463-37","https://shopee.co.th/search?keyword=huawei%20watch%20gt%204&page=3","","166","สายรัดซิลิโคนสร้อยข้อมือแม่เหล็กสายรัดข้อมืออุปกรณ์เสริมสําหรับ Huawei Watch GT4 GT5 GT6 Pro 46mm 41mm","4.9","ขายแล้ว 59 ชิ้น"
"1791081463-38","https://shopee.co.th/search?keyword=huawei%20watch%20gt%204&page=3","","27","กระจกนิรภัยป้องกันหน้าจอสําหรับนาฬิกา Huawei GT 7 6 5 4 3 2 2e 1 GT7 GT6 GT5 GT4 GT3 GT2 Pro 46 มม.41 มม.นาฬิกาสมาร์ทป้องกันฟิล์ม","4.8","ขายแล้ว 1พัน+ ชิ้น"
"1791081463-39","https://shopee.co.th/search?keyword=huawei%20watch%20gt%204&page=3","","913","Original Huawei Watch 3/3Pro 4/4pro/GT2 GT3 GT4 GT5 Pro 46mm/GT3 Pro/GT2E/GT3 SE/Buds/GT runner Precision สายเหล็ก GT2Pro ไทเทเนียมสายแม่เหล็ก 22mm Huawei สายนาฬิกา","4.6","ขายแล้ว 141 ชิ้น"
"1791081463-40","https://shopee.co.th/search?keyword=huawei%20watch%20gt%204&page=3","","214","สายซิลิโคนทนทานสายรัดข้อมือสร้อยข้อมืออุปกรณ์เสริมสําหรับ Huawei Watch GT Runner 2 / GT4 GT5 GT6 Pro 46mm","4.8","ขายแล้ว 102 ชิ้น"
"1791081463-41","https://shopee.co.th/search?keyword=huawei%20watch%20gt%204&page=3","","50","18 มม.20 มม.22 มม.ซิลิโคนสําหรับ Huawei Watch GT6 GT5 GT4 46/41 มม.GT3 Pro นาฬิกา 4 Pro GT2 GT2e","4.9","ขายแล้ว 238 ชิ้น"
"1791081463-42","https://shopee.co.th/search?keyword=huawei%20watch%20gt%204&page=3","","19","TPU ป้องกันหน้าจอสําหรับ Huawei Watch GT 6 7 46 มม. 41 มม. GT6 pro","4.8","ขายแล้ว 585 ชิ้น"
"1791081463-43","https://shopee.co.th/search?keyword=huawei%20watch%20gt%204&page=3","","5","ฟิล์มTPU Huawei GT/ GT2/ GT2e/GT2 PRO/GT3/GT4/FIT/FIT2/Honor Magic/Band6/7/Watch D❗ส่งไวราคาถูก👍","4.6","ขายแล้ว 1พัน+ ชิ้น"
"1791081463-44","https://shopee.co.th/search?keyword=huawei%20watch%20gt%204&page=3","","670","PC สําหรับ Huawei Watch GT5 Pro GT5 GT4 46 มม.คุณภาพสูง update to Ultimate อุปกรณ์ป้องกัน","4.8 คะแนน",""
"1791081463-45","https://shopee.co.th/search?keyword=huawei%20watch%20gt%204&page=3","","42","Trail Loop Band ไนลอนกีฬาสําหรับ HUAWEI WATCH GT6 GT5 GT4 GT3 Pro 46 มม.43 มม.Watch4 pro","4.8","ขายแล้ว 584 ชิ้น"
"1791081463-46","https://shopee.co.th/search?keyword=huawei%20watch%20gt%204&page=3","","160","สายหนังซิลิโคนอุปกรณ์เสริมสร้อยข้อมือสําหรับ Huawei Watch GT GT2 GT3 SE GT4 GT5 GT6 Pro 46mm 42mm 43mm GT2e","4.9","ขายแล้ว 5พัน+ ชิ้น"
"1791081463-47","https://shopee.co.th/search?keyword=huawei%20watch%20gt%204&page=3","","28","กีฬาเปลี่ยนสําหรับ Huawei นาฬิกา GT6 6 pro GT 2 3 4 5 6 7 GT2e GT3 SE GT2 pro GT3 pro GT4 pro GT5 pro GT7 pro 46 มม.43 มม.42 มม.นาฬิกา 2 3 4 pro Buds Ultimate สายซิลิโคนผู้ชายผู้หญิง","4.9","ขายแล้ว 407 ชิ้น"
"1791081463-48","https://shopee.co.th/search?keyword=huawei%20watch%20gt%204&page=3","","124","22 มม.สายซิลิโคนระบายอากาศสําหรับ Huawei นาฬิกา GT6/GT5/GT4 46 มม.สําหรับ Ultimate 2/Runner 2 สําหรับ Garmin 265/965/970 Xiaomi นาฬิกา S5/S4/S3 สายรัดกีฬา","5.0","ขายแล้ว 21 ชิ้น"
"1791081463-49","https://shopee.co.th/search?keyword=huawei%20watch%20gt%204&page=3","","62","18 มม.20 มม.22 มม.ซิลิโคนสําหรับนาฬิกา Huawei GT6 GT5 GT3 GT4 SE GT2 GT2e Watch4 Watch3 Pro GT 2 3 4 5 2e 41 มม.42 มม.43 มม.46 มม.สายรัดข้อมือสร้อยข้อมือกีฬา Band","5.0","ขายแล้ว 11 ชิ้น"
"1791081463-50","https://shopee.co.th/search?keyword=huawei%20watch%20gt%204&page=3","","105","18 มม.ซิลิโคนสําหรับนาฬิกา Huawei GT6 GT 5/4 41 มม.GT5 Pro 42 มม.กีฬาสายรัดข้อมือสร้อยข้อมือ","4.8","ขายแล้ว 614 ชิ้น"
"1791081463-51","https://shopee.co.th/search?keyword=huawei%20watch%20gt%204&page=3","","183","สายนาฬิกาข้อมือ สเตนเลส โลหะ สําหรับ Huawei watch gt 4 Strap 41 มม. 46 มม. Huawei GT4 Huawei watch GT4 Huawei GT3 / gt 2pro Strap Amazfit Bip 3 / Amazfit Bip 5","4.8","ขายแล้ว 68 ชิ้น"
"1791081463-52","https://shopee.co.th/search?keyword=huawei%20watch%20gt%204&page=3","","59","สําหรับ Huawei นาฬิกา GT 7 6 5 4 3 2 GT2Pro GT2E GT3Pro GT6Pro GT7Pro สายรัดข้อมือซิลิโคน smartwatch สร้อยข้อมือ","4.9","ขายแล้ว 91 ชิ้น"
"1791081463-53","https://shopee.co.th/search?keyword=huawei%20watch%20gt%204&page=3","","30","ใหม่ กระจกนิรภัยกันรอยหน้าจอ PMMA กันน้ํา สําหรับ Huawei Watch GT4 41 มม. 46 มม. GT 4","4.7","ขายแล้ว 785 ชิ้น"
"1791081463-54","https://shopee.co.th/search?keyword=huawei%20watch%20gt%204&page=3","","223","สายนาฬิกาข้อมือซิลิโคน 20 22 มม. สําหรับ Huawei gt4 GT3 GT2 watch4pro Honor gt4","4.8","ขายแล้ว 76 ชิ้น"
"1791081463-55","https://shopee.co.th/search?keyword=huawei%20watch%20gt%204&page=3","","79","สายเรซินโปร่งใสสร้อยข้อมือแฟชั่นสําหรับนาฬิกา Huawei Watch GT6 6 pro GT 6 5 4 3 2 GT2e GT2 Pro GT3 SE GT3 Pro GT4 5 46 มม.GT5 Pro Buds Ultimate 3 4","5.0","ขายแล้ว 10 ชิ้น"
